path	size	md5
cd/00000000.016	240118	8bbd8284fdab4c2cd7f6e6e4912366fd
cd/00000000.256	481078	8273435e93cca0e2d9114db9066ba1c9
cd/00000001.TMP	2048	cc072b42cc74b7da77cd4074279dea89
cd/AF6FB7B16C77427c9EFB5D54A5D1C7BB.tmp	0	d41d8cd98f00b204e9800998ecf8427e
cd/Autorun.inf	62	0bbc8ecc8de377e48900711b39aac80f
cd/data1.cab	4206704	25489266d8fbd28ddc8876130d284713
cd/data1.hdr	685933	b4ed6e3bf225371cbfd60bc1ab3ca751
cd/data2.cab	282887848	283a1f62ffb60202c3aab622c09e591a
cd/DIRECTX8/BDA.CAB	562524	5eabef6f302917ac8d3d223b56716ef1
cd/DIRECTX8/BDANT.CAB	561179	b921236753971d92ace5a301211fe3c5
cd/DIRECTX8/CFGMGR32.DLL	41984	1fb1bc76d7802828c32a9e23a6e2118e
cd/DIRECTX8/DIRECTX.CAB	14447488	be2620fa9f215afed6fc81529d78d58a
cd/DIRECTX8/DSETUP.DLL	44544	3c3883748479688f9a158992901364e2
cd/DIRECTX8/DSETUP32.DLL	1772544	a677b3f0d1e7ce477c551c34d7b0fdc1
cd/DIRECTX8/DXNT.CAB	10052250	491d7b1c2633973e519f81b09042f9dc
cd/DIRECTX8/DXSETUP.EXE	147456	f05f7b3ada4042ebc3ae6dcc9a54fa91
cd/DIRECTX8/SETUPAPI.DLL	341264	5991908f571101d7dda613dbb679aa5b
cd/drvmgt.dll	35840	566eeaa2a3812eaa2d4da59bf6cd2ca8
cd/FXRoute.exe	176128	a46f82bd1552afd5355a1c5649ffc952
cd/fxroute.ini	93	ed492ae1c2ae28a6199cd8f1eb142fff
cd/Grumpa.ico	1078	f21483d71b16667d977db14191c925ec
cd/ikernel.ex_	344923	4d63bbff28afc7a69b6defaf048306a7
cd/layout.bin	435	f58b34e3dd9649825d6360a8cb769800
cd/Movies/grumpa_death.mpg	1851396	ed25d762cd8989df9476b48979c8b3d7
cd/Movies/grumpa_intro.mpg	16310276	7ac8c3b9ba88090ef26b4ae36f380a60
cd/Movies/grumpa_outro.mpg	3168260	2db798b2fde06f2379c1cf6cbec2b224
cd/Movies/unplug.mpg	1394692	6f983ab77bd3e30b91b1f82769e6ae3c
cd/secdrv.sys	29392	bb6fbebebbd14429021f2851a60d8546
cd/Setup.bmp	481076	6e3c091805cee0f4398b64b0cf22a3ac
cd/Setup.exe	168448	fb6674a519505cc93e28cf600bbc23a3
cd/Setup.ini	184	f400b530d80f11edfff2a8e64929db51
cd/setup.inx	140720	87f45277e312a993f808cd13fd185de0
cab/_Engine_Engine_Files/corecomp.ini	28529	62d5f9827d867eb3e4ab9e6b338348a1
cab/_Engine_Kernel_Placeholder/iKernel.exe	0	d41d8cd98f00b204e9800998ecf8427e
cab/_Engine_ScriptEngine/iscript.dll	225280	b2f7e6dc7e4aae3147fbfc74a2ddb365
cab/_Engine_SelfRegistering/ctor.dll	77824	003a6c011aac993bcde8c860988ce49b
cab/_Engine_SelfRegistering/iuser.dll	176128	377765fd4de3912c0f814ee9f182feda
cab/_Engine_SelfRegistering/objectps.dll	32768	8f02b204853939f8aefe6b07b283be9a
cab/_MFC_6.2_Runtime_NS_NSR_NPL_1_0006_0000000000000000_2/value.shl	967	2f326bbb8838ff88b765e5e94ac44e39
cab/_MFC_6.2_Runtime_NS_NSR_NPL_1_000b_0000000000000000_2/value.shl	967	90251a482db97e190bd9feb2ab44115b
cab/_MFC_6.2_Runtime_NS_NSR_NPL_1_0014_0000000000000000_2/value.shl	967	8a9b871fedeeb9528d78729de9ddfe79
cab/_MFC_6.2_Runtime_NS_NSR_NPL_1_001d_0000000000000000_2/value.shl	967	d0e62a9f92ee9e52276f22b3c12217ff
cab/_MFC_6.2_Runtime_NS_NSR_NPL_1__0000000000000000_1/value.shl	967	ee1151e2f7e092545f5664cfaf24fc05
cab/_MFC_6.2_Runtime_NS_NSR_NPL_1__0000000000000000_2/default.pal	1168	0abafe3f69d053494405061de2629c82
cab/_MFC_6.2_Runtime_NS_NSR_NPL_1__0000000000000000_2/isrt.dll	331776	61c056d2df7ab769d6fd801869b828a9
cab/_MFC_6.2_Runtime_NS_NSR_NPL_1__0000000000000000_3/_IsRes.dll	258048	48ea604d4fa7d9af5b121c04db6a2fec
cab/_MFC_6.2_Runtime_NS_NSR_NPL_1___1/setup.inx	81171	c6253c437e604939b6ea925f8bcaeca7
cab/_MFC_6.2_Runtime_S_NSR_PL_544____WINSYSDIR__1/MSVCP60.DLL	401462	6050bcc1b23f3df7a1876cbdcbac8232
cab/_MFC_6.2_Runtime_S_NSR_PL_544____WINSYSDIR__1/Msvcrt.dll	278581	4300d1a092b91e7c8dfa6f1e5e7973b2
cab/_MFC_6.2_Runtime_S_SR_PL_544__0000000000510000__WINSYSDIR__1/MFC42U.DLL	995384	7835d852e8b1fba9b614b394331cdc0f
cab/_MFC_6.2_Runtime_S_SR_PL_544____WINSYSDIR__1/MFC42.DLL	995383	71ad9ea933ace083add86bbe4f265d8b
cab/_Support_Danish_Files/_IsRes.dll	262144	df85e2b111a6f8eac963c5c32a3a51e6
cab/_Support_Danish_OS_Independent_Files/_IsUser.dll	45056	d43e6a16bbf01afc99a15b681f1207c3
cab/_Support_Danish_OS_Independent_Files/license.txt	4545	498015e42964db41fb952da6e49742fe
cab/_Support_Danish_String_Tables/value.shl	636	027a6fc9f2041252783aa61991087fd5
cab/_Support_Finnish_Files/_IsRes.dll	258048	9622eb1f0fa57c07377fc1632e06fbb7
cab/_Support_Finnish_OS_Independent_Files/_IsUser.dll	45056	f97e28cef8afaf14ac8eb251e370dded
cab/_Support_Finnish_OS_Independent_Files/license.txt	4366	239653e2a6012711c9f54f06c2326085
cab/_Support_Finnish_String_Tables/value.shl	663	39ac4b7b6e9028f698706f08fe92d203
cab/_Support_Language_Independent_OS_Independent_Files/Background.bmp	481080	88afe7a4e28266adb41f862f1b5e3432
cab/_Support_Language_Independent_OS_Independent_Files/Bbrd1.bmp	308280	61d1cdc748e258f2c7560767c6bbc171
cab/_Support_Language_Independent_OS_Independent_Files/Bbrd10.bmp	308280	f370f8ffe278d6db358c2a565cfa8f82
cab/_Support_Language_Independent_OS_Independent_Files/Bbrd11.bmp	308280	a8976909e313ceb0f10932426ae18218
cab/_Support_Language_Independent_OS_Independent_Files/Bbrd12.bmp	308280	c224cce9cbcb6425c7fe870b35ebdaff
cab/_Support_Language_Independent_OS_Independent_Files/Bbrd13.bmp	308280	67a257a74c072edc515f8df714ef39f0
cab/_Support_Language_Independent_OS_Independent_Files/Bbrd14.bmp	308280	85c3df1b23d7ac86d24b7a9c70c95c2a
cab/_Support_Language_Independent_OS_Independent_Files/Bbrd15.bmp	308280	41c71c96ec6db619e13b3616220d1745
cab/_Support_Language_Independent_OS_Independent_Files/Bbrd16.bmp	308280	38489704d8cb29e9b8c23032ad52f92b
cab/_Support_Language_Independent_OS_Independent_Files/Bbrd17.bmp	308280	b03d7bce717db1ce7c6f6937473ee21a
cab/_Support_Language_Independent_OS_Independent_Files/Bbrd18.bmp	308280	599274e8d0d1a9bb665aa8e237b6cd49
cab/_Support_Language_Independent_OS_Independent_Files/Bbrd2.bmp	308280	64fb03a6902c759406f817a185a1cc7d
cab/_Support_Language_Independent_OS_Independent_Files/Bbrd3.bmp	308280	f02173398478263958d78e57e9103037
cab/_Support_Language_Independent_OS_Independent_Files/Bbrd4.bmp	308280	aacdb818c6cecf173719c61bd11f87f2
cab/_Support_Language_Independent_OS_Independent_Files/Bbrd5.bmp	308280	a786a590f04eb8e34963710dcc5c1798
cab/_Support_Language_Independent_OS_Independent_Files/Bbrd6.bmp	308280	3f02d7f1bdc57c06a5c9cc83980809c7
cab/_Support_Language_Independent_OS_Independent_Files/Bbrd7.bmp	308280	ba414cc742f1b97bf48ffb2e00df4237
cab/_Support_Language_Independent_OS_Independent_Files/Bbrd8.bmp	308280	d90e675df4723ac6dc89726f578ae2a8
cab/_Support_Language_Independent_OS_Independent_Files/Bbrd9.bmp	308280	11b9882fa1cc1245ba2a5976c7a87d44
cab/_Support_Non-SelfRegistering/default.pal	1168	0abafe3f69d053494405061de2629c82
cab/_Support_Non-SelfRegistering/isrt.dll	331776	61c056d2df7ab769d6fd801869b828a9
cab/_Support_Norwegian_Files/_IsRes.dll	262144	2722ab902f8fc9132adc3028cba46791
cab/_Support_Norwegian_OS_Independent_Files/_IsUser.dll	45056	35d32a6cbdf4eb828a431bf222cfa8cd
cab/_Support_Norwegian_OS_Independent_Files/license.txt	4743	28e0e21365c63a01accf476c7ab7b1a8
cab/_Support_Norwegian_String_Tables/value.shl	644	73d8fc445556593593e13a9e951ceeca
cab/_Support_Swedish_Files/_IsRes.dll	258048	47360afdd31fa349cbe07093a538cbca
cab/_Support_Swedish_OS_Independent_Files/_IsUser.dll	45056	7984c0a239c4f370aaf42d0ed083bba7
cab/_Support_Swedish_OS_Independent_Files/license.txt	4684	6b0656c3577958e315dbfcd61a7f4677
cab/_Support_Swedish_String_Tables/value.shl	636	46a2f4b79f866074a1d85afdd42c9664
cab/Actors/Characters.abi	51645	f30bdc41acca9ed6213a24b5a693fad5
cab/Actors/global.atx	11533	9ff24335233dca9848829dbb9a2fb479
cab/Actors/global2.atx	435	155453e06371c19ea6244fdb7da6b653
cab/Actors/Items.abi	10528	b1571c25d1da8d744609f48d96244666
cab/Bitmaps/000_Bear.tga	32812	c9999f9d7192a89c7ac4244ad4835a64
cab/Bitmaps/000_Boat.tga	32812	381ec2d66c797f8a5b7188cc7b620c18
cab/Bitmaps/000_Captain.tga	32812	ad9dc74168e3ab9d5e690fb7b9db9428
cab/Bitmaps/000_crab.tga	32812	c85617db789d469b88ba20c0e15c4074
cab/Bitmaps/000_Crocodile.tga	32812	e8b2585ea61c020da64369fe0fd73f0d
cab/Bitmaps/000_CrocodilePirateBoss.tga	32812	80fc71e4f1272e4109ecaf1fc91e68b4
cab/Bitmaps/000_Diver_Pirate_Rat_Boss.tga	32812	714015473cf4d5151a56b05caf15e3f2
cab/Bitmaps/000_Dragonfly.tga	32812	7d90737f4e7068dc7d3c7f83f7a03051
cab/Bitmaps/000_EarthGolem.tga	32812	865c5e77ae3f0d1dff7f864e145107f4
cab/Bitmaps/000_FoxyLady.tga	32812	86d78b6983f77c44bffd875d01fbb844
cab/Bitmaps/000_ghostofgrandfather.tga	131116	ce24c2c5df6354292e56023d55f1bd5e
cab/Bitmaps/000_GiantOctopus.tga	32812	fad305bb793a21ff8e13fdccd58baf01
cab/Bitmaps/000_GiantScorpio.tga	32812	b8943b47dc7997a67eecc99fa78de119
cab/Bitmaps/000_GiantSnake1.tga	65580	2a4b4b6829767c45e0913061de67463e
cab/Bitmaps/000_GiantSpider.tga	32812	75129c63e5c9080e401430758ac8e8b0
cab/Bitmaps/000_grumpa.tga	32812	99fc8c9ff9ef1124ed6ec9cd8b423ae6
cab/Bitmaps/000_Grumpa_Boat.tga	32812	0b30832c14b9d5156d1f71538cbde12e
cab/Bitmaps/000_Grumpa_on_Bear.tga	32812	619b6e2b3ef77d17c32b81c73cf8d2ec
cab/Bitmaps/000_grumpabottle.tga	32812	3c33a4cc62c5aba6c8f0a293afd4d757
cab/Bitmaps/000_GrumpaOnDragonFly.tga	32812	8bc0d3db01fe581ec003330800534767
cab/Bitmaps/000_grumpaseahorse.tga	32812	d26c6007903121c0470d6cb9f4671917
cab/Bitmaps/000_HulkSharlakans.tga	32812	6a962205a9648b02a18a97e382fab37a
cab/Bitmaps/000_HyenaBoss.tga	32812	fc2cd97fe8f5b8f43d33bd429710acc2
cab/Bitmaps/000_IT_Shield.tga	8236	e4e1d9154f69e6a36f29d364a3544408
cab/Bitmaps/000_MonkeyChampion.tga	32812	47f70ccf90cf7eb2069b5855a7ad40e7
cab/Bitmaps/000_MonkeyChampionF.tga	32812	47f70ccf90cf7eb2069b5855a7ad40e7
cab/Bitmaps/000_Nosferatu.tga	32812	c8b14b0723ce4e88e9fcf72e1397b9e7
cab/Bitmaps/000_Parrot.tga	32812	be783b6ce4a3ea0cd1df771401e997ea
cab/Bitmaps/000_Piranha.tga	32812	7672d6cc2be2498a196b49cc973cc7a5
cab/Bitmaps/000_PirateRat1.tga	32812	f84c56ee3ed0a788ea24f16950abe82a
cab/Bitmaps/000_PirateRat2.tga	32812	acfd4e7e01826d69d2660a8493acd9da
cab/Bitmaps/000_PirateRat3.tga	32812	f84c56ee3ed0a788ea24f16950abe82a
cab/Bitmaps/000_PirateRatLeader_Blue.tga	32812	b76dcc151c3cf3248e6f11e7e5103041
cab/Bitmaps/000_PirateRatLeader_red.tga	32812	ebf72d54512335958c3b3bbab7f19d2b
cab/Bitmaps/000_seahorse.tga	32812	e8f836874854d7d91e76fd9bc2b70a00
cab/Bitmaps/000_shark.tga	32812	b32a10b8853b5beee178b15e91836228
cab/Bitmaps/000_Sharlakanskraken.tga	32812	19f6e5fbef5f5f222f0ea79799adc766
cab/Bitmaps/000_Skeleton_Captain.tga	32812	74678b992c860425cecb597209a95d40
cab/Bitmaps/000_SleepyRat.tga	32812	f84c56ee3ed0a788ea24f16950abe82a
cab/Bitmaps/000_StoneGolem.tga	32812	e32fe170dd24a8b379d933334c70234e
cab/Bitmaps/000_TurtlePirateBoss.tga	32812	7b181b2da8e1cada52c1de028f419fed
cab/Bitmaps/000_WaterGolem.tga	65580	e78f5e4bdc135aa195040d7d9914d83c
cab/Bitmaps/000_Witch.tga	32812	a51c82eedd0ee0390fc5b8d7e05fcbc9
cab/Bitmaps/001_grumpa.tga	32812	f4d6bb3c1aae268288ceb1e0ebc6fb23
cab/Bitmaps/001_Grumpa_Boat.tga	32812	0d00417c1f3cf8eba507265bf961a6ad
cab/Bitmaps/001_Grumpa_on_Bear.tga	32812	65f50400fcaf2e38bfffb08d53e02c76
cab/Bitmaps/001_GrumpaOnDragonFly.tga	32812	253e414094334cc8a6675661e8a0f755
cab/Bitmaps/001_grumpaseahorse.tga	32812	725bbb155c3b59a4b7f7b01313fb1048
cab/Bitmaps/001_IT_FathersSword.tga	8236	808cef17efee2912aaab99fad7e13439
cab/Bitmaps/001_PirateRat1.tga	32812	16be24576ae0ec6bd04a971f2f951312
cab/Bitmaps/001_PirateRat2.tga	32812	f2359f9bb491a57db029eec82a57bb10
cab/Bitmaps/001_PirateRat3.tga	32812	f2359f9bb491a57db029eec82a57bb10
cab/Bitmaps/001_SleepyRat.tga	32812	16be24576ae0ec6bd04a971f2f951312
cab/Bitmaps/002_grumpa.tga	32812	aefae895664b6e58c4c02c3878c7cdcf
cab/Bitmaps/002_Grumpa_Boat.tga	32812	5151e6577de815ef533ceb8a401fd0fc
cab/Bitmaps/002_Grumpa_on_Bear.tga	32812	87f763f28304e1b86f2a484151e56a2c
cab/Bitmaps/002_GrumpaOnDragonFly.tga	32812	6501756eb94f02c33c0f5ab187f7e0d5
cab/Bitmaps/002_grumpaseahorse.tga	32812	599026230bfcd78e25041059325b976b
cab/Bitmaps/002_IT_Hammer.tga	8236	7ffffedde311951de39fa124b3103eef
cab/Bitmaps/002_PirateRat1.tga	32812	1deaf4f161ca190598932a91e09f6753
cab/Bitmaps/002_PirateRat2.tga	32812	add8798f2b4b1a7079234161fbd2e5cb
cab/Bitmaps/002_PirateRat3.tga	32812	027405a9b30b36cf9a0eef12c1f9017e
cab/Bitmaps/002_SleepyRat.tga	32812	1deaf4f161ca190598932a91e09f6753
cab/Bitmaps/003_grumpa.tga	32812	f4cab82e03973883e21df41e7c6126b3
cab/Bitmaps/003_Grumpa_Boat.tga	32812	5747dbb355c44dab98610f9932eeaeeb
cab/Bitmaps/003_Grumpa_on_Bear.tga	32812	e111b4ce2404eb3c1cb9a3d1ab178be5
cab/Bitmaps/003_GrumpaOnDragonFly.tga	32812	2638d49f9885bd761641e4e66b685739
cab/Bitmaps/003_grumpaseahorse.tga	32812	fafce81a409e03cb81b6932d3a68fae0
cab/Bitmaps/003_IT_SwordOfMight.tga	8236	46d34e0ac21de25e36a96ab724fa160f
cab/Bitmaps/003_PirateRat1.tga	32812	f6fa63850a7adf34cab2edd7f0ab37a8
cab/Bitmaps/003_PirateRat2.tga	32812	8467b38ee34950f2622179dbbae52153
cab/Bitmaps/003_PirateRat3.tga	32812	5ad99b703f681795e5fd3ae6b8728dd4
cab/Bitmaps/003_SleepyRat.tga	32812	f6fa63850a7adf34cab2edd7f0ab37a8
cab/Bitmaps/004_grumpa.tga	131116	1a7254eb58c0143a8d184446fd365f4a
cab/Bitmaps/004_Grumpa_Boat.tga	32812	7f15ab5ab2ae3b18ca07837eed664188
cab/Bitmaps/004_Grumpa_on_Bear.tga	32812	ba2e19c4d2bdbf58cfa947dd69ede3b4
cab/Bitmaps/004_GrumpaOnDragonFly.tga	32812	9abf28e14e8304039d88c1efddd8b537
cab/Bitmaps/004_grumpaseahorse.tga	32812	a0c2e87146b9770a7ac8dd2a6c2d6e59
cab/Bitmaps/004_IT_FathersSwordBroken.tga	8236	808cef17efee2912aaab99fad7e13439
cab/Bitmaps/005_IT_WoodenShield.tga	8236	9467a0bdcb6de8e4c73de8764d42b2d3
cab/Bitmaps/006_1_Eld_0000.jpg	7160	28728371948dbf8b1f99bb36a43113ea
cab/Bitmaps/006_1_Eld_0001.jpg	7142	1d7db336e6990d77014a19b35162fb3e
cab/Bitmaps/006_1_Eld_0002.jpg	7147	a94a98edb6d3a23c1f17315b7924c4dd
cab/Bitmaps/006_1_Eld_0003.jpg	7134	34db8f18d2a5aef7b1cc272a24dc3b80
cab/Bitmaps/006_1_Eld_0004.jpg	7134	6099dfeed4cdc2d8d6a7b0c203c5053f
cab/Bitmaps/006_1_Eld_0005.jpg	7149	0f6e012a6db0007432584c61e6bf5dd2
cab/Bitmaps/006_1_Eld_0006.jpg	7140	a7614c5b8b449ae70d3d5556dd217b21
cab/Bitmaps/006_1_Eld_0007.jpg	7151	be529759719f3ac1cf7cced5a4003805
cab/Bitmaps/006_1_Eld_0008.jpg	7131	b8ffb82324ae2d2921a9ff5763aa5324
cab/Bitmaps/006_1_Eld_0009.jpg	7153	2af8852706e658b6b670a8b8567e2215
cab/Bitmaps/006_1_Eld_0010.jpg	7143	076728be046bd2f83481efb4ac88e835
cab/Bitmaps/006_1_Eld_0011.jpg	7160	f342fa07da1b6e87ea6653b1dcc21ac8
cab/Bitmaps/006_1_Eld_0012.jpg	7127	6eaa415318669e3edcd2c34f5b0e6ddd
cab/Bitmaps/006_1_Eld_0013.jpg	7124	6d5debb3658e422c1faf814308cdbc67
cab/Bitmaps/006_1_Eld_0014.jpg	7118	8527deb47f686480d168e42d6aced9bb
cab/Bitmaps/006_1_Eld_0015.jpg	7146	7275a842efaed45e9cfc88022e498547
cab/Bitmaps/006_1_Eld_0016.jpg	7160	3922b37fa3bff3e658cf341cd358574c
cab/Bitmaps/006_1_Eld_0017.jpg	7148	ad1229111333846011db1d3a9202332f
cab/Bitmaps/006_1_Eld_0018.jpg	7161	87bf5ef31918be7bbda055fb8f56c08a
cab/Bitmaps/006_1_Eld_0019.jpg	7129	2422120617ed6deebb6d66f7c726130d
cab/Bitmaps/006_1_Eld_0020.jpg	7150	251cca7d984e3ddca10c2f8b74070277
cab/Bitmaps/006_eld_2_0000.jpg	4888	4f8dade9b24d75e3d76e7bbbe9b0a88c
cab/Bitmaps/006_eld_2_0001.jpg	4867	7ca6d14b534596270f52bd3c2947ba27
cab/Bitmaps/006_eld_2_0002.jpg	4877	fb0beafd81808efb021cb9102b8aaa94
cab/Bitmaps/006_eld_2_0003.jpg	4896	5a9035591b39aa14d362b9f18afe8646
cab/Bitmaps/006_eld_2_0004.jpg	4892	cdd0ac7670db78214c4d29b7e207b3f3
cab/Bitmaps/006_eld_2_0005.jpg	4901	c6a0dd630dab1fba6242874795f153b4
cab/Bitmaps/006_eld_2_0006.jpg	4888	3b6d166d699a9060dd238f1fedd7983f
cab/Bitmaps/006_eld_2_0007.jpg	4892	82107efbd74c7fc583ac0f6aa2a5d510
cab/Bitmaps/006_eld_2_0008.jpg	4838	c5c0a40233e8b3cce24a5117fc5c6de4
cab/Bitmaps/006_eld_2_0009.jpg	4846	0bd5846a5341cd87cce9cf183fbeab6d
cab/Bitmaps/006_eld_2_0010.jpg	4898	a5b3afb5c9f309591924252ab057bd61
cab/Bitmaps/006_eld_2_0011.jpg	4935	4f182045b0a895f034f55c1571b3a79d
cab/Bitmaps/006_eld_2_0012.jpg	4894	19f55c04194b46f844c2e1f70fa4c9fa
cab/Bitmaps/006_eld_2_0013.jpg	4910	2b4a28a450350d746abbe80673f2bd0e
cab/Bitmaps/006_eld_2_0014.jpg	4867	9f6366b53115b742d1f206f6e3ad9e85
cab/Bitmaps/006_eld_2_0015.jpg	4869	9a8b597906de7669fe3cf7ddce6628f8
cab/Bitmaps/006_eld_2_0016.jpg	4903	755870979df514b1f401bbe4ba4b5b23
cab/Bitmaps/006_eld_2_0017.jpg	4902	053f4b6652d5f2d9dc627ff34aa9e1f7
cab/Bitmaps/006_eld_2_0018.jpg	4922	b05c21042fd23a41cce78778af3b42a6
cab/Bitmaps/006_eld_2_0019.jpg	4942	fa5679dcc9c4ee38c567b07707005e87
cab/Bitmaps/006_eld_2_0020.jpg	4907	ecff3ff23f698c7692e5a55a189d0f47
cab/Bitmaps/006_kub.tga	32812	9bfe0f8659600da8d1f9119aea0f014e
cab/Bitmaps/056_kista_open.jpg	8314	4c56d68ece004dff136fcef0213b8eeb
cab/Bitmaps/056_kista_opening_0000.jpg	8359	d63279c0dcb7bca5ac7a7ea4f1c5bc83
cab/Bitmaps/056_kista_opening_0001.jpg	8314	4c56d68ece004dff136fcef0213b8eeb
cab/Bitmaps/100_1_IS.jpg	94584	1d0c463357297fe0adffcc366d7c7dcf
cab/Bitmaps/100_1_IZ.fxi	360960	704c63f78297b70c49a3ee515fbd4f5a
cab/Bitmaps/101_1_IS.jpg	150641	6efcb663f51d09db56bb895088788830
cab/Bitmaps/101_1_IZ.fxi	113954	ecc82e12936d66faf655f13e0d16a5b9
cab/Bitmaps/102_1_IS.jpg	287921	655315c73b074992e275753d539acfcd
cab/Bitmaps/102_1_IZ.fxi	253564	988e5d51483a5eabceb54584dcfd7c3a
cab/Bitmaps/102_2_IS.jpg	219897	78c0d9424748c0e0a2ee51c0e7cd9676
cab/Bitmaps/102_2_IZ.fxi	303369	18a0eb45cc952063ce8198169f26a94a
cab/Bitmaps/102_3_IS.jpg	202133	4836eea219bed78bded0a0eae32876e6
cab/Bitmaps/102_3_IZ.fxi	310646	9570a2fb285f5ff80a20a9c607976f66
cab/Bitmaps/104_1_IS.jpg	156467	fecbff83c3804b08cd280fd6ff352042
cab/Bitmaps/104_1_IZ.fxi	399546	8e9eb66ddc07ec391de02a5f2cd1ba73
cab/Bitmaps/104_2_IS.jpg	212389	be15b054b2e84e7710d3d67472b48d98
cab/Bitmaps/104_2_IZ.fxi	259696	0da3f080257e8acb95bab6cedb1ebb20
cab/Bitmaps/104_3_IS.jpg	198028	e4d648f1553f9ea95a96389cb9d0d5cf
cab/Bitmaps/104_3_IZ.fxi	343435	7f6c8c997838f68900f2808d253821b3
cab/Bitmaps/104_4_IS.jpg	204275	c59fc6524d303b5300fc6b883c162192
cab/Bitmaps/104_4_IZ.fxi	339342	ec0b62ddbb784645cc3a514c4c388f6c
cab/Bitmaps/105_1_IS.jpg	182495	d4eef611a6850c2c050de909513b677e
cab/Bitmaps/105_1_IZ.fxi	267542	09237a8813d9b8993dc6984f4fa94af9
cab/Bitmaps/106_1_IS.jpg	142741	f2849e6acb80168cf93902045ff31050
cab/Bitmaps/106_1_IZ.fxi	323019	57940bbe850e0658c4ab0b303d4d9a11
cab/Bitmaps/107_1_IS.jpg	230633	22c7c5dcb7b0b98027cb8f2ecdc86e5f
cab/Bitmaps/107_1_IZ.fxi	207371	7666d7a58c7bdc87781ee244f63d518e
cab/Bitmaps/108_1_IS.jpg	163170	137099fd8f17f949a3a6221e1bc21300
cab/Bitmaps/108_1_IZ.fxi	139989	9e95097757b14e49c988cc0dd4f92f3b
cab/Bitmaps/109_1_IS.jpg	148478	4ac17e4c09ec19ab50ec684ed912d9f1
cab/Bitmaps/109_1_IZ.fxi	427836	9f12360d42db308a7b003e647e22d9b5
cab/Bitmaps/109_2_IS.jpg	118228	48e28f95c553693ec4e20eeaa0d5966e
cab/Bitmaps/109_2_IZ.fxi	416008	4b6e0b9d8b82350d4c593bcd69ed6e9a
cab/Bitmaps/10_1_IS.jpg	257384	1b808b350bd4d92125645403ba56eccb
cab/Bitmaps/10_1_IZ.fxi	264910	738048423dd10a6dbd39acf8f6361969
cab/Bitmaps/10_1_opendoorB_AI.jpg	8879	02d953cbc96ba26826ff0869cd99f4d6
cab/Bitmaps/10_2_IS.jpg	257320	dc6e9ed33ac00634e3f12a51134c4e6e
cab/Bitmaps/10_2_IZ.fxi	251161	ced5f31d3b12d1b55ff48bb7ef8bcd58
cab/Bitmaps/114_1_IS.jpg	169521	481208d36ae754136d81a4d66d3c4f08
cab/Bitmaps/114_1_IZ.fxi	399910	428293a5931b3c93289f8431efb1cb64
cab/Bitmaps/114_2_IS.jpg	178106	0a0a9726193f7043c12a44420ce2368d
cab/Bitmaps/114_2_IZ.fxi	396668	d4bc37a3069618b5c7e0fa969063980b
cab/Bitmaps/117_1_IS.jpg	94471	d3214ea98c433d64517927a44d398390
cab/Bitmaps/117_1_IZ.fxi	226896	3e0b849b2d37997055c843e1ff7e44dc
cab/Bitmaps/117_Tunna.tga	32812	191114572d74902f3d25720396fe45ca
cab/Bitmaps/117_walkarea_texture_IO.tga	556	098db4f3e977dc02c83dfbfc6d8bf29e
cab/Bitmaps/118_1_IS.jpg	72873	2b21f92d4a631781a0a3a5dd8173d4be
cab/Bitmaps/118_1_IZ.fxi	140232	49e179a445f0261f662175fdb128d642
cab/Bitmaps/119_1_IS.jpg	83819	30e2f2b038895b1bdb7da78806064a19
cab/Bitmaps/119_1_IZ.fxi	427637	84c417538104d47a6d8efd123f7f404b
cab/Bitmaps/119_2_IS.jpg	68503	86ca1a3022399fff47f5b1d3ea7e8027
cab/Bitmaps/119_2_IZ.fxi	416008	3f6836db17dd3433524b7cff6d27cc58
cab/Bitmaps/11_1_IS.jpg	149961	57f3817fcf8465b55e0615f18989221d
cab/Bitmaps/11_1_IZ.fxi	413798	eadd14c996f8ae285e3297f75bf0cf70
cab/Bitmaps/11_2_IS.jpg	160187	2acff1adb471a93697540d6b99dc5aa6
cab/Bitmaps/11_2_IZ.fxi	331214	4e397efd05570e5d47b4560057d9b07b
cab/Bitmaps/12_1_IS.jpg	194634	192e968ca23237f5aab0ed8a79f1edc3
cab/Bitmaps/12_1_IZ.fxi	294337	2e5905c1bbba4848343546c4ad1fbe90
cab/Bitmaps/13_1_IS.jpg	233604	f7c9890a10c5d2d210bcef0443b5ca84
cab/Bitmaps/13_1_IZ.fxi	379165	8df5de3cd18a09ded211253974c8ef16
cab/Bitmaps/13_2_IS.jpg	172483	5a03c09528abb3e4f5f360e0a2f32fb0
cab/Bitmaps/13_2_IZ.fxi	169785	8d1f34892156fb0fb90ccaa09fe46725
cab/Bitmaps/13_3_IS.jpg	172513	a82a4dc0dff402cc6833aa32012392a3
cab/Bitmaps/13_3_IZ.fxi	169785	10b90c859b1dcfaef1d9500f9271f8be
cab/Bitmaps/14_1_IS.jpg	222707	43fbef8faae6c8c8c53e686702a1e89b
cab/Bitmaps/14_1_IZ.fxi	285078	395b6ba2ed927744fd190f2a5eac7581
cab/Bitmaps/14_1_Pittrap.jpg	4831	c47d46454504008152776f74bd768196
cab/Bitmaps/14_1_Pittrap_Z.fxi	12178	50da4581bccd9d7b4a36ec56b3224a5b
cab/Bitmaps/14_1_Skylt.jpg	81460	3729fd3720b0906167f38eacf6fb3e88
cab/Bitmaps/14_2_IS.jpg	160462	f1fd4b3f92bef61058f0f6a1411f2a47
cab/Bitmaps/14_2_IZ.fxi	282954	d6f302bc00e86594349d6b5ec7bc91fb
cab/Bitmaps/14_2_kista_0000.jpg	19023	4a2876444591eefd410b442fd34b8651
cab/Bitmaps/14_2_kista_0001.jpg	18911	0b784d2b484f1d7b0168ab380b688167
cab/Bitmaps/14_2_kista_0002.jpg	18303	213cb34bab0d03b9f0830235ec2dee2b
cab/Bitmaps/14_2_kista__Z0000.fxi	16527	69cde2d95e2a555da443156f418ddf98
cab/Bitmaps/14_2_kista__Z0001.fxi	16986	fe4a7c96e669e2297e327443b4c16033
cab/Bitmaps/14_2_kista__Z0002.fxi	17354	f4d0fcec633a2c34e543af297047825f
cab/Bitmaps/14_2_kista_finalframe.jpg	18286	0d3bc99181f544b067a2e634669bf562
cab/Bitmaps/14_2_kista_finalframe_Z.fxi	17510	60989f0494fd1df2d066daa392c1fbe0
cab/Bitmaps/14_2_pittrap_0000.jpg	17656	47599a5373fce6bbea6becbc37debc5a
cab/Bitmaps/14_2_pittrap_0001.jpg	16421	f58a0997233ef8289d99681e5eba8ba8
cab/Bitmaps/14_2_pittrap_0002.jpg	14657	98e3d04f068e9f207d7492c802f391a6
cab/Bitmaps/14_2_pittrap_0003.jpg	13861	4fcc5ae258130aa2de904082994c6757
cab/Bitmaps/14_2_pittrap_0004.jpg	13397	987e323507ace67b4b5ade784dd6a8ab
cab/Bitmaps/14_2_pittrap_0005.jpg	13158	97077a5a7a95c72796ad4f02f0ca83d2
cab/Bitmaps/14_2_pittrap_0006.jpg	12846	ab857bf9c752e506f723ac256caaab7d
cab/Bitmaps/14_2_pittrap_0007.jpg	12624	a1c526d9d5aa500691bb1002e32d5cb7
cab/Bitmaps/14_2_pittrap_0008.jpg	12488	5c375ca6ee133a80a70602fcba747e4f
cab/Bitmaps/14_2_pittrap_0009.jpg	12167	60b0a5383828e1f332d7aa365edf62cf
cab/Bitmaps/14_2_pittrap__Z0000.fxi	14807	5b96b3ed17af2688a6cbd601f61361a0
cab/Bitmaps/14_2_pittrap__Z0001.fxi	13006	6c214d6d9726e91a024dac3824fd58c7
cab/Bitmaps/14_2_pittrap__Z0002.fxi	12502	32d0bbe48aceda74764399bdaca0e7cc
cab/Bitmaps/14_2_pittrap__Z0003.fxi	13046	9091e39633aac5cc3266a6d7beeb36e5
cab/Bitmaps/14_2_pittrap__Z0004.fxi	12904	735741e208b8ad1415a02cf8b2567509
cab/Bitmaps/14_2_pittrap__Z0005.fxi	13047	7c0fc1520d3e6d4c27a2bd00110a7910
cab/Bitmaps/14_2_pittrap__Z0006.fxi	13346	f7463372266ef9c3e01eddea07311671
cab/Bitmaps/14_2_pittrap__Z0007.fxi	13330	94604e8857b0e09831101bd428486da3
cab/Bitmaps/14_2_pittrap__Z0008.fxi	13236	1df12ea6a75fcb9d824ef57c070f15d2
cab/Bitmaps/14_2_pittrap__Z0009.fxi	13263	1d6868b77149587df31425a25c9377fe
cab/Bitmaps/14_2_pittrap_finalframe.jpg	12088	27963aa580b793308351cba679fa41ff
cab/Bitmaps/14_2_pittrap_finalframe_Z.fxi	13473	eb0ea3bb1018191085c735e42cd9f042
cab/Bitmaps/15_1_IS.jpg	229966	fcf9e2724e68a8ecca361fbf0e3d82af
cab/Bitmaps/15_1_IZ.fxi	380726	a3f196688308b2bdc24ddff584c7f5d0
cab/Bitmaps/16_1_IS.jpg	167456	3f0606c998d6042405e03aa9a5a33a28
cab/Bitmaps/16_1_IZ.fxi	335307	fe95fda6e9926d227909f006951792a0
cab/Bitmaps/16_2_IS.jpg	232656	663c04e10453b232d687bac92a23151e
cab/Bitmaps/16_2_IZ.fxi	472598	0ea4f11b9849c44b4634b4bdd977a6da
cab/Bitmaps/16_2_Skylt.jpg	71086	daa26240216cca44d4d0978bad3bc4ea
cab/Bitmaps/16_3_IS.jpg	239555	0707c6f320cd7a3f65b18e73da4bad6e
cab/Bitmaps/16_3_IZ.fxi	377051	21c4299bef704eaa3ff9a6986c319222
cab/Bitmaps/16_3_water1_0000.jpg	21342	4e30de74b6b633cc39c18c8852d8f245
cab/Bitmaps/16_3_water1_0001.jpg	21092	4f154712c0301ccddb8922b05b42e834
cab/Bitmaps/16_3_water1_0002.jpg	21034	e3222cd049318ed6a60cfb20b64b0483
cab/Bitmaps/16_3_water1_0003.jpg	21275	4d122fa95dfcf3df405bf897abd65f73
cab/Bitmaps/16_3_water2_0000.jpg	12661	b68141639f95a8ebf537b25aada217f5
cab/Bitmaps/16_3_water2_0001.jpg	12292	33d61553a89167d8e9cbb5adcf1399d4
cab/Bitmaps/16_3_water2_0002.jpg	12260	6881851061337a45b443c8fb4804f6ed
cab/Bitmaps/16_3_water2_0003.jpg	12503	6eb00ab4d5a9cd47528aa4551b068d5d
cab/Bitmaps/17_1_IS.jpg	267972	f6cf4ab5582b3daf9c47a3dbe03df7c6
cab/Bitmaps/17_1_IZ.fxi	332129	98deb5ee5fbdd17d8ca94a81f0c94986
cab/Bitmaps/17_1_waterfall_0000.jpg	60626	6709bfd360cc69dc5cd9d7440fd357ff
cab/Bitmaps/17_1_waterfall_0001.jpg	60699	61159f479cb1731c9bbb94c311806f9b
cab/Bitmaps/17_1_waterfall_0002.jpg	60717	7052f2b4678d61f3726a8561ea3eaaef
cab/Bitmaps/17_1_waterfall_0003.jpg	60867	a03b9437ce2d8b603544b500186662cd
cab/Bitmaps/17_1_waterfall_0004.jpg	60615	aaf39fa48694ccb19e39b4439f63d2ef
cab/Bitmaps/17_1_waterfall_0005.jpg	60623	91d86c7480233300eb497e7dc803b6c2
cab/Bitmaps/17_1_waterfall_0006.jpg	60369	5c49e58b48340971482a1c3a7df064cb
cab/Bitmaps/17_1_waterfall_0007.jpg	60484	50ba5d3f03e8e049502d9077be6b0802
cab/Bitmaps/17_1_waterfall_0008.jpg	60567	5ea7b084e1e88d038a940f0a09d4a0ca
cab/Bitmaps/17_1_waterfall_0009.jpg	60670	4ab4195b652e9aa84c15897b3d9f6762
cab/Bitmaps/17_1_waterfall_0010.jpg	60679	88c820eef0e19f97d3d08fa7d25cad0f
cab/Bitmaps/17_1_waterfall_0011.jpg	60595	b64704c7c437e98e900f23dc4d591d5e
cab/Bitmaps/17_1_waterfall_0012.jpg	60772	134d0460482e03679bdf630139940dd6
cab/Bitmaps/17_1_waterfall_0013.jpg	60836	6975530f68577cd5bf755499fbd7d36e
cab/Bitmaps/17_1_waterfall_0014.jpg	60935	bbae28340b4896afdc96fc7ed9ee66e9
cab/Bitmaps/17_1_waterfall_0015.jpg	60957	02310cc2dd93baba683f8fc77c2b1ac8
cab/Bitmaps/17_1_waterfall_0016.jpg	60968	58870a953860f8317742841ec2e6f47f
cab/Bitmaps/17_1_waterfall_0017.jpg	60944	394c22c257978723a487ed8ee07ed80d
cab/Bitmaps/17_1_waterfall_0018.jpg	61007	38a672421f714d1d6df22cecef4be1a6
cab/Bitmaps/17_1_waterfall_0019.jpg	60757	a13c3f742c9f99d99049207e03a0d4d8
cab/Bitmaps/17_2_IS.jpg	192706	48c7b1399d4ad38622887d79057976b0
cab/Bitmaps/17_2_IZ.fxi	295081	80dfa6ef79a4fe0ef4f66b8f57919b0d
cab/Bitmaps/17_2_waterfall_0000.jpg	33125	f822439720b1c4a34462fd6090004331
cab/Bitmaps/17_2_waterfall_0001.jpg	33169	8891b3d4cf5cdbbe286fbb0f1cd42836
cab/Bitmaps/17_2_waterfall_0002.jpg	32459	9dea67d276b455f74602463ec2965cc5
cab/Bitmaps/17_2_waterfall_0003.jpg	33594	9da23c011ce1faf2f134d45133627ac6
cab/Bitmaps/17_2_waterfall_0004.jpg	33469	e99120298abf3639398ea935bae996bb
cab/Bitmaps/17_2_waterfall_0005.jpg	33116	4a8bdf93c85e3397aaecc8424ad00b71
cab/Bitmaps/17_2_waterfall_0006.jpg	33287	b89be362b499322f70e3ef09d69ddd54
cab/Bitmaps/17_2_waterfall_0007.jpg	32703	9b0bc8b3d69d944dff1b98e8fed18b91
cab/Bitmaps/18_1_IS.jpg	67288	b5a7a1e1438d79b495b87008f8d1c8bf
cab/Bitmaps/18_1_IZ.fxi	320591	fea452cd0cae32461d755488081dc2cb
cab/Bitmaps/18_1_waterfall_0000.jpg	14471	e2af82132b16f5d2088673a7bba8f473
cab/Bitmaps/18_1_waterfall_0001.jpg	14464	ae77eab111091f8cbd22b4a9ee1a118b
cab/Bitmaps/18_1_waterfall_0002.jpg	14456	9319b21e268b733a95ddbddb2cfe19f1
cab/Bitmaps/18_1_waterfall_0003.jpg	14584	2b5889650c652532438970390b350682
cab/Bitmaps/18_1_waterfall_0004.jpg	14515	c6ace264087a91329e7e1f602907b6e2
cab/Bitmaps/18_1_waterfall_0005.jpg	14533	21c869bd00ffb84f16e2141f5c3713d3
cab/Bitmaps/18_1_waterfall_0006.jpg	14563	36fc302bca6806422a28d1d0998f55a9
cab/Bitmaps/18_1_waterfall_0007.jpg	14453	49b6c969463098d07ad5a3a14231f365
cab/Bitmaps/18_1_waterfall_0008.jpg	14649	3a0d6b7030ebd1ea16d7816907945640
cab/Bitmaps/18_1_waterfall_0009.jpg	14487	9581e8a3ef1ee1379def0ce61d4cbc4b
cab/Bitmaps/1_1_IS.jpg	133047	97d38f072ad637c52bfc0238f8466784
cab/Bitmaps/1_1_IZ.fxi	302460	008b314236ae9d6ce808171e2914e203
cab/Bitmaps/1x1vattenpixel0000.jpg	2165	25e9fb3eed4efbca3c043ee4b2004994
cab/Bitmaps/1x1vattenpixel0001.jpg	2167	698595f513a0b8846e86f3d6c65057e6
cab/Bitmaps/20_1_IS.jpg	191461	8e825e27177a211f97e66a69623a86e2
cab/Bitmaps/20_1_IZ.fxi	365914	d38247818678aea1cd0aa8fe2c092e8b
cab/Bitmaps/211_1_IS.jpg	197788	da379eeecb42ce786a442f068b892430
cab/Bitmaps/211_1_IZ.fxi	373258	4f2fe40d282ee45a6b4d3dbacd49eae4
cab/Bitmaps/211_2_IS.jpg	215096	36eba572500e3372934c6e63fd9d4f42
cab/Bitmaps/211_2_IZ.fxi	329640	01229eae40ba30c495b1a8557b3775ca
cab/Bitmaps/211_2_Skylt.jpg	85586	e09a96fb3e86fffc3c17e91834a27023
cab/Bitmaps/211_3_IS.jpg	164501	a41aafa67466a4cf6d7e7887f9458f66
cab/Bitmaps/211_3_IZ.fxi	108216	6f3efa491f9fe31ae1f5d1af896003df
cab/Bitmaps/211_4_IS.jpg	176268	3d6f6c81388a223b1fd596fdd3ec4cf8
cab/Bitmaps/211_4_IZ.fxi	257893	2f7e5829ec5171e9fe2953e34d89aae8
cab/Bitmaps/211_door_hole_look_0000.jpg	2841	367f496ff01bcb55e0276d2de562dcfa
cab/Bitmaps/211_door_hole_look_0001.jpg	2868	4f76aec51b9ea81bac3ffa691d1bf1ca
cab/Bitmaps/211_door_hole_look_0002.jpg	2841	9a034028a91a451ec544a9f15ddeab8b
cab/Bitmaps/211_door_hole_look_0003.jpg	2885	a0ade5be06a63074b09f05eab90a1f41
cab/Bitmaps/211_door_hole_look_0004.jpg	2930	083428cf107143b582285dde1c8c9a7e
cab/Bitmaps/211_door_hole_open_0000.jpg	2567	9bde03116dae1a1753f22b2db3e1492d
cab/Bitmaps/211_door_hole_open_0001.jpg	2581	cf12227b9013df05876d6e787f490a25
cab/Bitmaps/211_door_hole_open_0002.jpg	2555	fdefc5fe133ef438ee51b622faec1e65
cab/Bitmaps/211_door_hole_open_0003.jpg	2664	61e4db9af030fd107d3adb176cffe4cc
cab/Bitmaps/211_door_hole_open_0004.jpg	2759	702017371b4c2dc862799fdd6e7908e3
cab/Bitmaps/211_door_hole_open_0005.jpg	2852	1b8398e0c94d974283e250111969508e
cab/Bitmaps/212_1_IS.jpg	177178	c5b50116b111102108a3ad9338d9dd45
cab/Bitmaps/212_1_IZ.fxi	282059	1202532eea0a2ec0db6b897384371cc9
cab/Bitmaps/212_1_Skylt.jpg	91939	518a61e8cf7630c825b04b4ec1f2d829
cab/Bitmaps/21_1_IS.jpg	209315	91833fa087a7f1150321a9cda0cea850
cab/Bitmaps/21_1_IZ.fxi	309082	54cb4f209e6b7887ec130e432ace1d6a
cab/Bitmaps/21_2_IS.jpg	166509	c0115a43eccabe929903b43d71a231ac
cab/Bitmaps/21_2_IZ.fxi	343820	4bc56fb70bf8e54878a75de7e657a380
cab/Bitmaps/21_3_IS.jpg	161084	343028ef16e8a8978b94c8bb13040d18
cab/Bitmaps/21_3_IZ.fxi	427998	c48dccc1556ff799725c1e2e42746384
cab/Bitmaps/22_1_IS.jpg	69041	b3b0fb1248eb2b11cea0084d03535548
cab/Bitmaps/22_1_IZ.fxi	276450	292022bd32d956165b8027d9ab710086
cab/Bitmaps/22_2_IS.jpg	72444	7c04aa1b7c1319a5dcc2540d4d9b2d9e
cab/Bitmaps/22_2_IZ.fxi	232058	958639e28e48015ee7a58f39cbf95a61
cab/Bitmaps/22_note_10.jpg	1255	4851b1cdedfb80251591d2f0e9a95203
cab/Bitmaps/22_note_20.jpg	1258	d7f5886fff4e100d5261dd1680b93365
cab/Bitmaps/22_note_4.jpg	1165	589e3c77d5c62bb74baa46fa2e9ed40e
cab/Bitmaps/22_note_7.jpg	1165	640d41d0a92915ea6319747bd0722cf7
cab/Bitmaps/23_1_IS.jpg	149234	54992737ba19bb66a81b9791ed3c19ec
cab/Bitmaps/23_1_IZ.fxi	277473	4bc4f01a338b9d52c5120b1dee0bfe7e
cab/Bitmaps/23_2_IS.jpg	151867	51cc80500fcb4e2ff589eaaf5e15efe8
cab/Bitmaps/23_2_IZ.fxi	297880	7070a3f27029c7d46ee55dddddabb197
cab/Bitmaps/24_1_IS.jpg	157184	ae02bffc0e95a6781e5197bea678729f
cab/Bitmaps/24_1_IZ.fxi	159601	e45daea492bf5f03201cf7b7648a2f64
cab/Bitmaps/24_2_door_left_0000.jpg	4684	0d0c49c95a5b1c3c715876acd6da5068
cab/Bitmaps/24_2_door_left_0001.jpg	4831	4c8c19ea064cc414a2b3cf60167e0bb1
cab/Bitmaps/24_2_door_left_0002.jpg	4871	fba90b4785ff6c83cc39f76970e58abd
cab/Bitmaps/24_2_door_left_0003.jpg	4671	f7d2b36978d9fa227ecb363272aa3ddf
cab/Bitmaps/24_2_door_left__Z0000.fxi	15154	b75c6af5435006070bf34b4ec6b0d95e
cab/Bitmaps/24_2_door_left__Z0001.fxi	15154	682d093f197fc3ce30a1f4b38e68fc03
cab/Bitmaps/24_2_door_left__Z0002.fxi	15154	863fa37db491cb04b2f6fbe86ea639ac
cab/Bitmaps/24_2_door_left__Z0003.fxi	15154	f6590e363828921867ee487e98d9a13f
cab/Bitmaps/24_2_door_middle_0000.jpg	4007	a38eb31cbc19047a5e001447b98a6ce2
cab/Bitmaps/24_2_door_middle_0001.jpg	3962	0c863ff3f77e11784f32ddc7d27556f7
cab/Bitmaps/24_2_door_middle_0002.jpg	3942	9771f8615f17baffcaa82153949cb17e
cab/Bitmaps/24_2_door_middle_0003.jpg	3916	c970a9f19275b3d2c9ca580ad5da0fa6
cab/Bitmaps/24_2_door_middle__Z0000.fxi	2177	9643819df9a7394605be152d12e4145a
cab/Bitmaps/24_2_door_middle__Z0001.fxi	2302	38abedf029b7e1c076812cde02ed2cbc
cab/Bitmaps/24_2_door_middle__Z0002.fxi	2331	6e54eaf675e03e42a3d1730a815ee554
cab/Bitmaps/24_2_door_middle__Z0003.fxi	2206	6480e00d7c5a9110df93c0ea7197725f
cab/Bitmaps/24_2_door_right_0000.jpg	5516	afaccd87a72d060b05aa3bd5d7271a72
cab/Bitmaps/24_2_door_right_0001.jpg	5481	cd9a31ecb5e5fb7f1b67843297624b5e
cab/Bitmaps/24_2_door_right_0002.jpg	5484	744cd790da56ebffc25684c0cf693c8c
cab/Bitmaps/24_2_door_right_0003.jpg	5477	7443b10f5378cc8104af506bb6ac4a1a
cab/Bitmaps/24_2_door_right__Z0000.fxi	4679	a8e9240f27fd516c94026b5ed2db74d8
cab/Bitmaps/24_2_door_right__Z0001.fxi	4682	ff76196d3035868c42ee20bba456e0ae
cab/Bitmaps/24_2_door_right__Z0002.fxi	5038	8fe6fc4fc20b8acc3fde2d6df3b00ec7
cab/Bitmaps/24_2_door_right__Z0003.fxi	4988	1dff41ec149be3895621c00269c05317
cab/Bitmaps/24_2_IS.jpg	127230	887bac8dd3e8d90fda69bde482361477
cab/Bitmaps/24_2_IZ.fxi	362296	a5f7da0fb8185521df8e92b6e3230f2e
cab/Bitmaps/24_3_IS.jpg	84710	a9532b6e1a38e42bc4e73dfbe89ad753
cab/Bitmaps/24_3_IZ.fxi	222355	1ad5fb7ce9dd381b6d7d2676db23d63c
cab/Bitmaps/25_1_IS.jpg	138388	cfa0d4ae3456619704b9d6131b527c32
cab/Bitmaps/25_1_IZ.fxi	426862	4af5c0628e996d92c0e3db3cb083e54d
cab/Bitmaps/25_2_Door_IS.jpg	26171	ba3fa997d1f2c98432d699a3cc901b8f
cab/Bitmaps/25_firedoor0000.jpg	22226	1c0747b01190f8644f85f5e820348cac
cab/Bitmaps/25_firedoor0001.jpg	22398	3fc4cb4278e8793e6164b15812aac392
cab/Bitmaps/25_firedoor0002.jpg	22503	1e67441b85f115c06c7364fababfca60
cab/Bitmaps/25_firedoor0003.jpg	22479	44d98f692ab512dc7649a1a08e422f45
cab/Bitmaps/25_firedoor0004.jpg	22297	9d86ce3d0449a5059ad183ac6658d351
cab/Bitmaps/25_firedoor0005.jpg	22078	3841fe0b87c18ac1722f2197f0854718
cab/Bitmaps/25_firedoor0006.jpg	21952	581d3f945c45baa677a7f50d314d2cbe
cab/Bitmaps/25_firedoor0007.jpg	22153	8b01d194e85115731863c84d5f09ef36
cab/Bitmaps/25_firedoor0008.jpg	22415	53afdb2ff3a1aee2433c9f156caea122
cab/Bitmaps/25_firedoor0009.jpg	22386	5188cc2e92a30cbebc3664a21fe7a509
cab/Bitmaps/25_firedoor0010.jpg	22267	df5ddd310c42ed4074ad7af6ef1c8559
cab/Bitmaps/25_firedoor0011.jpg	22032	1140d33a46206599c0a1d56ac44f5fc4
cab/Bitmaps/25_firedoor0012.jpg	21982	5d8b62c88bd8cdebd5c1d207f9123019
cab/Bitmaps/25_firedoor0013.jpg	22162	f0a982226c402234ac3e4429611f4de2
cab/Bitmaps/25_firedoor0014.jpg	22429	bd135d0632beb4ca36cbacd4982f0377
cab/Bitmaps/25_firedoor0015.jpg	22490	e68e6b443ecc6e3d0abe77587d996a47
cab/Bitmaps/25_firedoor0016.jpg	21952	8a8130224c102dabdad268a1457f345c
cab/Bitmaps/25_firedoor0017.jpg	21401	8edbf792d7440d6fa6841f68bac06232
cab/Bitmaps/25_firedoor0018.jpg	21152	1bad3a8c3a1793817691bdadf158d0cd
cab/Bitmaps/25_firedoor0019.jpg	20974	06ec1dc6949b6ba47594d1a1a782121a
cab/Bitmaps/25_firedoor0020.jpg	20681	13fb78b84f6083e43f0875ee5f8a9fca
cab/Bitmaps/26_1_IS.jpg	82665	57b8bd62f7a711e1cd0fecfc59aacf96
cab/Bitmaps/26_1_IZ.fxi	199422	2838dcad1521f8bb3dcf3830f0eed9f4
cab/Bitmaps/27_1_IS.jpg	166006	c1ea299410b1ad2d75b020c2a7c6e285
cab/Bitmaps/27_1_IZ.fxi	417712	c49ef24c3b9f29bd3ad94be417aba2ed
cab/Bitmaps/300_1_IS.jpg	282652	2a7116b6f80ee00740e1bb6ce75042d5
cab/Bitmaps/300_1_IZ.fxi	519632	6c3830fff750dfcf36d91f254cb8bfc3
cab/Bitmaps/301_1_IS.jpg	229311	95205eac475658e9dc6df4e62c360ee6
cab/Bitmaps/301_1_IZ.fxi	389644	9f59fbb94678fc6a15241bc26718ae2b
cab/Bitmaps/301_1_Skylt.jpg	82630	8f02f69bf06bb44af3024426f7f87823
cab/Bitmaps/302_1_IS.jpg	287674	c106186f1927e159f551b3f08556eda2
cab/Bitmaps/302_1_IZ.fxi	386893	150025cd8532fa5ea445347e86a71160
cab/Bitmaps/303_1_IS.jpg	264015	064528a49554ff05e6b593366ea2ff3f
cab/Bitmaps/303_1_IZ.fxi	319007	092e79273f22ce275426deccf1d5ee3c
cab/Bitmaps/304_1_IS.jpg	276882	479f164c8ae833379693d1c8a4864346
cab/Bitmaps/304_1_IZ.fxi	362420	0db9a79b7d5408095da0e5d1a3f23004
cab/Bitmaps/305_1_IS.jpg	267755	5b91f7beb06eb40092869258ce60bcf9
cab/Bitmaps/305_1_IZ.fxi	225657	2af35e2e0c3ab397c2dc95c264c5a755
cab/Bitmaps/306_1_IS.jpg	293037	9cb08b41f907719681a854c59337743a
cab/Bitmaps/306_1_IZ.fxi	501776	c1061c272e74eac95b91a17a53b28b39
cab/Bitmaps/307_1_IS.jpg	308746	84cb6533e9334530195503324bb5ba90
cab/Bitmaps/307_1_IZ.fxi	234468	58c0315925ad2eaae0e4797c58a80f99
cab/Bitmaps/308_1_IS.jpg	260027	9c4a3641b61b2b3d87ecf445e2ce0172
cab/Bitmaps/308_1_IZ.fxi	336220	c99b748c2904012721d7b8fbe9cdaaf0
cab/Bitmaps/309_1_IS.jpg	240113	a7727673b7f773043569ed46fa798132
cab/Bitmaps/309_1_IZ.fxi	311584	2b67ac5d3734ce4f024171beb28eac77
cab/Bitmaps/30_1_IS.jpg	191688	2d4b2cb8efc47e6cd73f107cbdd23597
cab/Bitmaps/30_1_IZ.fxi	330891	5b9472c9530271b4d06002ec7a98803c
cab/Bitmaps/310_1_IS.jpg	209274	8cbcbeeae1827c82a9e18cf35131c398
cab/Bitmaps/310_1_IZ.fxi	307652	6e4a42223e06e4833c80c2e904dc8271
cab/Bitmaps/310_1_Skylt.jpg	88839	cc2c12c743729848be108f35a9f2167f
cab/Bitmaps/31_1_IS.jpg	98056	6dbd51a06f9d159b1b6d763295506070
cab/Bitmaps/31_1_IZ.fxi	283572	881616af4ca05a3c91ff539f189d4c04
cab/Bitmaps/31_2_IS.jpg	110766	7848b1f997874693a1252d8be7fcd231
cab/Bitmaps/31_2_IZ.fxi	232933	f64f97efa27f7204d055b2d659c8dd51
cab/Bitmaps/31_3_IS.jpg	114710	d101eefc58f67f2179653c721e23aa23
cab/Bitmaps/31_3_IZ.fxi	57693	703e35755cdcea295ad0d2bfbb180f11
cab/Bitmaps/320_1_IS.jpg	166875	3d5b6e5b341f2c7123f0c974ca6832da
cab/Bitmaps/320_1_IZ.fxi	380806	a8c758acb5a0c0a48f25dfd9736667a8
cab/Bitmaps/320_1_Skylt.jpg	64461	841565ad72570214bd8d55f452e78bcb
cab/Bitmaps/321_1_IS.jpg	150382	3f9fe6d8936fae8256f87db23f54885b
cab/Bitmaps/321_1_IZ.fxi	263916	b6ae169f1a4e1a69947ed3e87a88b982
cab/Bitmaps/322_1_IS.jpg	184016	b798668b77af8b11d30e0a2e4ceb77cf
cab/Bitmaps/322_1_IZ.fxi	417800	69c3ffcde3b84f533e8e1732314ad623
cab/Bitmaps/322_1_Skylt.jpg	72464	0933c4d114079631a8d72980a23feaaf
cab/Bitmaps/323_1_IS.jpg	123846	f1acb5b3d4a194912ff0fa7fa70fba03
cab/Bitmaps/323_1_IZ.fxi	277296	78c9293e5a02d7f6a42151d05427d2da
cab/Bitmaps/323_1_Skylt.jpg	89891	e295a8a975d1ef25bf9a855796504667
cab/Bitmaps/324_1_IS.jpg	175373	a3df979b1636419cacc2dfa6cf22d10d
cab/Bitmaps/324_1_IZ.fxi	400120	ff12055e182e00abd8b07ff2a19e8abc
cab/Bitmaps/325_1_IS.jpg	185860	f89187013e4ad9207bfbe5f1bc0a6b24
cab/Bitmaps/325_1_IZ.fxi	335816	934cf0129acf781a194c75b36bdc8970
cab/Bitmaps/325_1_Skylt.jpg	92731	42887bde564da301d367faa079b480c7
cab/Bitmaps/326_1_IS.jpg	169685	0353a1429ad43a398811fc16a75a97e3
cab/Bitmaps/326_1_IZ.fxi	296272	2b7a4826da54ab0405a479bba8b4db46
cab/Bitmaps/32_1_bubbla_0000.jpg	52953	f22132a53ce06600bd0391c219111cde
cab/Bitmaps/32_1_bubbla_0001.jpg	52085	b5f43d37ed6b1a41e1f4a2a9ca17fb38
cab/Bitmaps/32_1_bubbla_0002.jpg	51057	300a8ccf74f7165c06fa395c245e176f
cab/Bitmaps/32_1_bubbla_0003.jpg	50189	14f57db542b12641ab2cc08672dce109
cab/Bitmaps/32_1_bubbla_0004.jpg	49578	b6ccff7fc3f12bbff38066cbd4d943ea
cab/Bitmaps/32_1_bubbla_0005.jpg	48969	3143da75b24b5d24d5b2a33db9da9847
cab/Bitmaps/32_1_bubbla_0006.jpg	48665	a05c84bd3fda0caf82be0ba12d3f8810
cab/Bitmaps/32_1_bubbla_0007.jpg	48343	37c30fdd917acbbefe2608dcebf579d1
cab/Bitmaps/32_1_bubbla_0008.jpg	48391	94c5d5981aa7cb0e64386ffec4c2827c
cab/Bitmaps/32_1_bubbla_0009.jpg	48528	feddc796b5a6d855944da9f55766f966
cab/Bitmaps/32_1_bubbla_0010.jpg	49235	7ca47702daa0574f15f85b8dd89ff969
cab/Bitmaps/32_1_bubbla_0011.jpg	50253	507ba9159b0551d3f774cf3685a305ae
cab/Bitmaps/32_1_bubbla_0012.jpg	51389	f1b575d943d718b36448eb5ac769a3ce
cab/Bitmaps/32_1_bubbla_0013.jpg	52380	372f9cbf0f2649c371075166fa160399
cab/Bitmaps/32_1_bubbla_0014.jpg	52872	4a6de0b4a9cb96e7bded1a59054a0467
cab/Bitmaps/32_1_bubbla_0015.jpg	53061	cf32a86ac135b111a00707827a4f1b21
cab/Bitmaps/32_1_IS.jpg	96004	ce820ceddc66ae49a12472928a590916
cab/Bitmaps/32_1_IZ.fxi	237799	9077678d763cb6457573cdf0f974238e
cab/Bitmaps/330_1_IS.jpg	129326	cba1515929749248e1e14e820ecfce7c
cab/Bitmaps/330_1_IZ.fxi	50618	a6ac2de2d06ee81e37aa3c6647df72a0
cab/Bitmaps/331_1_IS.jpg	215553	7314c8b371f9524a7cbd34f65354a71a
cab/Bitmaps/331_1_IZ.fxi	275673	41452d08aef37ca449f0a862d0490dc5
cab/Bitmaps/332_1_IS.jpg	123661	423cd9d13d7debf2dbcf6a5a7c7d65a4
cab/Bitmaps/332_1_IZ.fxi	112400	70b3ab79fbbb51ecf27f275e806e14a4
cab/Bitmaps/332_lucka_guytalking_0000.jpg	13950	7b7c6eb32f1a5e7deb45d27fe6267924
cab/Bitmaps/332_lucka_guytalking_0001.jpg	14017	a64a2ddcfdf080197fb5775d68e418a8
cab/Bitmaps/332_lucka_guytalking_0002.jpg	14017	6c70495fcd1bae92b278955b63673e31
cab/Bitmaps/332_lucka_guytalking_0003.jpg	13999	9b716c24bc7dcf6780040172360199a8
cab/Bitmaps/332_lucka_guytalking_0004.jpg	14014	5bbc01b1e25c5814ff07bf3978bdbcbb
cab/Bitmaps/332_lucka_guytalking_0005.jpg	14013	5e4e524f35e64d18b57d6257108e6775
cab/Bitmaps/332_lucka_guytalking_0006.jpg	14033	92cbf2680cda330ce12dba740d860542
cab/Bitmaps/332_lucka_guytalking_0007.jpg	14019	49606dc83bed372f16a1d7f7e89d86c3
cab/Bitmaps/332_lucka_guytalking_0008.jpg	14024	457232d5e2aff53d6c7d1ac2f7205ccc
cab/Bitmaps/332_lucka_open_0000.jpg	13747	6a8b683ce85cf42fc23c2468b0c89e39
cab/Bitmaps/332_lucka_open_0001.jpg	13758	bf2fddcfef170a06651051b4b42f7e23
cab/Bitmaps/332_lucka_open_0002.jpg	13766	9e337b791fb2f92fba6e016bd761dc91
cab/Bitmaps/332_lucka_open_0003.jpg	13769	dbcc85f093e1d25eb6823510b9bbeaab
cab/Bitmaps/332_lucka_open_0004.jpg	13834	f89d15f1d98f186993be4e36ba99471b
cab/Bitmaps/332_lucka_open_0005.jpg	13880	8d4f7aba0afc69e6eb82ad011e72d20d
cab/Bitmaps/332_lucka_open_0006.jpg	13915	8acf0e27dcc959deeb959ca8c8aadf9d
cab/Bitmaps/332_lucka_open_0007.jpg	13910	622c7e5633691d6b53690128b59a753d
cab/Bitmaps/332_lucka_open_0008.jpg	13965	70c76d2cef7178cdc77503978b19dbee
cab/Bitmaps/332_lucka_open_0009.jpg	13986	f02fe4cfb7b656bce09d1c97e1d2467b
cab/Bitmaps/332_lucka_open_0010.jpg	13960	2bfdc69c6d2caaa3ea161e14e6e17633
cab/Bitmaps/332_lucka_open_0011.jpg	13994	15cc8fd9e127a58a00cf6bf9c9c6d13f
cab/Bitmaps/332_lucka_open_0012.jpg	13994	708a6a1a0be50d5e5731bdee2706388f
cab/Bitmaps/333_1_IS.jpg	146547	c5f4b79370905344793417a981ae2a29
cab/Bitmaps/333_1_IZ.fxi	197031	3c7eb26138df276570dfe431f837f4e2
cab/Bitmaps/334_1_IS.jpg	204496	8f894ff1d1d28501c49300acf8dafd56
cab/Bitmaps/334_1_IZ.fxi	263023	69479c694f4d47965587479cfe669eb0
cab/Bitmaps/335_1_IS.jpg	98504	b3c8ba8c66a2964ad5a4f670f67b8c96
cab/Bitmaps/335_1_IZ.fxi	338755	ed10e17826ee57209d803007ea387ceb
cab/Bitmaps/336_1_IS.jpg	160667	b5f99c909b08b7a267024e8a67f3e08b
cab/Bitmaps/336_1_IZ.fxi	356496	e0ef70f58a19db718a3085109e0b7654
cab/Bitmaps/337_1_IS.jpg	153453	3fb4392f9eba25e1258a4bfd4de206c9
cab/Bitmaps/337_1_IZ.fxi	264238	5eebc9005103705b41bb80638ea38ef3
cab/Bitmaps/338_1_IS.jpg	124479	a02767b82960f1368caf2c3b2c7e89ed
cab/Bitmaps/338_1_IZ.fxi	102456	18dc41dddff72ef559db9100d577242c
cab/Bitmaps/338_1_Skylt.jpg	75447	1cc3d5d51885f97317c45b95d86c4e2b
cab/Bitmaps/33_1_IS.jpg	189579	199a1fef0a965b6b32d0f8a38ad383c8
cab/Bitmaps/33_1_IZ.fxi	326245	cff2b0955c2be6614584214f1c3bb7ff
cab/Bitmaps/33_1_kista_0000.jpg	7960	f2ea54c964ba21925ff20b2fd4a12a84
cab/Bitmaps/33_1_kista_0001.jpg	8210	d770d09cc342431b3972fa52433e8018
cab/Bitmaps/33_1_kista_0002.jpg	8387	6254177837b3df1fecaad468c40cbb66
cab/Bitmaps/33_1_kista__Z0000.fxi	7731	fe19550a1a37bd6fa8003d1a78879f68
cab/Bitmaps/33_1_kista__Z0001.fxi	7823	e2b828defdc351c4d15198f67a6c8a53
cab/Bitmaps/33_1_kista__Z0002.fxi	7891	d87a74e71c8e621050f63863bcc250e3
cab/Bitmaps/33_2_IS.jpg	196551	537b54fbc4307dc2cca9e341ffaf1995
cab/Bitmaps/33_2_IZ.fxi	288964	2028a089bbe7ac0a5d1b2fbcab612522
cab/Bitmaps/33_3_IS.jpg	220943	a154e9110edacfb97320dc490999342b
cab/Bitmaps/33_3_IZ.fxi	376439	a7a93b9301059807eee136ae9b5444e2
cab/Bitmaps/33_3_kista_0000.jpg	10979	92ffc8634fe81bde908bb409eb3e1d44
cab/Bitmaps/33_3_kista_0001.jpg	11075	380ac547658f97e79914102b3ecf79dc
cab/Bitmaps/33_3_kista_0002.jpg	10973	4a8a9502d873a4627b1acbf5f840333a
cab/Bitmaps/33_3_kista__Z0000.fxi	19282	15c889969ccbcfd5f99f834b589ed97d
cab/Bitmaps/33_3_kista__Z0001.fxi	19282	3c21ac19c4551fdad320f8f485ff6ed9
cab/Bitmaps/33_3_kista__Z0002.fxi	19282	c985ac5e3508309ac308b8322a42f55d
cab/Bitmaps/34_1_door.jpg	8326	bf5050d205ad3726fbd09734d2481216
cab/Bitmaps/34_1_door_Z.fxi	10988	29a63d4d496612bce9842d61215a83da
cab/Bitmaps/34_1_IS.jpg	133787	d8d15479254f250d4eccb9a11f2d3eb7
cab/Bitmaps/34_1_IZ.fxi	202822	284f2754f9fdebe39bada835dadeca79
cab/Bitmaps/34_2_IS.jpg	143830	d64de4e50e35a719e986bd92ce76f115
cab/Bitmaps/34_2_IZ.fxi	348004	47176ccdd7ef46cd00da4027d35ed1ec
cab/Bitmaps/34_3_IS.jpg	147764	7a1eaab212031329ae91a8b7d4dbc006
cab/Bitmaps/34_3_IZ.fxi	387129	e23559707cd28dd4a61f49d36edf01de
cab/Bitmaps/34_4_door.jpg	4943	39d3ad372f3e105c0011d5039b036024
cab/Bitmaps/34_4_IS.jpg	190581	2778499a4f83a588a3748a556a4f8841
cab/Bitmaps/34_4_IZ.fxi	403012	b7c7ab972df13a6c98bcd2b45b3b3f3f
cab/Bitmaps/34_5_IS.jpg	118033	7aed9131009d4b0f0051b47e309c3ac4
cab/Bitmaps/34_5_IZ.fxi	329944	b73938837564ba7356551ce616a33fac
cab/Bitmaps/35_1_IS.jpg	117443	fb3d252201047ee0ded54d0960960031
cab/Bitmaps/35_1_IZ.fxi	32748	0e85bd140edb24331ed7566c01826e38
cab/Bitmaps/35_2_IS.jpg	221283	f94cd86a1aa40ae1bcb88c321b38f519
cab/Bitmaps/35_2_IZ.fxi	84988	54c922331d41e321953564d7ce59a3a1
cab/Bitmaps/35_3_IS.jpg	142559	6309b37f9a133ca4620d6b59c3540cef
cab/Bitmaps/35_3_IZ.fxi	165331	af25ea6efccb2a9473b2c08714f0a26f
cab/Bitmaps/35_4_IS.jpg	160324	16c1d118b83d58e670c5008b4efbc07b
cab/Bitmaps/35_4_IZ.fxi	246057	9e9c4d25c3084a262a63beca6c7871a6
cab/Bitmaps/36_1_IS.jpg	182506	a9ab613f408d39910a6e758bfb5793bf
cab/Bitmaps/36_1_IZ.fxi	248539	5253bb8f4c43fd83e676e95c05ab43fd
cab/Bitmaps/36_1_Skylt.jpg	83640	7cc38b4a8fab9f52860bd1caf78ac797
cab/Bitmaps/36_2_IS.jpg	140516	16e56cdae5f884ea80ccc01df0452620
cab/Bitmaps/36_2_IZ.fxi	185588	24b1dc1be7a8e448b3d15325654d670b
cab/Bitmaps/36_3_IS.jpg	179961	241d6c7208191c888e212127426e1baf
cab/Bitmaps/36_3_IZ.fxi	368588	58cd3392cdc8c1b2be5afeb0c7fb8dd7
cab/Bitmaps/37_1_IS.jpg	51336	a37b750edaf7798c6b228d1938c30551
cab/Bitmaps/37_1_IZ.fxi	95958	356d83def434f2ba99c00df5420243fb
cab/Bitmaps/37_2_IS.jpg	52790	e92d9d41d42fd783bec29230a9635e48
cab/Bitmaps/37_2_IZ.fxi	333665	ffc9ee8724d39ea12d0322ac59a95aa0
cab/Bitmaps/37_2_lighten_IS.jpg	464152	24c75d590cbad56d6946bacee6faf930
cab/Bitmaps/37_3_IS.jpg	75490	c0f4a35f61d46defd526cbda6ef1bca1
cab/Bitmaps/37_3_IZ.fxi	271951	ca8c8561a9c126b84e4fa649727d976e
cab/Bitmaps/39_1_IS.jpg	175645	0457fd3de82ae6808ac0ed56c347efcd
cab/Bitmaps/39_1_IZ.fxi	316503	4c5fe1c64666091f68eb958ab9b8e9e1
cab/Bitmaps/3_1_IS.jpg	241843	9a0fc95accc37a8b8567097a1e02b9eb
cab/Bitmaps/3_1_IZ.fxi	169517	8999975db6343681f86b07502ead9e52
cab/Bitmaps/3_1_skylt.jpg	94190	144efeb5b67ac9a38e4454e3cd691d3a
cab/Bitmaps/3_1_skylt_Z.fxi	49790	893aac5fb29613b6894788d3a2670172
cab/Bitmaps/400_1_IS.jpg	124829	151d1df662913612baaf27f7b2ac98dd
cab/Bitmaps/400_1_IZ.fxi	262209	8887aeb7079964153070cfc6f22f0b11
cab/Bitmaps/400_2_IS.jpg	109569	105be9ae340170b08ec849c3d53bf98a
cab/Bitmaps/400_2_IZ.fxi	236463	d76dccb6f11d68fb6fa2781fb3abe99c
cab/Bitmaps/40_1_IS.jpg	204759	ed0b4990f1072461b7bd900da3065e91
cab/Bitmaps/40_1_IZ.fxi	509159	0de7d2337e879af05c7384c77b9f8729
cab/Bitmaps/41_1_IS.jpg	236734	e6260f6b2bfd911722d37748f8420b37
cab/Bitmaps/41_1_IZ.fxi	206237	526c3904f9629b502df1edeac21dc4ad
cab/Bitmaps/4_1_IS.jpg	146313	12a338996cf120f741c5b6134e7db483
cab/Bitmaps/4_1_IZ.fxi	299926	9cda9250e7ae876bf62c8f65604dad0f
cab/Bitmaps/4_1_Skylt.jpg	67417	930ab0e933fac5b9f166407cc3deb75f
cab/Bitmaps/4_1_water1_0000.jpg	7830	9557f1ce92eaa43126f9df649d77be54
cab/Bitmaps/4_1_water1_0001.jpg	7276	6aabb7dde746b3750b229e3176352bb6
cab/Bitmaps/4_1_water1_0002.jpg	7191	c1a18df90f45656588b627de988fa024
cab/Bitmaps/4_1_water1_0003.jpg	7426	c0472d8d9b19b4025fa30f48b5b28ad3
cab/Bitmaps/4_1_water2_0000.jpg	14985	f721ed3952e988104e8cb7e0a1ab0dcd
cab/Bitmaps/4_1_water2_0001.jpg	14243	021029bbc2191577bac31225d2b739b2
cab/Bitmaps/4_1_water2_0002.jpg	14138	55619253a09005aba25763e7f2d3c987
cab/Bitmaps/4_1_water2_0003.jpg	14426	2b0359b87270d96b4cae16ffdb2ec543
cab/Bitmaps/4_1_water30000.jpg	12635	394a9a7d57f56b688147b1eeca3457a6
cab/Bitmaps/4_1_water30001.jpg	12337	20de1b2544b179dde8b0c845a2585184
cab/Bitmaps/4_1_water30002.jpg	12293	280fba2697f2f971f51c290e9f6fd09a
cab/Bitmaps/4_1_water30003.jpg	12382	160d9043083987a4dc0899281719c1f5
cab/Bitmaps/4_1_water4_0000.jpg	12284	b9a69b02a58362565623405bfb61ad56
cab/Bitmaps/4_1_water4_0001.jpg	11885	b2066e58f3c0f4d82d91e0788ae8daf8
cab/Bitmaps/4_1_water4_0002.jpg	11848	c32660559c02babfa50d782482fd5388
cab/Bitmaps/4_1_water4_0003.jpg	12058	4be51f42999ed7bd197509f2808a01d4
cab/Bitmaps/4_2_IS.jpg	289064	1bef920a44f593591b2ca397505773bc
cab/Bitmaps/4_2_IZ.fxi	431108	ba2d13e0413fc12231d816dc0588d154
cab/Bitmaps/4_3_IS.jpg	244150	15a1164df21a16fbe2ad28fd44269f09
cab/Bitmaps/4_3_IZ.fxi	289503	82c9a414c8101727a9972fdcfaa69e1c
cab/Bitmaps/4_3_water1_0000.jpg	78421	2e5184a546a7745916e113536fabd200
cab/Bitmaps/4_3_water1_0001.jpg	75274	6bef52e823ab0eac25857a4da02d7b67
cab/Bitmaps/4_3_water1_0002.jpg	74455	4d0b4ffd9ad68e9b1e16edc9b8a87d49
cab/Bitmaps/4_3_water1_0003.jpg	75841	86e4e5295aa0ea30bb2829eb67332fef
cab/Bitmaps/4_3_water1_0004.jpg	78041	8a8602f994c05ff302053a5257e6a73e
cab/Bitmaps/4_3_water1_0005.jpg	75869	7c372f98f55d7135848739cfb3b329e1
cab/Bitmaps/4_3_water1_0006.jpg	74454	a9980aedeeba903391bb64598bece309
cab/Bitmaps/4_3_water1_0007.jpg	75211	2b364c9b18f35b4815882082aa0c3a85
cab/Bitmaps/4_3_water2_0000.jpg	6292	cb98292c9137df1d9bea58b1c2dde6ec
cab/Bitmaps/4_3_water2_0001.jpg	6202	ab6f369ccd517c1f0e79ee567e75ee97
cab/Bitmaps/4_3_water2_0002.jpg	6190	68f2b0298079b957490909c9a9dae2f6
cab/Bitmaps/4_3_water2_0003.jpg	6238	3257b08bae19bd15a435315b1afa87a5
cab/Bitmaps/4_3_water2_0004.jpg	6306	56df6f6733b6568eca89bc7198837cac
cab/Bitmaps/4_3_water2_0005.jpg	6237	1c221d6cfdee39a16adc6c087e319221
cab/Bitmaps/4_3_water2_0006.jpg	6204	fe912d22416f883a976489b876b57490
cab/Bitmaps/4_3_water2_0007.jpg	6208	39e9f6c2fb3f4ba1d91dcb02b2f2ef21
cab/Bitmaps/4_4_IS.jpg	181527	d80b05643f20149c0852d609e88fbaca
cab/Bitmaps/4_4_IZ.fxi	368153	f565347a1fe859feb88c76feb7eb6a4d
cab/Bitmaps/500_1_IS.jpg	8229	e14f2598819e35abdd1549d5cd9eb7db
cab/Bitmaps/500_1_IZ.fxi	196374	02388d0496d6452bf17a7cc2d518f6e0
cab/Bitmaps/50_1_IS.jpg	113136	f6746cb8f5f29318927e3d8fdc75f54d
cab/Bitmaps/50_1_IZ.fxi	323747	7b4a987e2a2a64b32a53f706d9754ba0
cab/Bitmaps/50_1_kistaopen_0000.jpg	3245	534448ff7234927801e92fb74ed59b2f
cab/Bitmaps/50_1_kistaopen_0001.jpg	3396	32a697f27d917f60c34fa777fafb6655
cab/Bitmaps/50_1_kistaopen_0002.jpg	3429	62825e632f694fa9c744e1ddab1d5b13
cab/Bitmaps/50_1_kistaopen_0003.jpg	3453	025addfb33de1aa42546b5c89757dc3e
cab/Bitmaps/50_1_kistaopen__Z0000.fxi	2559	afabd83744fda9466938003993842daf
cab/Bitmaps/50_1_kistaopen__Z0001.fxi	2593	d044d6b7d04547eb7370974487cf3dbe
cab/Bitmaps/50_1_kistaopen__Z0002.fxi	2451	a5eff8eef90f1bacbc95c96f045b2f48
cab/Bitmaps/50_1_kistaopen__Z0003.fxi	2520	de2a48014d94ac9478969da92117f319
cab/Bitmaps/50_1_kistaopen_finalframe.jpg	3453	025addfb33de1aa42546b5c89757dc3e
cab/Bitmaps/50_2_IS.jpg	120183	feb2c039cb901a46cd2f09dbfa9086c5
cab/Bitmaps/50_2_IZ.fxi	315634	eb65f931c8b4f7375937daf7629eecfb
cab/Bitmaps/51_1_IS.jpg	129326	b6a7459169cdd3e1c76bf011948d08e4
cab/Bitmaps/51_1_IZ.fxi	273580	d88e7cf6e1982003c521bc2e6c312507
cab/Bitmaps/53_1_IS.jpg	77827	68af6e071715e1d79923dea9c613fa9e
cab/Bitmaps/53_1_IZ.fxi	153240	5f0908c494cd3561b746f5ed4d1d6179
cab/Bitmaps/54_1_IS.jpg	124905	34b8d7108a4169fe750600eb14e3a626
cab/Bitmaps/54_1_IZ.fxi	371433	9daff4216dd924fd3e809dc10ecd188c
cab/Bitmaps/55_1_IS.jpg	91646	d6114df981d716a121d4f2214e52f33e
cab/Bitmaps/55_1_IZ.fxi	288452	621253b1e114607c42e74b0d6a789971
cab/Bitmaps/55_2_IS.jpg	81022	a7d3750993fb622eef942c2fb7ca142f
cab/Bitmaps/55_2_IZ.fxi	244345	12b97202620de9d66f1107938bf4acf7
cab/Bitmaps/56_1_IS.jpg	95094	7c9e6d51f4acfea80d19bb7e602c9722
cab/Bitmaps/56_1_IZ.fxi	178984	663b80f1ea66b8369949a650399531d1
cab/Bitmaps/57_1_IS.jpg	101875	e0d0a9d4f2ea7c2f6b55d6c518c73e6a
cab/Bitmaps/57_1_IZ.fxi	244323	c29614a642637a310f6c2b1058923812
cab/Bitmaps/58_1_IS.jpg	57173	53bfa67d30570ed31bdb0207170ae8c5
cab/Bitmaps/58_1_IZ.fxi	399329	5f9a6833745875810e34e21a23d7ba62
cab/Bitmaps/58_2_IS.jpg	62456	71862d9f5e25fa6c8ca78c58541b2527
cab/Bitmaps/58_2_IZ.fxi	361320	548a3719c75f0e676a2046a3bebd6126
cab/Bitmaps/58_3_IS.jpg	100818	b9a4391f960649993f16b8bb0bd75666
cab/Bitmaps/58_3_IZ.fxi	236382	a1b30d2c7fc2c1e56bd6d8c1db3f01fb
cab/Bitmaps/58_4_IS.jpg	68041	609ca7c05afe6300789dbc24a40166c4
cab/Bitmaps/58_4_IZ.fxi	372205	c9a7875c6b04cf0f5695414e25c23041
cab/Bitmaps/5_1_fire1_0000.jpg	4452	a392fb2cabb651e0d40dd8fbf5127f12
cab/Bitmaps/5_1_fire1_0001.jpg	4439	e50909d9c743250f94a71eec27ddaea4
cab/Bitmaps/5_1_fire1_0002.jpg	4445	f15ad2d5009f6135fcd6304a11c01e45
cab/Bitmaps/5_1_fire1_0003.jpg	4430	5418b03dabcc6beb5c0e0ed9253e0553
cab/Bitmaps/5_1_fire1_0004.jpg	4415	47e7153cf03d2f2876f0bb74f6e0d416
cab/Bitmaps/5_1_fire1_0005.jpg	4437	01bdcd5605811ac9a28a22e500aad764
cab/Bitmaps/5_1_fire1_0006.jpg	4425	d743f169cfd4851975f9c952a89f223d
cab/Bitmaps/5_1_fire1_0007.jpg	4432	098d9b4f27a67ab9d19b4efe231438a5
cab/Bitmaps/5_1_fire1_0008.jpg	4404	2ec1f4db20517c304991926b600bf584
cab/Bitmaps/5_1_fire1_0009.jpg	4432	276a17eef81f0657d627d82cdbf747db
cab/Bitmaps/5_1_fire1_0010.jpg	4432	276a17eef81f0657d627d82cdbf747db
cab/Bitmaps/5_1_fire1_0011.jpg	4409	863369e5044f66b4af05ed9a2bdbcd30
cab/Bitmaps/5_1_fire2_0000.jpg	4346	bebe1321d061986287782820349cb21d
cab/Bitmaps/5_1_fire2_0001.jpg	4292	36a0e84af203efa31db4ecf3564dee3f
cab/Bitmaps/5_1_fire2_0002.jpg	4289	9736c3363521ad75f776c45094b871f7
cab/Bitmaps/5_1_fire2_0003.jpg	4296	f1194881b06ed5478f81c87e660f87d7
cab/Bitmaps/5_1_fire2_0004.jpg	4308	5aab47630e7e5481842ca4bc00b29678
cab/Bitmaps/5_1_fire2_0005.jpg	4354	9648599af79bb44599b61df853d98c14
cab/Bitmaps/5_1_fire2_0006.jpg	4323	f840c6e7c8eefebf673d5badf615d92d
cab/Bitmaps/5_1_fire2_0007.jpg	4286	597e83b32c3a20ec702a1b554e55a03c
cab/Bitmaps/5_1_fire2_0008.jpg	4272	4fa1a8757a2085d19f6c3d07818ef622
cab/Bitmaps/5_1_fire2_0009.jpg	4278	146b93156287cc28fc34fa58a7378d42
cab/Bitmaps/5_1_fire2_0010.jpg	4323	aeb8771488a10e7604badff13fe7b0b9
cab/Bitmaps/5_1_IS.jpg	230044	87f7a76d877cb31da51f76ec0e9af475
cab/Bitmaps/5_1_IZ.fxi	242004	07d14af3f03573e2cafc24f1e8efaef4
cab/Bitmaps/5_2_fire1_0000.jpg	1876	cc01e4e079b9bff83e262510bd056b28
cab/Bitmaps/5_2_fire1_0001.jpg	1878	4f9b84ee6334530976ec66eb08fca39d
cab/Bitmaps/5_2_fire1_0002.jpg	1865	54f79ec5987add54a41a66288477204d
cab/Bitmaps/5_2_fire1_0003.jpg	1862	0d1f15665b5a8f3f15280faa4965af70
cab/Bitmaps/5_2_fire1_0004.jpg	1870	62005af82d34b375a4dd1e8972f160d3
cab/Bitmaps/5_2_fire1_0005.jpg	1879	92b852ca3f32cc931e542edaa4340814
cab/Bitmaps/5_2_fire1_0006.jpg	1877	d4191440d0901abbcd80a3a22618210d
cab/Bitmaps/5_2_fire1_0007.jpg	1874	960f9514d9642f39a4a3510d72f223af
cab/Bitmaps/5_2_fire1_0008.jpg	1866	94a9204766d101256f88d4bbd2e5509b
cab/Bitmaps/5_2_fire1_0009.jpg	1863	3f2b3e730ff20a43545f507af765f78a
cab/Bitmaps/5_2_fire1_0010.jpg	1872	d134afd7cf2cb751953ca5ed7e2b6f85
cab/Bitmaps/5_2_fire2_0000.jpg	1813	303074cfb243c25bc02ddca267d09561
cab/Bitmaps/5_2_fire2_0001.jpg	1806	d43cd5409d10f5dcd1b13a774c572abf
cab/Bitmaps/5_2_fire2_0002.jpg	1795	c0b469572eba9615dfc681a69bb6e29a
cab/Bitmaps/5_2_fire2_0003.jpg	1788	6bc9d0cf72b3c9c348c63fbe7f4c1126
cab/Bitmaps/5_2_fire2_0004.jpg	1792	e6bf6de6f0f5b89533b420dd1300db9a
cab/Bitmaps/5_2_fire2_0005.jpg	1802	e714ac9dec90b83d5448b617e61c9cdc
cab/Bitmaps/5_2_fire2_0006.jpg	1813	ea0fadaaea0cdc9fa23952091ad55f16
cab/Bitmaps/5_2_fire2_0007.jpg	1800	1bae7a64d9672684d3277e58b13a1011
cab/Bitmaps/5_2_fire2_0008.jpg	1797	9946768b1a736926e3f59841016a36f0
cab/Bitmaps/5_2_fire2_0009.jpg	1789	75f97a32242e3c335ca933538345bd87
cab/Bitmaps/5_2_fire2_0010.jpg	1807	a29c030f2d21cfb9da5d9b202f457ae8
cab/Bitmaps/5_2_IS.jpg	210164	aa0f83617584e1e57c8fdd558afb6975
cab/Bitmaps/5_2_IZ.fxi	179838	794f21a4227408fc55c15262877be404
cab/Bitmaps/5_3_IS.jpg	137447	eef8950ceb918936e46e89db853b1d08
cab/Bitmaps/5_3_IZ.fxi	258132	1f3af3f80b70598381fdaebb2dce0943
cab/Bitmaps/60_1_IS.jpg	190772	0abcc2ecdd1b34257ac7cfb0e24a3626
cab/Bitmaps/60_1_IZ.fxi	414682	f461498c8f428cd20612d06554535bcb
cab/Bitmaps/61_1_IS.jpg	125794	60b693df9be7ce367e5047b49041922e
cab/Bitmaps/61_1_IZ.fxi	314790	20e178a04b02f62480e9066c547f631f
cab/Bitmaps/61_2_IS.jpg	100418	efb07c0ac5f12aa61ca620af04283250
cab/Bitmaps/61_2_IZ.fxi	360779	13869b715397e6583edae3c0e4f36fe7
cab/Bitmaps/63_1_IS.jpg	134220	990e6de758dc86cda5585383405f1433
cab/Bitmaps/63_1_IZ.fxi	200971	b30a016d125bb5e9ba0d00a46f122230
cab/Bitmaps/65_1_IS.jpg	151164	2821199b5c17525333db4eb7abb94802
cab/Bitmaps/65_1_IZ.fxi	170091	53985b7bf45e3a9316a68675c8bd4aa1
cab/Bitmaps/66_1_IS.jpg	147872	c4cf22892df2901be55b338ff56ff037
cab/Bitmaps/66_1_IZ.fxi	103228	edbf0bcf0dfbe2fa262f36f840e8898a
cab/Bitmaps/69_1_IS.jpg	109740	0df67d8fc382cb36aa32be3ccd85e125
cab/Bitmaps/69_1_IZ.fxi	321858	8dd34e53c0a44f3ed0207fa53b311aef
cab/Bitmaps/6_1_IS.jpg	238543	d27f61cc29b27bb574b7534623bd1b3b
cab/Bitmaps/6_1_IZ.fxi	287497	e9cca5270690e8ae4cd71cf4d6b9b61c
cab/Bitmaps/6_2_IS.jpg	188464	814fa771924c1bb7dc3f41cb2aec4b63
cab/Bitmaps/6_2_IZ.fxi	366674	9944843e2813b151196881b7f10384bc
cab/Bitmaps/6_3_IS.jpg	200129	a0eb967453835f3a08a561d8057792d3
cab/Bitmaps/6_3_IZ.fxi	349162	84bd7777fbe84f3734873905bfd604a5
cab/Bitmaps/6_4_fireplace_AI_0000.jpg	3188	fcd78ac54ae80690e0362c619f0f64cf
cab/Bitmaps/6_4_fireplace_AI_0001.jpg	3182	7f515694e03938c09c5c498a568dc63d
cab/Bitmaps/6_4_fireplace_AI_0002.jpg	3191	bfb15545b5f97b5901bfd1666375318b
cab/Bitmaps/6_4_fireplace_AI_0003.jpg	3231	83200e18a9bd66586744a06c5ae7a711
cab/Bitmaps/6_4_fireplace_AI_0004.jpg	3249	395faa8dc564ed6028694cf9d9dc3766
cab/Bitmaps/6_4_fireplace_AI_0005.jpg	3269	be573720f49d062ed0552ccef9a7bc18
cab/Bitmaps/6_4_fireplace_AI_0006.jpg	3271	49c7729852cd61f9a5ed7ab11df51c6d
cab/Bitmaps/6_4_fireplace_AI_0007.jpg	3210	4ee092738320c4b84f1e1cd525157843
cab/Bitmaps/6_4_fireplace_AI_0008.jpg	3192	d31c685e742b14967e3ed5aa88197ee6
cab/Bitmaps/6_4_fireplace_AI_0009.jpg	3174	b628e84a3274f4a13c273a52c976d6fa
cab/Bitmaps/6_4_fireplace_AI_0010.jpg	3182	633225ecd80967763201b2ee3e4c07f6
cab/Bitmaps/6_4_fireplace_AI_0011.jpg	3188	ff16eac5cad09e1f9dc84541e20e9d08
cab/Bitmaps/6_4_fireplace_AI_0012.jpg	3204	6c3ae9d2b53c6e63a594c8afcc9aded1
cab/Bitmaps/6_4_fireplace_AI_0013.jpg	3202	6869e0e48d4ea3e2bb6feaf5647a26cb
cab/Bitmaps/6_4_fireplace_AI_0014.jpg	3194	bf2605c8be219ede3b3501f8b75a989f
cab/Bitmaps/6_4_fireplace_AI_0015.jpg	3196	3daa46f5e7100f00fb0617c0849ab2d0
cab/Bitmaps/6_4_fireplace_AI_0016.jpg	3197	85c362aefdc37d23eb334ae80efc710d
cab/Bitmaps/6_4_fireplace_AI_0017.jpg	3209	37e0ebb902561fa3e28a2cb463d5d6a4
cab/Bitmaps/6_4_fireplace_AI_0018.jpg	3194	0daec39ec84ff7d4b38f5471b739cc3d
cab/Bitmaps/6_4_IS.jpg	209231	5374f498bd0aeb4083dbfe6fe4df2a45
cab/Bitmaps/6_4_IZ.fxi	401110	eb3dc2ca3e7479f40eefc786b845831f
cab/Bitmaps/6_5_IS.jpg	176522	09580ee29f8ccccc083780cb8d970dad
cab/Bitmaps/6_5_IZ.fxi	347077	3c36e5c908c9ddece729d9448b24f96f
cab/Bitmaps/70_1_IS.jpg	159549	a4d68b532eb546ba154695cb562d6531
cab/Bitmaps/70_1_IZ.fxi	371601	a45b7ddca281f1625e487a1581dadd38
cab/Bitmaps/70_2_IS.jpg	131692	b8b60ea41b82fdba6372640df7c9ede0
cab/Bitmaps/70_2_IZ.fxi	275201	a9432c9c76b6b1fd2dcf3c5e75d3fed2
cab/Bitmaps/71_1_IS.jpg	71096	5270683df3e46bd954e8169c97084f4e
cab/Bitmaps/71_1_IZ.fxi	355720	9ed48f4bc6a7338f5d0c5eebe21c7c8e
cab/Bitmaps/71_2_IS.jpg	65302	4e8bd7b01624a19dcfea736eb3e12213
cab/Bitmaps/71_2_IZ.fxi	55935	1da0afff45d52e0a48e4ca4d223eb153
cab/Bitmaps/71_3_IS.jpg	80192	fd1140bb0a79b2fc7578a18fa3325cd5
cab/Bitmaps/71_3_IZ.fxi	307207	3d78bba9e8e87d4a65fc3aeee1f32781
cab/Bitmaps/72_1_IS.jpg	118505	8f89380525ba63d23b0abab0df6b68bf
cab/Bitmaps/72_1_IZ.fxi	331624	43878ad0f9350281e10ef28282f474e5
cab/Bitmaps/73_1_IS.jpg	122866	985ba7ed71c3153297892a9cd4bc6947
cab/Bitmaps/73_1_IZ.fxi	371065	3adef0c447fca106d8afdd3fa598cf49
cab/Bitmaps/74_1_IS.jpg	74697	66cfff0ced958f394e025793107e4b79
cab/Bitmaps/74_1_IZ.fxi	366677	c671c32ffebc588a9d33495b30fd3825
cab/Bitmaps/75_1_IS.jpg	126871	661e8dac7fbb6320b048b5d78956eeac
cab/Bitmaps/75_1_IZ.fxi	52802	caf410d6bf581b633544356eeb903b3a
cab/Bitmaps/7_1_IS.jpg	267752	b0a594299c8675b65432d8e9406aa539
cab/Bitmaps/7_1_IZ.fxi	378226	68bb9d7f2411746f47067b8a7972bd89
cab/Bitmaps/80_1_IS.jpg	130511	1ac8e18610e2a6e958e0f074c265d2b9
cab/Bitmaps/80_1_IZ.fxi	236200	e06095a668ef318be8011d591af8bcee
cab/Bitmaps/81_1_IS.jpg	68666	0d613f8ea90ed801565c0463e864f86a
cab/Bitmaps/81_1_IZ.fxi	33562	7aee2a9b9680ac76c7beb95f86b80bf9
cab/Bitmaps/82_1_IS.jpg	71414	a599d87beffd7f24709440aa68439203
cab/Bitmaps/82_1_IZ.fxi	37575	7f70d3572f3144fb9ae0b846b2e4f6cc
cab/Bitmaps/83_1_IS.jpg	75026	a3ac8cbff98bea147d1dbe07b5f57a82
cab/Bitmaps/83_1_IZ.fxi	302867	0eb2a0de6905744c8741120e8df36650
cab/Bitmaps/84_1_IS.jpg	71002	1a14a98b98f9030b61978d345e18521c
cab/Bitmaps/84_1_IZ.fxi	34238	d6529b50c1a40e375c6e33ce695a1459
cab/Bitmaps/85_1_IS.jpg	74327	c028c5b8691822cb283dcc10f98080a1
cab/Bitmaps/85_1_IZ.fxi	302745	d8c5d003aea8abdcbf498f9a4a2eb4ee
cab/Bitmaps/86_1_IS.jpg	69613	7d43f07f55c401441431c4c20db0f30b
cab/Bitmaps/86_1_IZ.fxi	44750	0dc35ae6dd85a757cddb54ad2c514bba
cab/Bitmaps/87_1_IS.jpg	201788	8a61e0423630fb68370b5ccf6f762f22
cab/Bitmaps/87_1_IZ.fxi	326122	ee4523bb9074684a4e91215e729d8cfd
cab/Bitmaps/8_1_IS.jpg	291917	b821d6505a2c67675696c9018cf49779
cab/Bitmaps/8_1_IZ.fxi	323752	189c9fbe9b357c964fa07f8319688a2b
cab/Bitmaps/8_2_IS.jpg	317269	be6563612b62445ad2b0fdb85334a127
cab/Bitmaps/8_2_IZ.fxi	183642	557042ebf73ff0104987d11ac913bea4
cab/Bitmaps/8_3_IS.jpg	222469	e04495f417bcc5379d180c65080a5f5b
cab/Bitmaps/8_3_IZ.fxi	153056	fcb971595cb464bcfd2d45187355f81f
cab/Bitmaps/90_1_IS.jpg	211503	ea1380a61d0e2b36d4a655737ed881e6
cab/Bitmaps/90_1_IZ.fxi	321371	028012d98e9d070290028b973fb72a0f
cab/Bitmaps/96_1_IS.jpg	179418	e0f75251522f570a3ea744584dac0b39
cab/Bitmaps/96_1_IZ.fxi	23193	b16c22ae947d2b5520a63dbf3e3f8466
cab/Bitmaps/9_1_IS.jpg	144984	68d357dfbc4293d232abcad44f39f32f
cab/Bitmaps/9_1_IZ.fxi	294274	7f5862eacc18dfc60bbaf9aa9c5f49fc
cab/Bitmaps/9_2_IS.jpg	157171	7cc33e635809d99b660b781079e9dec1
cab/Bitmaps/9_2_IZ.fxi	356626	cb5c52132228d830b5d433d5eddec1f8
cab/Bitmaps/9_3_IS.jpg	142551	cc079ed98e97670e9d9ae76b6838331a
cab/Bitmaps/9_3_IZ.fxi	209107	9be0b0e70b0c3b07df1fa59c7420fe1f
cab/Bitmaps/A1.jpg	2889	c0960c0264dc2aa3d1da154dc818a48f
cab/Bitmaps/A6.jpg	3015	5e52dfb08c0d85035d4e8f2f47b423d6
cab/Bitmaps/ApeChampTextur copy.tga	32812	beff1fc59a70955875a9b0298b14c40c
cab/Bitmaps/apeking_son.tga	32812	25dbc57d8d49b66f67d24d5cb7c9f75d
cab/Bitmaps/B5.jpg	3495	1985fadbf38ed8a98a8a4361b9fdf117
cab/Bitmaps/back_texture_IO.tga	556	098db4f3e977dc02c83dfbfc6d8bf29e
cab/Bitmaps/banana_IT.tga	32812	d705497dd6b4247f5e897a234353b65b
cab/Bitmaps/bat06_0000.jpg	2887	a0a187883bf704ad369647efabecbb7e
cab/Bitmaps/bat06_0001.jpg	2861	b314bf82401affa8eae136a2aa0499f2
cab/Bitmaps/bat06_0002.jpg	2882	01794f7643789f898f0e4ebd9fcbcc4f
cab/Bitmaps/bat06_0003.jpg	2871	9e94746c7866f7890f67eabf07747b64
cab/Bitmaps/bat06_0004.jpg	3119	fa1a4a473201c697c01418ec8e25e7fe
cab/Bitmaps/bat06_0005.jpg	3453	e7dfa9dd319ac8d4cfb27715740b82bb
cab/Bitmaps/bat06_0006.jpg	3586	e5cecdf587bcdff4c4243773a172a1b5
cab/Bitmaps/bat06_0007.jpg	3707	9319e5234037cf21dffe0576ed10097b
cab/Bitmaps/bat06_0008.jpg	3794	453a388ee4b3ea52b7f8d72de8513d98
cab/Bitmaps/bat06_0009.jpg	4067	91b84db6c43f8a593aa9cbc94eb4286b
cab/Bitmaps/bat06_0010.jpg	4118	cf0095503443c15fd54d46c973bccd7a
cab/Bitmaps/bees_IT.tga	8236	9e1ed41898924dfad84380fe80276c12
cab/Bitmaps/belt0000.jpg	6517	9626ff7f526174346af3538941a97749
cab/Bitmaps/belt0001.jpg	5928	450f9ff1670536ea786346eeafb0d29e
cab/Bitmaps/belt0002.jpg	6149	a04d33182d077da9c1fcad5f93f3e7a3
cab/Bitmaps/belt0003.jpg	5757	16569f4371ecc507773d48b3ece9c62e
cab/Bitmaps/belt0004.jpg	6084	ccf344bfa52d8e35b1cafede2db0bafb
cab/Bitmaps/belt0005.jpg	6041	d86fd5606d9c7ca7706cecaab0ecf6ff
cab/Bitmaps/belt0006.jpg	6071	159b05bd3344dbbf6ecc6579dd1ae75f
cab/Bitmaps/belt0007.jpg	5920	b95399b6e0722da5083ed10ae06d0ce5
cab/Bitmaps/belt0008.jpg	6243	60aa5bf51e39e36391698ac556611b29
cab/Bitmaps/belt0009.jpg	6139	7f66e26f4bfeffc09a06c1f184f950bb
cab/Bitmaps/belt0010.jpg	6117	06f8be9f3353f8fe07c0ba3064b20f06
cab/Bitmaps/belt0011.jpg	6265	f7cebaddffa72b33bb247a4c2f2371c1
cab/Bitmaps/belt0012.jpg	6210	8204aebef400bbdb70568bd081a67294
cab/Bitmaps/belt0013.jpg	6449	fa80ed47ca4d7817282417c29a6ad61f
cab/Bitmaps/belt0014.jpg	6034	7e0275e9742eb9161c6fb2bd55738a5b
cab/Bitmaps/belt_cam1_0000.jpg	3431	60010981bcf8c5febe96b5970f3e0e73
cab/Bitmaps/belt_cam1_0001.jpg	3422	0e512c14998d3428f35dc2a1c365b186
cab/Bitmaps/belt_cam1_0002.jpg	3369	34c35117d03116fc4bd15e7f37b242b8
cab/Bitmaps/belt_cam1_0003.jpg	3388	98664f5ad80d1abe804d6e3b28520da9
cab/Bitmaps/belt_cam1_0004.jpg	3450	49c97ba485cc7443f7a1a8845e8d3369
cab/Bitmaps/belt_cam1_0005.jpg	3439	751f949a90a399e8133c91babeec7d63
cab/Bitmaps/belt_cam1_0006.jpg	3400	b3332acc8748ce508360d2ec656add06
cab/Bitmaps/belt_cam1_0007.jpg	3385	9d9eccf0b49f48bcdb2c132977137057
cab/Bitmaps/belt_cam1_0008.jpg	3416	b4d82a1bbc49215aa4e9b852d7d4af0a
cab/Bitmaps/belt_cam1_0009.jpg	3450	f11970a913bac432f4352f7fb6fd91fd
cab/Bitmaps/Birdtexture_Svart.tga	12332	051c0fd0018f8a04ea7e4aa92290cae0
cab/Bitmaps/blue_bird_0000.jpg	5973	c2791515cb221a36b61d9c96501b99c8
cab/Bitmaps/blue_bird_0001.jpg	5970	fc7242e6196ad2a2abb82eaa0704aaa1
cab/Bitmaps/blue_bird_0002.jpg	5968	adb0e6952ead81b190705c05f481c11b
cab/Bitmaps/blue_bird_0003.jpg	5974	c96a09bdf46e01de937021f8a7d4e408
cab/Bitmaps/blue_bird_0004.jpg	5828	b745b33c155bfb3457c0c6f35c5db144
cab/Bitmaps/blue_bird_0005.jpg	5722	013362867a147b43d7ff0890c1cec7ac
cab/Bitmaps/blue_bird_0006.jpg	5542	f545d1a336a40ef77649612d189ffcdc
cab/Bitmaps/blue_bird_0007.jpg	5605	1e2f37bf906caddd6ca13e5006467879
cab/Bitmaps/blue_bird_0008.jpg	5935	873c52c17313df17b35c6bef156e1b68
cab/Bitmaps/blue_bird_0009.jpg	5594	d1ce586f4971f41bb70c22c271557fa4
cab/Bitmaps/blue_bird_0010.jpg	5455	0e843f13a09fa3e137f8167c0ba1fae0
cab/Bitmaps/blue_bird_0011.jpg	5426	7e26cecb9effe8cfa7b26ec6b78c1d9b
cab/Bitmaps/blue_bird_0012.jpg	5876	ad0e3fd379420a95be1b1da55d5729f2
cab/Bitmaps/blue_bird_0013.jpg	5427	13cecde289eb41d0b8fedb78e895404f
cab/Bitmaps/blue_bird_0014.jpg	5316	7c84086c200ce4256094eb745466be68
cab/Bitmaps/blue_bird_0015.jpg	5456	f62f35a53a53ab02bd6b67fcfd40d4df
cab/Bitmaps/blue_bird_0016.jpg	5782	8a3ab9fed8f86fd2b7157d5f609669cb
cab/Bitmaps/blue_bird_0017.jpg	5700	94a107a92b7ce6766d83fb64218d2701
cab/Bitmaps/blue_bird_0018.jpg	5513	c819711cb2a19e342c59ff16e26d8b05
cab/Bitmaps/blue_bird_0019.jpg	5904	eeda75a6e13e9a7edc1082c0574bd2c3
cab/Bitmaps/blue_bird_0020.jpg	5858	780c9054c276df8badea9f3d7c52a4bf
cab/Bitmaps/blue_bird_0021.jpg	5963	c38422cee9c6e1e81cad1981d2cb4ffa
cab/Bitmaps/blue_bird_0022.jpg	5601	349b9119dd1638ee38cee03cabcd7547
cab/Bitmaps/blue_bird_0023.jpg	6030	d94335dcb5cceff26c265d718fb62ef9
cab/Bitmaps/blue_bird_0024.jpg	5932	ca291c31e4487cca871f15e77e6584da
cab/Bitmaps/blue_bird_0025.jpg	5948	10f94351b5f5bfd82726bab9d9417670
cab/Bitmaps/blue_bird_0026.jpg	5923	6af8c971bb1b8ccc21742918bfcf7cd1
cab/Bitmaps/blue_bird_0027.jpg	5926	5093b05ebaaa7a0d86a425cf83bf5409
cab/Bitmaps/blue_bird_0028.jpg	5910	3cdcaecf0eabbb8129c41502f2444fa1
cab/Bitmaps/blue_bird_0029.jpg	5941	ea07bb81eef8e9d870ae330cddbf2a1d
cab/Bitmaps/blue_bird_0030.jpg	5973	3ff538821309a0312395f0f47b80ae9c
cab/Bitmaps/board.tga	12332	457f7d249ba8ae31c759b40dd8124b66
cab/Bitmaps/boulder.tga	131116	8c43ddc3850c742f3d76e527561e396e
cab/Bitmaps/Boulder_left_cam1.jpg	6173	50ff284280eef031eae1e46d6e98a957
cab/Bitmaps/Boulder_left_cam1_Z.fxi	1574	35ada20f35a770341d7b38c8195d6ebe
cab/Bitmaps/Boulder_left_cam2.jpg	4656	b5ad096d1ed11aa2ec32dfb001485037
cab/Bitmaps/Boulder_left_cam2_Z.fxi	1787	0fe9a4337dc767943b7c699b63f4523a
cab/Bitmaps/Boulder_right_cam1.jpg	6504	de9b0a8f4e664712cb074493acc734b5
cab/Bitmaps/Boulder_right_cam1_Z.fxi	1455	27fa869203cd34ef41c7d8497345cc29
cab/Bitmaps/Boulder_right_cam2.jpg	6124	9dfae02149913c78a7e063ec47db5bba
cab/Bitmaps/Boulder_right_cam2_Z.fxi	2152	d7c3622da7f322b1ce7751c7b5ccda3d
cab/Bitmaps/bubbla.tga	65580	a2ba6efc923a6d4fdbb0b282cfd89b9d
cab/Bitmaps/bubblor.tga	65580	a2ba6efc923a6d4fdbb0b282cfd89b9d
cab/Bitmaps/bucket_IT.tga	32812	98868c0fd6c3201ca9e002218bf5f3c5
cab/Bitmaps/burningroots_0000.jpg	81624	f9e35558f6c289c1c737d843c4c1bd72
cab/Bitmaps/burningroots_0001.jpg	81644	bb6f32097d36fa483083ef5b03dc4d92
cab/Bitmaps/burningroots_0002.jpg	81728	71933c3cbafa692cd3b3f828dc80621b
cab/Bitmaps/burningroots_0003.jpg	81903	1437de7898f0e5742db658e0acec8593
cab/Bitmaps/burningroots_0004.jpg	81877	c39c733785c2e265f57d7081695aed64
cab/Bitmaps/burningroots_0005.jpg	81883	3c0d25c6483013894bb3d42bfc0f89ff
cab/Bitmaps/burningroots_0006.jpg	81588	b680d89a38b4c900b74a0de16b8d0852
cab/Bitmaps/burningroots_0007.jpg	80972	0c6d4ec6992e70e96e4c80cc05fc40c2
cab/Bitmaps/burningroots_0008.jpg	79965	152f4612cbb0772230d7efdae72b7893
cab/Bitmaps/burningroots_0009.jpg	78884	a601fa52a0b11448e06bb7655290207c
cab/Bitmaps/burningroots_0010.jpg	77663	daaf5a657433868fd03bc763b19b47e5
cab/Bitmaps/burningroots_0011.jpg	76811	d2f3d070fcd51dad59fc3e4280571d78
cab/Bitmaps/burningroots_0012.jpg	79486	525a505b9afafd638f8f8397220a5fc5
cab/Bitmaps/burningroots_0013.jpg	79746	2016b2db624c6838cb75378d06f70135
cab/Bitmaps/burningroots_0014.jpg	79414	e8b36a83dcc4bf752b83f318f61ec3e8
cab/Bitmaps/burningroots_0015.jpg	79455	47d040b74e047b3262f9171814c7f01f
cab/Bitmaps/butterfly.tga	16428	9f479b5c707620ac31865a3cd38c4520
cab/Bitmaps/butterfly2_0000.jpg	5659	1e3bcf00e3454d45384153c20f353b4c
cab/Bitmaps/butterfly2_0001.jpg	5405	a42703fd50ea7c6b3446945aa1a4d681
cab/Bitmaps/butterfly2_0002.jpg	5300	f57d6158f3c22b6450feb0d8f0401b04
cab/Bitmaps/butterfly2_0003.jpg	5201	d7ef68147443499ced9472658bc8e37f
cab/Bitmaps/butterfly2_0004.jpg	5119	703fefa480d421c546e7b81763329b30
cab/Bitmaps/butterfly2_0005.jpg	5049	ed835a298e5ce994d91fad9b87ff4332
cab/Bitmaps/butterfly2_0006.jpg	4867	1a78e94fd29c6057f37aa5cfdabaaf8e
cab/Bitmaps/butterfly2_0007.jpg	4834	fb2b65fd7825d899c6cd56d55ec82332
cab/Bitmaps/butterfly3_0000.jpg	5672	6acfc504815762567f5fd8a3af137f92
cab/Bitmaps/butterfly3_0001.jpg	5402	02ecf68cb5914dd9ccba004b8e22335b
cab/Bitmaps/butterfly3_0002.jpg	5302	00aafe6ac9e53c0cd0f5413094d7312c
cab/Bitmaps/butterfly3_0003.jpg	5198	7c41e1d806de8b9f1496f226f86e4efe
cab/Bitmaps/butterfly3_0004.jpg	5114	3813fec6da117b2994be9bac16247689
cab/Bitmaps/butterfly3_0005.jpg	5048	ce7c8a15473ea7c7e6da03cb2a30d4ac
cab/Bitmaps/butterfly3_0006.jpg	4861	3737aec471fe95bf31383767516f34eb
cab/Bitmaps/butterfly3_0007.jpg	4837	5ba37d5d5d4e3f49b4c6ed13631c2e0a
cab/Bitmaps/butterfly4_0000.jpg	5598	1fa851fa208cdc4889131c74232332e3
cab/Bitmaps/butterfly4_0001.jpg	5315	7fb87779602e1cefa48f3989a8d9bab1
cab/Bitmaps/butterfly4_0002.jpg	5242	c6fee606ba1578a4917275e778f95ec5
cab/Bitmaps/butterfly4_0003.jpg	5101	60e8daa7d30b6f9e93534a6686b3bc98
cab/Bitmaps/butterfly4_0004.jpg	5037	92bf3da6ec091f78668b27692688a00c
cab/Bitmaps/butterfly4_0005.jpg	4971	4144391025872c1938636fea6b04c77e
cab/Bitmaps/butterfly4_0006.jpg	4811	34231b360c3c9a0ed167458ee5fb1347
cab/Bitmaps/butterfly4_0007.jpg	4802	31baa4c51a497684f3f238d1eaa55d56
cab/Bitmaps/butterfly5_0000.jpg	4485	8bdaca922344befebac7e725d8f42751
cab/Bitmaps/butterfly5_0001.jpg	5708	51c1aa70643ac3d9ab2ba4b582a77ef0
cab/Bitmaps/butterfly5_0002.jpg	4848	e788945802d1f064e44f8177ebfd84c9
cab/Bitmaps/butterfly5_0003.jpg	5829	cda4be95cbed2573cb315086879fcd80
cab/Bitmaps/butterfly5_0004.jpg	3826	30be20b83b30e2311c82c86aec9d12ba
cab/Bitmaps/butterfly6_0000.jpg	5848	0ef0aa88636d4b93941a42a1ed4453ec
cab/Bitmaps/butterfly6_0001.jpg	5586	bd076f51b189ff792bb074ac5bffc873
cab/Bitmaps/butterfly6_0002.jpg	5519	d85a473bcc484c9d2bb36fa05c6150b7
cab/Bitmaps/butterfly6_0003.jpg	5362	114e48edbaca8831a5e87b6c54b90707
cab/Bitmaps/butterfly6_0004.jpg	5253	bd29db4576aae762f68f9cb6f66fd75b
cab/Bitmaps/butterfly6_0005.jpg	5174	c382fa4099d0317d7546ea51547bb1a2
cab/Bitmaps/butterfly6_0006.jpg	4978	7e25e93f526f89e6e71461e9d3aa9c95
cab/Bitmaps/butterfly6_0007.jpg	4941	7a8067ffd957b72cb1b34670e0d9911f
cab/Bitmaps/butterfly_0000.jpg	4455	c6d003363ec2c69587b0e1dff1f9a65b
cab/Bitmaps/butterfly_0001.jpg	5618	88b762dbb3d0b22babd906a0ce0048fd
cab/Bitmaps/butterfly_0002.jpg	4830	ffcefb537ee518f4d151bc5a609fd954
cab/Bitmaps/butterfly_0003.jpg	5753	68d5b603343b715b71ea3ed8d3118bd8
cab/Bitmaps/butterfly_0004.jpg	3801	7229bb1370b840dc95fb0495f34f598f
cab/Bitmaps/C1_Eld1_0000.jpg	1632	303d44a968db87532af4ccb7177db246
cab/Bitmaps/C1_Eld1_0001.jpg	1656	7ec15f51fe00a269e234a003f9d43821
cab/Bitmaps/C1_Eld1_0002.jpg	1660	f43c0cde2b059ea2072f7435ec51f2ef
cab/Bitmaps/C1_Eld1_0003.jpg	1644	7233cb48e5a028bcbad60cd1c5ce9db4
cab/Bitmaps/C1_Eld1_0004.jpg	1644	aac8deee79c0df45da81aa2d0cca5cb2
cab/Bitmaps/C1_Eld1_0005.jpg	1650	ac169527924f919368458bc3f321e45e
cab/Bitmaps/C1_Eld1_0006.jpg	1646	8556da9da8a8f636d9132872e4432376
cab/Bitmaps/C1_Eld1_0007.jpg	1640	04fc5749da3677970d982d3017c78719
cab/Bitmaps/C1_Eld1_0008.jpg	1630	8ccecb41ed08909ad6cfa6148d8b4335
cab/Bitmaps/C1_Eld1_0009.jpg	1647	d316b3723ad8df68c839862dfff140e9
cab/Bitmaps/C1_Eld1_0010.jpg	1641	82da18bdc524b3cab85daf43aa55669b
cab/Bitmaps/C1_Eld1_0011.jpg	1636	ac3707960b13ad796ab6ad0282eb8619
cab/Bitmaps/C1_Eld1_0012.jpg	1651	92fccd4fbdbf46aa562e502d3787c1c1
cab/Bitmaps/C1_Eld1_0013.jpg	1645	a718c59c7e12684da37b95d00112e033
cab/Bitmaps/C1_Eld1_0014.jpg	1644	73467663506b1af2c6fe5ae6b10e3f28
cab/Bitmaps/C1_Eld2_0000.jpg	1785	0a20feb24c5d60c02c409c1c105df622
cab/Bitmaps/C1_Eld2_0001.jpg	1782	986d8217011b48755c474512495e5c6b
cab/Bitmaps/C1_Eld2_0002.jpg	1802	050a475780d12eca1bd970cd487fc6d8
cab/Bitmaps/C1_Eld2_0003.jpg	1800	758fb51406b6f24b01e488edec63f93f
cab/Bitmaps/C1_Eld2_0004.jpg	1777	b3ea5495b2a89f04646db8c5a9761b3c
cab/Bitmaps/C1_Eld2_0005.jpg	1786	58a6aa91af559952fb3dfd6f3d22897a
cab/Bitmaps/C1_Eld2_0006.jpg	1794	745ef8fcd68291bdbbc57c3576826c24
cab/Bitmaps/C1_Eld2_0007.jpg	1767	479c5ccc06839bf644b856151a73a3c4
cab/Bitmaps/C1_Eld2_0008.jpg	1785	a36b80b0d7a44552d885c11c3d13d731
cab/Bitmaps/C1_Eld2_0009.jpg	1788	5459a5be4148b3ec953c6cf2311c7945
cab/Bitmaps/C1_Eld2_0010.jpg	1799	8af107f2f02343a207474b4f418554da
cab/Bitmaps/C1_Eld2_0011.jpg	1785	7d7c61eeaac69a4ad36fe3f44856fe8e
cab/Bitmaps/C1_Eld2_0012.jpg	1786	004935ee50f46777eabea6b8f73b48fe
cab/Bitmaps/C1_Eld2_0013.jpg	1814	c41359341e58f1607ae1623c31101b6e
cab/Bitmaps/C1_Eld2_0014.jpg	1791	d65689c1157163e4e1cd39ceef1d7e0e
cab/Bitmaps/C1_Eld3_0000.jpg	1632	eb7c2487205c26a182028a5fba10720b
cab/Bitmaps/C1_Eld3_0001.jpg	1620	54cc761a1eee8d1aaf7107b3c69e8ee0
cab/Bitmaps/C1_Eld3_0002.jpg	1622	87317bf15140c4b2e1ad31d09cc559af
cab/Bitmaps/C1_Eld3_0003.jpg	1611	f691dc2cb25adcbdce36b9e67adcc569
cab/Bitmaps/C1_Eld3_0004.jpg	1627	cabcc3d9838c93204c4ec18f9efa5ba5
cab/Bitmaps/C1_Eld3_0005.jpg	1617	f2ef8c5774ccab13d32ce0849e1dfe9d
cab/Bitmaps/C1_Eld3_0006.jpg	1628	0a713f33d2fb5985fa7cf51c61abdb68
cab/Bitmaps/C1_Eld3_0007.jpg	1622	4a1dc1d2c144eed81d3dfb8caa94d47b
cab/Bitmaps/C1_Eld3_0008.jpg	1627	b18f6945d1d78a6e6480e4bee8a0699f
cab/Bitmaps/C1_Eld3_0009.jpg	1617	e506e3f698e889357fc70f8560fcc72f
cab/Bitmaps/C1_Eld3_0010.jpg	1622	94bc1175984bb8671c07116d45a57240
cab/Bitmaps/C1_Eld3_0011.jpg	1620	35f01a8299b8cd42ea509eeb8069f3e1
cab/Bitmaps/C1_Eld3_0012.jpg	1617	35a70368782c1680dae2643a3c22ea74
cab/Bitmaps/C1_Eld3_0013.jpg	1621	a8a5a185c53c796ee7713fb455c104b7
cab/Bitmaps/C1_Eld3_0014.jpg	1626	575eac34323bc4509c9020e3ae8ffb4f
cab/Bitmaps/C1_Eld4_0000.jpg	1478	45cf9f1e64ffebeff05cbd1f06c29903
cab/Bitmaps/C1_Eld4_0001.jpg	1482	8f058cadf32ec0c1255809a7b4afd730
cab/Bitmaps/C1_Eld4_0002.jpg	1468	e305e5c08dec8a955e4da3d364ae56fb
cab/Bitmaps/C1_Eld4_0003.jpg	1473	708f5f9f972fa6d9a0897fdf5a2333af
cab/Bitmaps/C1_Eld4_0004.jpg	1472	2f8cd527527491a58689fe10e3c2f834
cab/Bitmaps/C1_Eld4_0005.jpg	1470	ae0cf8b2152cad951ba7cfec9ed9f954
cab/Bitmaps/C1_Eld4_0006.jpg	1469	9964a9afa5d59210e6547f6f5d0a3372
cab/Bitmaps/C1_Eld4_0007.jpg	1484	ce6a117ef225a43f314744e4c84e8888
cab/Bitmaps/C1_Eld4_0008.jpg	1468	151477e3e519c7d34c5ec7cc5be5dc37
cab/Bitmaps/C1_Eld4_0009.jpg	1480	f8ac78c15bbff81e3b775631ac7f1a89
cab/Bitmaps/C1_Eld4_0010.jpg	1482	47a6fe3ad088057f9e27e028e701e23e
cab/Bitmaps/C1_Eld4_0011.jpg	1469	1cf0ca60e2b3515ba79950f99d74338a
cab/Bitmaps/C1_Eld4_0012.jpg	1482	b5472992df09cfb6cd3357dced684362
cab/Bitmaps/C1_Eld4_0013.jpg	1469	dab86298a756cd5f87e5e1edb0365a46
cab/Bitmaps/C1_Eld4_0014.jpg	1472	39ecdf55936e0d545841a45f2c6dd4a1
cab/Bitmaps/C1_Eld_0000.jpg	7671	b6dad98e2dcc8b9484eb64953826d513
cab/Bitmaps/C1_Eld_0001.jpg	7575	e468e1e5177d246f52e6edec18b4d515
cab/Bitmaps/C1_Eld_0002.jpg	7516	8f986e7a1497ba1ec14e755453e04807
cab/Bitmaps/C1_Eld_0003.jpg	7447	264de049b4a5a10568f9c4730a1b6dfd
cab/Bitmaps/C1_Eld_0004.jpg	7431	02ccce03e3717e0d1e8746868266c457
cab/Bitmaps/C1_Eld_0005.jpg	7438	b9c1f74e3ab73e2c8bc97d4967ef7dee
cab/Bitmaps/C1_Eld_0006.jpg	7491	7f45466377d968f124215c327a8c7288
cab/Bitmaps/C1_Eld_0007.jpg	7570	b23fb1b877943f500e8cb3b4a610e4ac
cab/Bitmaps/C1_Eld_0008.jpg	7668	55e0c1d3010938e4e9d86b306ab8788d
cab/Bitmaps/C1_Eld_0009.jpg	7573	03b85ab02e44aad7c4bf3fba0e90b543
cab/Bitmaps/C1_Eld_0010.jpg	7506	273727f281e5c8e73955126592ff1e4e
cab/Bitmaps/C1_Eld_0011.jpg	7430	602d10852792116055d362c87d602cd9
cab/Bitmaps/C1_Eld_0012.jpg	7435	313b80c27b3fb9ed5f7afc0ccfdba5c8
cab/Bitmaps/C1_Eld_0013.jpg	7455	1d300952b3a780b8b44cbea445bd8b18
cab/Bitmaps/C1_Eld_0014.jpg	7493	7874f52fae8223359acec2f759d6c39f
cab/Bitmaps/C1_Eld_0015.jpg	7585	1d7b65a7922f601c0bdac6d02d87373f
cab/Bitmaps/C2_Eld_0000.jpg	8442	5305009c96e8fc0878c5d218dffa7a44
cab/Bitmaps/C2_Eld_0001.jpg	8404	f03d8b2d7c5952967ce89d00204e111b
cab/Bitmaps/C2_Eld_0002.jpg	8281	46a5f435ca82935e9c82f665651141a4
cab/Bitmaps/C2_Eld_0003.jpg	8225	372248961e3497d2de674d54a2b9364f
cab/Bitmaps/C2_Eld_0004.jpg	8180	07b04a5b9c0e65dca9f79440de9b305e
cab/Bitmaps/C2_Eld_0005.jpg	8109	48b96eb8f06c894fc109616f8a52c050
cab/Bitmaps/C2_Eld_0006.jpg	8161	eeff50470d2d97f7d39fac07d593baff
cab/Bitmaps/C2_Eld_0007.jpg	8287	66227bbef729e47be0d0cf0a62aa7128
cab/Bitmaps/C2_Eld_0008.jpg	8443	e4feb1d7dab246c9c61bf5e53fcb4e01
cab/Bitmaps/C2_Eld_0009.jpg	8399	35bd0267f8c59c202bb71c54b8272bf3
cab/Bitmaps/C2_Eld_0010.jpg	8287	03f56d1e7c7aa6dff7fe10b6aefd6b36
cab/Bitmaps/C2_Eld_0011.jpg	8244	71e52b0bbc89f52dbcb71e73c977a4ff
cab/Bitmaps/C2_Eld_0012.jpg	8179	3b0beafbe5ad48746534e42dcbbcf0ff
cab/Bitmaps/C2_Eld_0013.jpg	8098	d78c29d0bc3ffaa7ad12178a7a82033f
cab/Bitmaps/C2_Eld_0014.jpg	8162	74ff7fbbd4fddbb828bb0e9d51bda67d
cab/Bitmaps/C2_Eld_0015.jpg	8283	29f770169ec37b9c371a11d14cd35765
cab/Bitmaps/C3.jpg	3820	5d3e8f174ea65e15edecf06809e47159
cab/Bitmaps/C6.jpg	4370	5d62315d191a20370507c5cb01961d17
cab/Bitmaps/cam1_door.jpg	3686	71ff1e1bf8475223ea699897693a423e
cab/Bitmaps/cam3_door.jpg	13575	f6e711d80c231df89c7e42e993ce3579
cab/Bitmaps/cam3_door_0000.jpg	18868	f71368af7c2f13bb7a133853c9a4f9c3
cab/Bitmaps/cam3_door_0001.jpg	17847	4d866b9b59de407e11e3bfb11cd77d48
cab/Bitmaps/cam3_door_0002.jpg	18033	6d2769fe4f8cb3310d1d8990d7ad8522
cab/Bitmaps/cam3_door_0003.jpg	18052	0ca03320eaa50f08af92ebb327924628
cab/Bitmaps/cam3_door_0004.jpg	16905	f0b06741d2078b40d26104cfdad9c562
cab/Bitmaps/cam3_door_0005.jpg	13575	f6e711d80c231df89c7e42e993ce3579
cab/Bitmaps/cam3_open.jpg	5485	82aa34f1ac2a9b9cdfaa4b4b4099996c
cab/Bitmaps/cam4_open.jpg	34059	8058b13d2c45195715acf8d641da1967
cab/Bitmaps/candle_AI_0000.jpg	1466	dcf3ee3a0a7655909c8f6f33f5a66686
cab/Bitmaps/candle_AI_0001.jpg	1469	07e47dfc662c8a6e9421466d627add29
cab/Bitmaps/candle_AI_0002.jpg	1464	6f2c2c956fef0d47e8e1cfb7721dbc30
cab/Bitmaps/candle_AI_0003.jpg	1464	e57dd5abbdbe38ab2467afb6fcc45b71
cab/Bitmaps/candle_AI_0004.jpg	1469	d15d32d027b898a0f28a34dc491e2131
cab/Bitmaps/candle_AI_0005.jpg	1468	7f664a429ff8193dcf67907618cab3e2
cab/Bitmaps/candle_AI_0006.jpg	1465	855066040f204f39a5593671b5b48be2
cab/Bitmaps/candle_AI_0007.jpg	1459	8d4c3fdeb2b22ef2f1dfb24cec2dbd3b
cab/Bitmaps/candle_AI_0008.jpg	1468	b6294c24d6e588df82e427fa468b6f0a
cab/Bitmaps/candle_AI_0009.jpg	1473	7fcad525bcb9af2b867970b03af80958
cab/Bitmaps/candle_AI_0010.jpg	1466	d99f0706d2831e84ca487cf1b6aaf6c3
cab/Bitmaps/cannons_0000.jpg	28527	05f5657f765e197dcd537a35d34be663
cab/Bitmaps/cannons_0001.jpg	28421	4e6b67851f441afa9c187c4db0ac736f
cab/Bitmaps/cannons_0002.jpg	28230	2f6b64c1addec57792d311fb9562a06f
cab/Bitmaps/cannons_0003.jpg	28124	313825e9e7f319d5c1f2f9cf61e6c1fb
cab/Bitmaps/cannons_0004.jpg	27838	5738ad8e88318c35bce087371c4977e7
cab/Bitmaps/cannons_0005.jpg	27566	aeb0aacf3eccc1888d01d8fdaa3a34a2
cab/Bitmaps/cannons_0006.jpg	27439	ddfca6a53b037ab3a7f3a097533ace01
cab/Bitmaps/cannons_0007.jpg	27561	60e4c02a90f53a5b5d661b5ac060e84c
cab/Bitmaps/cannons_0008.jpg	27651	5222483f736b8b27a049ef28f42b2ffe
cab/Bitmaps/cannons_0009.jpg	27591	4a3ae1b6b572dd74443d876e473c9ffe
cab/Bitmaps/cannons_0010.jpg	27743	142d1728c8725091afa4e2e9b6a382ba
cab/Bitmaps/cannons_0011.jpg	27806	723c1cd4ffcd0c468e5bc468d4f8b915
cab/Bitmaps/cannons_0012.jpg	27813	5c1e8b860564d37f31068d4d31009b62
cab/Bitmaps/cannons_0013.jpg	27823	8fc9a1c5056ef7971828cf83af67774d
cab/Bitmaps/cannons_0014.jpg	27677	8cea26e9b38d2cf237869ac311195678
cab/Bitmaps/cannons_0015.jpg	27580	73db32e026b25e8cd3ada09b9778ca52
cab/Bitmaps/cannons_0016.jpg	27484	481b5340fc080f6f5acd94f8119287dc
cab/Bitmaps/cannons_0017.jpg	27461	1562b09a7fc21e1fe94f466b8218970c
cab/Bitmaps/cannons_0018.jpg	27593	a2ae30cb8fcee9f6daf20a1695f9fb70
cab/Bitmaps/cannons_0019.jpg	27726	b2d52dfe3b5ffce5e96b745914b9de11
cab/Bitmaps/cannons_0020.jpg	28035	782ecdb29c21a7d6fbe5e5afaaf7e4fb
cab/Bitmaps/cannons_0021.jpg	28240	0ccd187d99a2b849a023921c02aac52a
cab/Bitmaps/cannons_0022.jpg	28361	bc73fa5141b2d9a1c9a11b775b36c93c
cab/Bitmaps/cannons_0023.jpg	28459	fe40169b781eb62d43e9cb852606f1e8
cab/Bitmaps/cannons_0024.jpg	28492	7a0e961b61a512d6ecd6cad64e46f34e
cab/Bitmaps/cannons_0025.jpg	28552	2f62dd1936c3a154c0c907fd8f24df39
cab/Bitmaps/crab.tga	32812	1f1e3bb6d23d5414ea97093ca46ef563
cab/Bitmaps/D1E1.jpg	9806	369aa6bd109bc22ed25fe57284fc2376
cab/Bitmaps/D3.jpg	5835	646ad265e563c375b87514da4826e235
cab/Bitmaps/D_dgrumpapappa.tga	131116	1bf72f3d7a188b67d7cdb13846ab7ce9
cab/Bitmaps/dead sake Right cam1.jpg	10870	c908576ae16d922e3f0e3236d9b622fd
cab/Bitmaps/dead snake Left cam1.jpg	13011	660967551bba09a83ea61ef8afd7b28d
cab/Bitmaps/dead snake Right cam2.jpg	13158	4e07ee939a09c73f946fe0c4f4bc727d
cab/Bitmaps/doorclosed.jpg	26503	25abb91591f30e269983807d46133a5a
cab/Bitmaps/DoorClosed1.jpg	9628	379ce4815c536c59bbf18229574a8eee
cab/Bitmaps/Dragonfly.tga	32812	7d90737f4e7068dc7d3c7f83f7a03051
cab/Bitmaps/E6.jpg	5434	29f45fe1788006df7310e82bd906ae37
cab/Bitmaps/effect.tga	65580	f80924ced47d66d0c6d79f2cab30fbb7
cab/Bitmaps/effect.tma	74	46a7329349caf420374457154cd2066a
cab/Bitmaps/effect_item.tga	65580	566e9d35998c84b573f339f49c72afcd
cab/Bitmaps/effect_item.tma	74	46a7329349caf420374457154cd2066a
cab/Bitmaps/elden_0000.jpg	3345	dff652746a75e0d85706023e973aa8a9
cab/Bitmaps/elden_0001.jpg	3300	f7c10f2558471818eb4cc8f4c14a835f
cab/Bitmaps/elden_0002.jpg	3261	e770f1300041b50fec98b9872964dfb2
cab/Bitmaps/elden_0003.jpg	3318	2938c257d0bb430fd8ff5da4db13a86c
cab/Bitmaps/elden_0004.jpg	3309	68b4738a65adc2710c5de583be1711dc
cab/Bitmaps/elden_0005.jpg	3319	89285d248e0dfb0911088c7c40d344a8
cab/Bitmaps/elden_0006.jpg	3336	162c777cc8f2ab371edc161ba88302e5
cab/Bitmaps/elden_0007.jpg	3328	b6fa114dc1cc08050712dc3c2361ea70
cab/Bitmaps/elden_0008.jpg	3340	61c02f79278c005a1c5d2ec48f213c5f
cab/Bitmaps/elden_0009.jpg	3306	0ff4ab7d43c5e4089ea032408c95c5f8
cab/Bitmaps/elden_0010.jpg	3311	6b9426c9eb1726ed8a7f8c0430527b4b
cab/Bitmaps/elden_0011.jpg	3332	024b0134bc60da89259ed66ba9f42bef
cab/Bitmaps/elden_0012.jpg	3350	e6b2adabfdee518e84ce7b1aca3f1548
cab/Bitmaps/elden_0013.jpg	3333	1ee735373c78827c306889e97508cfa8
cab/Bitmaps/elden_0014.jpg	3272	140cd4a5b614e9fabcdb78281afc8c14
cab/Bitmaps/elden_0015.jpg	3277	f7b8d8cc25b28962324a50d42d3c8365
cab/Bitmaps/elden_0016.jpg	3304	d1d504b57f5725f0338041c5b9c203b6
cab/Bitmaps/elden_0017.jpg	3335	2b2b55e6dcb5cc230110ba9eac5efaa5
cab/Bitmaps/elden_0018.jpg	3321	46583f34986a1deca67896f58b5f4f29
cab/Bitmaps/elden_0019.jpg	3364	de7559cd70c9e0784113f15ea9a3c463
cab/Bitmaps/elephant sten.tga	32812	92d3fba9c3a7b8e46eacd7bd84c45a76
cab/Bitmaps/elephant sten_tired.tga	32812	98555614b5bccff7f0a04f50e2d0dbc8
cab/Bitmaps/F5.jpg	8388	92a9b15b91eccbffcc6228bb7831d406
cab/Bitmaps/Fart.tga	65580	47567998e194d6abc62875f990b3b8bb
cab/Bitmaps/fat_fart_bluescreen_0000.jpg	7075	c3acec5f2ba1bbe802e4d80f30c645c2
cab/Bitmaps/fat_fart_bluescreen_0001.jpg	9979	0bdba065b9ef56babfad7acd26ebb063
cab/Bitmaps/fat_fart_bluescreen_0002.jpg	12376	1e357f415fb4948ee65b884fb085ad29
cab/Bitmaps/fat_fart_bluescreen_0003.jpg	16739	1ca3b9013216cb373a4f843f54898370
cab/Bitmaps/fat_fart_bluescreen_0004.jpg	23680	b556e11bbb5a261645cfd0589c956b08
cab/Bitmaps/fat_fart_bluescreen_0005.jpg	28153	930c00b481b9a1aeb7b631c8f936762a
cab/Bitmaps/fat_fart_bluescreen_0006.jpg	27662	5c7fa28491aec2c25811ce80468980ac
cab/Bitmaps/fat_fart_bluescreen_0007.jpg	27608	cfc7e5a73603c4254dc97dc54dd51f59
cab/Bitmaps/fat_fart_bluescreen_0008.jpg	26839	0a46c3c0526174a1ed4e8aa60d29a484
cab/Bitmaps/fat_fart_bluescreen_0009.jpg	23430	f0d34f7698f6850240a5170b07bf4cfa
cab/Bitmaps/fat_fart_buffer_0000.jpg	53001	041640d95a8510df364d6b8ad9a29cdf
cab/Bitmaps/fat_fart_buffer_0001.jpg	52847	02636e2cf58a177915a52df76fb221f4
cab/Bitmaps/fat_fart_buffer_0002.jpg	51775	6a25c3fe4bfde2b793093936dfb1ab8e
cab/Bitmaps/fat_fart_buffer_0003.jpg	50799	4ee3597a0babaa909d4ecada6477d5f4
cab/Bitmaps/fat_fart_buffer_0004.jpg	50618	cbf1ac443372dca5ad89ccc64272b690
cab/Bitmaps/fat_fart_buffer_0005.jpg	51040	5aae1add6f77553b4e3c218354c9c812
cab/Bitmaps/fat_fart_buffer_0006.jpg	49114	4bae48284963eeb3a00a59136bac9ffd
cab/Bitmaps/fat_fart_buffer_0007.jpg	47344	064670c710c9a735de7a35658c76502a
cab/Bitmaps/fat_fart_buffer_0008.jpg	45066	8179a1d6000565cd6315481e9c983bb1
cab/Bitmaps/fat_fart_buffer_0009.jpg	42085	6c7fac0487cb0ffadf59331c51ed0b1b
cab/Bitmaps/fat_fart_buffer_0010.jpg	38948	c8a56bd8c07a2e0f216ec00ec06682a9
cab/Bitmaps/fat_fart_buffer_0011.jpg	42843	c452e74b5172cebf97a7435b24df60aa
cab/Bitmaps/fat_fart_buffer_0012.jpg	46339	d7a65e4f2f108929528f2733762e76b3
cab/Bitmaps/fat_fart_buffer_0013.jpg	48369	04c377334a1eca7fd0f2a275b67b2528
cab/Bitmaps/fat_fart_buffer_0014.jpg	48928	f4b581b01760eff74eecadfe880dee71
cab/Bitmaps/fat_fart_buffer_0015.jpg	49034	33ff58d68fdda220050fa45b8de375b0
cab/Bitmaps/fat_fart_buffer__Z0000.fxi	135698	14ef6681d3f6734f79d651e07cdcedb6
cab/Bitmaps/fat_fart_buffer__Z0001.fxi	135698	7e0b0d73a6e25c7b4bd0ef16ec74e2fe
cab/Bitmaps/fat_fart_buffer__Z0002.fxi	135698	5369300c461840250b3427e814abf11f
cab/Bitmaps/fat_fart_buffer__Z0003.fxi	135698	706fa399e1444849e7dec62dc32fe064
cab/Bitmaps/fat_fart_buffer__Z0004.fxi	135698	7e0b0d73a6e25c7b4bd0ef16ec74e2fe
cab/Bitmaps/fat_fart_buffer__Z0005.fxi	135698	ee4ed37487e9491433e3943ee948e230
cab/Bitmaps/fat_fart_buffer__Z0006.fxi	135698	bc56e5ecb5f0cd94aab2a0f33aa9a181
cab/Bitmaps/fat_fart_buffer__Z0007.fxi	135698	192d0a51c93630ef30f66f8bf9b65776
cab/Bitmaps/fat_fart_buffer__Z0008.fxi	135698	23a072f1194d0e35920f48cf72dbeff1
cab/Bitmaps/fat_fart_buffer__Z0009.fxi	135698	78af202802d692f3f5dc07fa9ccebf1e
cab/Bitmaps/fat_fart_buffer__Z0010.fxi	135698	eb25d51cd0c98326814b0c79f8339d54
cab/Bitmaps/fat_fart_buffer__Z0011.fxi	135698	2a7591fd69fb0cf6c250ab88d4cca936
cab/Bitmaps/fat_fart_buffer__Z0012.fxi	135698	2a7591fd69fb0cf6c250ab88d4cca936
cab/Bitmaps/fat_fart_buffer__Z0013.fxi	135698	eb25d51cd0c98326814b0c79f8339d54
cab/Bitmaps/fat_fart_buffer__Z0014.fxi	135698	9d3f81da86c34d66c6511e4e31599b16
cab/Bitmaps/fat_fart_buffer__Z0015.fxi	135698	9c5994129136d7a46ba9575204633724
cab/Bitmaps/finalframe.jpg	32209	2bfe83698c92b742a62a787437c9e859
cab/Bitmaps/finalframe_Z.fxi	11445	0f908ada44e139233138234204e740ce
cab/Bitmaps/fireplace_AI_0000.jpg	6693	fd69e9d298f7b52955218601fabfe578
cab/Bitmaps/fireplace_AI_0001.jpg	6608	212cf8267dd5ae4e0db812aab77c12a3
cab/Bitmaps/fireplace_AI_0002.jpg	6633	51d9beecee2f0e1ffbaaa641fd146150
cab/Bitmaps/fireplace_AI_0003.jpg	6706	c2405bd20933fd1c971548103cc6ae2b
cab/Bitmaps/fireplace_AI_0004.jpg	6696	4ca4f431d18b52bfc390c9ec6d3ad797
cab/Bitmaps/fireplace_AI_0005.jpg	6690	c7ec45807fc15103f301a59c5288df8f
cab/Bitmaps/fireplace_AI_0006.jpg	6752	47fc15af949eb1ec1dc59d4915e3535a
cab/Bitmaps/fireplace_AI_0007.jpg	6820	fcbed188b99bf492e2b7cfed91c6f849
cab/Bitmaps/fireplace_AI_0008.jpg	6828	11ffddde5b0e5722534ce3797f4cfa29
cab/Bitmaps/fireplace_AI_0009.jpg	6742	1e76ad3298a91b7cf44468a338a51939
cab/Bitmaps/fireplace_AI_0010.jpg	6707	09433e7576506dd953f2af213c80cb46
cab/Bitmaps/Fish_Jump_0000.jpg	2453	dec7e37f2269683e196907ff8be5abcb
cab/Bitmaps/Fish_Jump_0001.jpg	3020	4c3c11281d165623369d94a83d625e79
cab/Bitmaps/Fish_Jump_0002.jpg	3253	b54e4386876a3bf68b881155fec027a1
cab/Bitmaps/Fish_Jump_0003.jpg	3821	27a2ff46253cb5ee74e9f04054088c27
cab/Bitmaps/Fish_Jump_0004.jpg	3757	04ac8b9ae7531a9065767fa479e461e1
cab/Bitmaps/Fish_Jump_0005.jpg	3187	80bf6689d40d26e6f23d32144258524b
cab/Bitmaps/Fish_Jump_0006.jpg	3246	e3094bfb8e26c7c2ca79beb1568182e4
cab/Bitmaps/Fish_Jump_0007.jpg	3337	ca1c367f0931a6f6b27c1adc36354e2b
cab/Bitmaps/Fish_Jump_0008.jpg	3087	9636fc45346ce546be83b2812ff4c06c
cab/Bitmaps/Fish_Jump_0009.jpg	3114	64e74a6ca95940da717b011d47b31237
cab/Bitmaps/Fish_Jump_0010.jpg	3140	e7af353956c726a833b76fb0f7f49349
cab/Bitmaps/Fish_Jump_0011.jpg	2909	9a2e10fc3c9b2c431355606c8a82fe32
cab/Bitmaps/Fish_Jump_0012.jpg	2453	553e0f0f4a0736fabc153f54baefd5b1
cab/Bitmaps/flagga_0000.jpg	3560	3702ee00f62959bccdd77a317f835d07
cab/Bitmaps/flagga_0001.jpg	3542	718ecee78afd1b55df3215d54598318a
cab/Bitmaps/flagga_0002.jpg	3479	fa43ba0bc8782a15437809b4258d52d0
cab/Bitmaps/flagga_0003.jpg	3381	fce38c96dc8432cdc92b1d1db186c591
cab/Bitmaps/flagga_0004.jpg	3315	e93053a5bfb4672bbc517817dc861da8
cab/Bitmaps/flagga_0005.jpg	3222	f4d89f8c64c2b364fb79906b825031ca
cab/Bitmaps/flagga_0006.jpg	3242	56438018abd92b83e9916f01a6a45bce
cab/Bitmaps/flagga_0007.jpg	3162	a1636a28d1d73bc1f36e4670fe45c46e
cab/Bitmaps/flagga_0008.jpg	3064	c1a4bb5d0a5b922f28df5a74f1776977
cab/Bitmaps/flagga_0009.jpg	3009	d6c40c1b216674ef5557261548a42821
cab/Bitmaps/flagga_0010.jpg	2887	35aed0cbcc2c3f8c0e01172743b07b12
cab/Bitmaps/flagga_0011.jpg	2837	d21e06b44ac938d959177c4a67bde292
cab/Bitmaps/flagga_0012.jpg	2703	726cebfc989ff3f868cad74290276ed6
cab/Bitmaps/flagga_0013.jpg	2635	5cec68c10f9e8d1249769abaf47ab7a6
cab/Bitmaps/flagga_0014.jpg	2613	17ffab91e0f2366cc3a9c23ef8c6d9b8
cab/Bitmaps/flagga_0015.jpg	2615	5b0de1d867fabb18e5afc298e6183db0
cab/Bitmaps/flagga_0016.jpg	2621	0a4ac166b10605755fca5c4d458b25f2
cab/Bitmaps/flagga_0017.jpg	2614	2d7a96a758f7b8468ed82b6b95e8950b
cab/Bitmaps/flagga_0018.jpg	2641	ac5e54eac35ab9598e693caac9dc8f51
cab/Bitmaps/flagga_0019.jpg	2645	6973087dcd78c7fc7678d29a84ac3ff6
cab/Bitmaps/flagga_0020.jpg	2679	83082b871ae996d381b9e3d7fe623015
cab/Bitmaps/flagga_0021.jpg	2665	b4a00a9573ae8172382ea0ab77f84816
cab/Bitmaps/flagga_0022.jpg	2677	cf8eb62fee90c54fd5689d23b02332b3
cab/Bitmaps/flagga_0023.jpg	2677	ac668893d61d298eb54ccde63f54fdfa
cab/Bitmaps/flagga_0024.jpg	2663	0a4a504318621a0671047e245417a02a
cab/Bitmaps/flagga_0025.jpg	2715	321f88e808c49b072f9743b9176a67c1
cab/Bitmaps/flagga_0026.jpg	2791	d53a32b6e59969a5e6bba08018c6d141
cab/Bitmaps/flagga_0027.jpg	2853	278c87e202e22c0becb4ffda6088ceaa
cab/Bitmaps/flagga_0028.jpg	2890	03fe9988f1683bffcb30e0d685bead4f
cab/Bitmaps/flagga_0029.jpg	2880	9123b2e8a574f7476729b72f5928e102
cab/Bitmaps/flagga_0030.jpg	2920	1ca3d3b9c5291d7f0837aa2bb3aeac8b
cab/Bitmaps/flagga_0031.jpg	2918	21d00176189e40ad8b823bf9915b09b6
cab/Bitmaps/flagga_0032.jpg	2889	7681e89514385b812eff075ec43e3855
cab/Bitmaps/flagga_0033.jpg	2919	bc6bffb105104166d41258329d6c6c99
cab/Bitmaps/flagga_0034.jpg	2933	9e9638a3139793b3db0798b4844c4d24
cab/Bitmaps/flagga_0035.jpg	2896	ca0b2e33d8696d97884a81302fd9c6ae
cab/Bitmaps/flagga_0036.jpg	2919	4c38d5873982c4b1c90d3964f9ef30fe
cab/Bitmaps/flagga_0037.jpg	2904	78b02732d5fb5c50a5eff78a3d3b20a8
cab/Bitmaps/flagga_0038.jpg	2845	a120e261d5603a7cba182f7417096319
cab/Bitmaps/flagga_0039.jpg	2819	cc3fb0585b361b5dbd9608ec8d9ee7bc
cab/Bitmaps/flagga_0040.jpg	2785	6c84ad58ce35938ef2e47afe32770ff7
cab/Bitmaps/flagga_0041.jpg	2747	48cad1045cf911a38af711749726cc02
cab/Bitmaps/flagga_0042.jpg	2754	8d445f7ab212f828b9063d1dbaedacae
cab/Bitmaps/flagga_0043.jpg	2708	8f630bb0394f872da6071d0b1a850128
cab/Bitmaps/flagga_0044.jpg	2649	e834f5ea1b39f6b48e98204aced75e59
cab/Bitmaps/flagga_0045.jpg	2663	aeadd5f92b91a6540e29961d50db5fed
cab/Bitmaps/flagga_0046.jpg	2629	347709cecf75959edd48306d8e308dc7
cab/Bitmaps/flagga_0047.jpg	2657	81e1e7bf24d31001be5ca31a982566c0
cab/Bitmaps/flame1_0000.jpg	1045	7ea7caf41a89ff645be3be11ffd0f373
cab/Bitmaps/flame1_0001.jpg	1035	5c85d38c4c55a95835db9109c3b88a36
cab/Bitmaps/flame1_0002.jpg	1023	f35a69c48dbaaade2304e9b6f6278237
cab/Bitmaps/flame1_0003.jpg	1017	c7e422729257d6e636922b8db8f69531
cab/Bitmaps/flame1_0004.jpg	1010	aca03c47059d922a1c5b5480ed59dc65
cab/Bitmaps/flame1_0005.jpg	1022	f3f476f7fe9b70cc3f666e1f0364a860
cab/Bitmaps/flame1_0006.jpg	1030	45bc8c8a4bd0fbd2d2c53e351359b375
cab/Bitmaps/flame1_0007.jpg	1038	f3476795d98cdbf35938dfcc3796d089
cab/Bitmaps/flame1_0008.jpg	1021	9519998a63b935c3ea23d6b558c618fb
cab/Bitmaps/flame1_0009.jpg	1006	2c29f2d79239deb9fb496d1ba7e7b169
cab/Bitmaps/flame1_0010.jpg	1002	5b05f31aeac78798e945e6a264e5b7ac
cab/Bitmaps/flame1_0011.jpg	997	65fe9aa4fad5d4b08d0c5a5b99efc282
cab/Bitmaps/flame1_0012.jpg	999	2d82aa727f9f8c372abdef4bd0ab53b7
cab/Bitmaps/flame1_0013.jpg	999	feb7b69f3d77c27e1d1cf89b0f70fd81
cab/Bitmaps/flame1_0014.jpg	1021	14ff8fa94eaaef637ba4fa82cdce83aa
cab/Bitmaps/flame2_0000.jpg	1013	9d59e54ebeb41782a3c26cac653e0512
cab/Bitmaps/flame2_0001.jpg	1026	75de74766aaae0a600fe6fba6979818f
cab/Bitmaps/flame2_0002.jpg	1032	37a9b8c89f1152099ac14ec7740e2f26
cab/Bitmaps/flame2_0003.jpg	1028	bf7d6a45de144e9af5566197f4fba7ca
cab/Bitmaps/flame2_0004.jpg	1032	fbaa8391de6cd0383191323406eb3154
cab/Bitmaps/flame2_0005.jpg	1028	0491747a0dc07bc2ffa2c006e3344bc9
cab/Bitmaps/flame2_0006.jpg	1017	a8a2bad04277f83bc520c4e202b309a8
cab/Bitmaps/flame2_0007.jpg	1012	db996d1decb4d8e587a4e7c8cb7a331f
cab/Bitmaps/flame2_0008.jpg	1027	1c995f440420661599ad9a427d99f280
cab/Bitmaps/flame2_0009.jpg	1032	41a1a865c7e015ff38d024158e964d7b
cab/Bitmaps/flame2_0010.jpg	1028	7f5b8643ec1c0fb9f6026487afccec31
cab/Bitmaps/flame2_0011.jpg	1029	e7b47ed9e4f86467d738e0390699c17a
cab/Bitmaps/flame2_0012.jpg	1028	ea8b0dc1385a89d1401701e4e348aeca
cab/Bitmaps/flame2_0013.jpg	1017	b2bf955e41f6953b0916ef288ba9c00a
cab/Bitmaps/flame2_0014.jpg	1016	d51a0072f101d950e1c91261a8a637a3
cab/Bitmaps/fork_AI_0000.jpg	14641	4f08f9a7b04094caa16e87de9c47cf81
cab/Bitmaps/fork_AI_0001.jpg	14548	a086d94744f735ae9de915dff100f57c
cab/Bitmaps/fork_AI_0002.jpg	14358	4d90cd6a1b79cf1596260911539a8309
cab/Bitmaps/fork_AI_0003.jpg	14265	cf6ff1cfca587b904e3ea90efe542620
cab/Bitmaps/fork_AI_0004.jpg	14294	85921c20d881642c87c6f985c01040bd
cab/Bitmaps/fork_AI_0005.jpg	14326	9e2f5538f8ea76162004d77044889e60
cab/Bitmaps/fork_AI__Z0000.fxi	12267	d9fd77b9b26d8f07d1bb95d9571828c8
cab/Bitmaps/fork_AI__Z0001.fxi	12239	6da2efd07f08685842ca5d6c582cc3a3
cab/Bitmaps/fork_AI__Z0002.fxi	12283	bd7273fce105f149ce85a9094401493d
cab/Bitmaps/fork_AI__Z0003.fxi	12397	5967b1508ca5bd794d2826ab007c6bf0
cab/Bitmaps/fork_AI__Z0004.fxi	12444	f7947d434772755eb54ca791b05e681f
cab/Bitmaps/fork_AI__Z0005.fxi	12575	31b5d70fab53921fdc081d8286dd34b3
cab/Bitmaps/foxymap.tga	32812	1ac2cd9ad0e7620584b5a079783f5c25
cab/Bitmaps/Glitter1_0000.jpg	2185	7988801d334ec55150fbc41474fe15ca
cab/Bitmaps/Glitter1_0001.jpg	2344	a4597ba03b4de31ac79f430cb113cb53
cab/Bitmaps/Glitter1_0002.jpg	2682	27e76725e38a64f89a78715b66bdfd7c
cab/Bitmaps/Glitter1_0003.jpg	2737	263dd3b2290730e8af6514876d6ebdb6
cab/Bitmaps/Glitter1_0004.jpg	2763	c826a99155d72ffd3cfe4152c357927d
cab/Bitmaps/Glitter1_0005.jpg	2639	9d8f5f8a89efaace99085b2debd182c8
cab/Bitmaps/Glitter1_0006.jpg	2764	bd819325a13832b57a27192e960d5c46
cab/Bitmaps/Glitter1_0007.jpg	2764	21da2f2c1a9e49cc9dc907d41410eaee
cab/Bitmaps/Glitter1_0008.jpg	2744	d010cf96da848bef9d5a68915454ba92
cab/Bitmaps/Glitter1_0009.jpg	2736	f243743b84f45849b6f3803d76df13cf
cab/Bitmaps/Glitter1_0010.jpg	2714	8f297d610a5545b8ab087e1352538ab2
cab/Bitmaps/Glitter1_0011.jpg	2682	d408a0517274417d3c7158ade6e680bc
cab/Bitmaps/Glitter1_0012.jpg	2344	0ce071285bde7ae1eb649e18fc8c8c43
cab/Bitmaps/Glitter1_0013.jpg	2185	eb21d5148c86cbf9129abd7e620bb477
cab/Bitmaps/glitter2_0000.jpg	2555	66ddf48d5cef3a0466f963a4fe785543
cab/Bitmaps/glitter2_0001.jpg	4192	849a584e674f77ec40632e52e6e190b2
cab/Bitmaps/glitter2_0002.jpg	4370	6f265e077b824beb3e0658901f4db37a
cab/Bitmaps/glitter2_0003.jpg	4696	244bae618ae967aeeeb3c47dccd126ff
cab/Bitmaps/glitter2_0004.jpg	4134	11f3849e9f1ef1af1ecf54ed72408d66
cab/Bitmaps/gnitter_0000.jpg	3493	b3af8163a6158b5806a81ffbf012cd7b
cab/Bitmaps/gnitter_0001.jpg	4388	ec130bb0f541e799d91bab8d65a859cd
cab/Bitmaps/gnitter_0002.jpg	4166	7bc589bbe3c456585e88da9d6845c595
cab/Bitmaps/gnitter_0003.jpg	3911	231a0d617215cc97a0890fd34201c57d
cab/Bitmaps/gnitter_0004.jpg	4351	7e2721abdd87e595c4d824b228b95db6
cab/Bitmaps/gnitter_0005.jpg	4276	a52a08739d2ec64c85903f13ace8f59f
cab/Bitmaps/gnitter_0006.jpg	3926	82314e1615df7dcbbc91f07c13732e85
cab/Bitmaps/gnitter_0007.jpg	3063	4b17a005ef47d46faf4bf5779180da99
cab/Bitmaps/gomsegel_0000.jpg	15026	273fb31f3568284d873bc97d7449bc6c
cab/Bitmaps/gomsegel_0001.jpg	15178	43a6d3ce2b532fef39a8d2cf5a540100
cab/Bitmaps/gomsegel_0002.jpg	15163	4efacc6722690a956b4848d99d53c3bf
cab/Bitmaps/gomsegel_0003.jpg	15251	c412dc2f8ad8474d554f206491749b93
cab/Bitmaps/gomsegel_0004.jpg	15141	99ceabcf929b5c0aeb1c114934de27f3
cab/Bitmaps/gomsegel_0005.jpg	15031	03dd330f36c9262ef99d3ad4f54e1d6a
cab/Bitmaps/gomsegel_0006.jpg	14865	cc4467a5c5d00bbde5b3090b72c96797
cab/Bitmaps/gomsegel_0007.jpg	14789	ab172d83cdfb7ad88ac0820c487de577
cab/Bitmaps/gomsegel_0008.jpg	14685	0f234974433e2724dd489740b023cdba
cab/Bitmaps/gomsegel_0009.jpg	14698	1f3e3ce1504899aaf48687e799879dcc
cab/Bitmaps/gomsegel__Z0000.fxi	34470	d6f3203cc23e8ca28a1f157ee7f03e84
cab/Bitmaps/gomsegel__Z0001.fxi	33295	f2e38da0f71a06ad1c2a2424e89bd7c2
cab/Bitmaps/gomsegel__Z0002.fxi	33399	6138974418151aba7f4ad2581b50d1ba
cab/Bitmaps/gomsegel__Z0003.fxi	33231	a075c7a1b574120dfa0ea832dbaf1fdb
cab/Bitmaps/gomsegel__Z0004.fxi	33281	bc8c4c5da08ef3ff2df43792b68b1fed
cab/Bitmaps/gomsegel__Z0005.fxi	34017	154c00e7023b6def03716077a3538804
cab/Bitmaps/gomsegel__Z0006.fxi	34401	40b6ecf4617a2e9d96836d6b5405f07b
cab/Bitmaps/gomsegel__Z0007.fxi	33663	427cfddb89de3bc8ea244603220952fd
cab/Bitmaps/gomsegel__Z0008.fxi	33557	937ed930ffedf57981348b248e7512bf
cab/Bitmaps/gomsegel__Z0009.fxi	33528	d3a1c68f5bb1d38fd1ffe633831c1542
cab/Bitmaps/GS.tga	32812	e598d0827f257a14eb78d12e7bd7efc0
cab/Bitmaps/guntlets0000.jpg	7370	f434079e7d66fb4fac6266abf9362eb2
cab/Bitmaps/guntlets0001.jpg	7369	9764897b3e0efb73346aa32138b0c5f1
cab/Bitmaps/guntlets0002.jpg	7670	2bef5e3011c556a8fb55c379b8f39653
cab/Bitmaps/guntlets0003.jpg	7031	2fdb6b4c7ea7651e910286fdea0040c2
cab/Bitmaps/guntlets0004.jpg	6513	ed1e6ee5ac6557c306ccc280aaaa8633
cab/Bitmaps/guntlets0005.jpg	6104	a1710af6bc266ca68bd93e485a7bc726
cab/Bitmaps/guntlets0006.jpg	6157	9e7c15e7e2b4da4426dc61998972dc27
cab/Bitmaps/guntlets0007.jpg	6711	06b9147d7c0c4d784b5197ad17bfa2f6
cab/Bitmaps/guntlets0008.jpg	7121	12dcef8fb7dd35bfffd2ddea993b2944
cab/Bitmaps/guntlets0009.jpg	6997	824b2eecca169d15b4532b378605fd4a
cab/Bitmaps/guntlets0010.jpg	6933	548494c66cb4f1eaf15dba182efbbc5b
cab/Bitmaps/guntlets0011.jpg	7085	b2127a503f58627fc1668dac67702c91
cab/Bitmaps/guntlets0012.jpg	6768	5e329b76b0c3c2cb4d6c5aa2733a6868
cab/Bitmaps/guntlets0013.jpg	6527	1d17b4d2bdfd965652768756719c96bd
cab/Bitmaps/guntlets0014.jpg	6968	08518ee7bc017dd1c4692cf42bc6c886
cab/Bitmaps/hajen_0000.jpg	6673	03dc82743325f7cca057c3ddca60f68a
cab/Bitmaps/hajen_0001.jpg	6822	8d0ee3126b8058a8b1c35e0f3e8faa5b
cab/Bitmaps/hajen_0002.jpg	6932	23c368f1df5c76a36e0b6d2182b9fca0
cab/Bitmaps/hajen_0003.jpg	6937	bad7b006b41d49905c8834cb439db9ab
cab/Bitmaps/hajen_0004.jpg	7201	a789377f942c28a2c84decdb28f0057a
cab/Bitmaps/hajen_0005.jpg	7057	554190d95b4a5779d59d2da675cef9af
cab/Bitmaps/hajen_0006.jpg	6899	e6b712dfd656c09da9c297981963c80f
cab/Bitmaps/hajen_0007.jpg	6668	73ae7c0c499b359a2613ebe61b483070
cab/Bitmaps/hajfena01.tga	8236	44c0253a9abc272eab1a17f234bd4c29
cab/Bitmaps/Hatch_Open.jpg	3608	7dec1995084e18ad17138a9c3adf2061
cab/Bitmaps/help_ctrl_left.jpg	45497	88f701ec11c4494f2bd85c186aa063c5
cab/Bitmaps/help_ctrl_right.jpg	43571	98ae6ab648b7281f99b29b425c394a49
cab/Bitmaps/help_right.jpg	40420	8dd17e3de1e6cba64cbe607be0a98983
cab/Bitmaps/help_shift_left.jpg	45239	4e00ea33c0246995df26d38cdbdb2548
cab/Bitmaps/help_space.jpg	43327	b6f25d3c397398c0f96a18829f709184
cab/Bitmaps/honey_IT.tga	556	a3f8821481786f75d5b4a304523dc18d
cab/Bitmaps/HyenaBoss.tga	32812	b768aec5016d9cf4d288c724cb710588
cab/Bitmaps/IC_Ancestor Fruitpunch.tga	2092	4140a1b86625911834757172c370eebe
cab/Bitmaps/IC_Ancient Map.tga	2092	0d99db2ac2bdca3f3d42ee16c7df3562
cab/Bitmaps/IC_Antidote Potion.tga	2092	b2f6187acab178ba1f07f935959bb555
cab/Bitmaps/IC_Ape Kings Jungle Mixture.tga	2092	c27b01a24c78a695336888c408116b0b
cab/Bitmaps/IC_Ape Kings Son.tga	2092	a2344595198d8394eff715c17a995a2d
cab/Bitmaps/IC_Banana 2.tga	2092	de06d5b8e4eee4f6cd36a7c2ddec8d6e
cab/Bitmaps/IC_Banana.tga	2092	de06d5b8e4eee4f6cd36a7c2ddec8d6e
cab/Bitmaps/IC_Bee Bottle.tga	2092	970a4593e173bc339b6d221a6d4040f0
cab/Bitmaps/IC_Bee Jar.tga	2092	45579f7c3d33b9c2210b4261ef8ab333
cab/Bitmaps/IC_Bee Pot.tga	2092	26b0b60e4a3d2148e8550051b827e324
cab/Bitmaps/IC_Belt of Strength.tga	2092	c042f205a9c63242b82b0569b9b87669
cab/Bitmaps/IC_Blood Orange Nosferatu.tga	2092	015ae3adbdaff0a2026bcdd0d1f4d86c
cab/Bitmaps/IC_Blood Orange Oasis.tga	2092	015ae3adbdaff0a2026bcdd0d1f4d86c
cab/Bitmaps/IC_Bottle of Rum.tga	2092	ada3af8c5c8c0ed4507e607b2c60f852
cab/Bitmaps/IC_Branches.tga	2092	49e671471d8c5a0aa571b6c757e151c8
cab/Bitmaps/IC_Coconut.tga	2092	a6a5936c028cbf607f516ca4c3521076
cab/Bitmaps/IC_Coin 1.tga	2092	b00e4500a28f350293a07fbca7ea1cef
cab/Bitmaps/IC_Coin 2.tga	2092	b00e4500a28f350293a07fbca7ea1cef
cab/Bitmaps/IC_Coin 3.tga	2092	b00e4500a28f350293a07fbca7ea1cef
cab/Bitmaps/IC_Empty Bottle.tga	2092	a52e4cd7eb6a7fffca1933b4c7f20677
cab/Bitmaps/IC_Empty Jar.tga	2092	087d2af71e71128c33bf87f2e502df0c
cab/Bitmaps/IC_Empty Pot.tga	2092	04dfdc8453e70f698a67258a7dffad04
cab/Bitmaps/IC_Fathers Sword Broken.tga	2092	ec6b8ba2b06bdfbda46250dcbbb595dd
cab/Bitmaps/IC_Fathers Sword.tga	2092	786f94b709a331c219a5a5f7ec0a77e5
cab/Bitmaps/IC_Fishing Net.tga	2092	119fe2aacbe4abf2da3bf2d41a13cf70
cab/Bitmaps/IC_Flower.tga	2092	f48bda562426110dfbfb127a535d18ac
cab/Bitmaps/IC_Fruit Cube.tga	2092	1f01ec4d6f75d232df79a7a90dac7e3c
cab/Bitmaps/IC_Fruit Star.tga	2092	2151657d1b49aec79484f4771adbbd24
cab/Bitmaps/IC_Fruit Triangle.tga	2092	774f2a2ac9f84f0a83ba6cb1bd25d067
cab/Bitmaps/IC_Gate Key.tga	2092	7ac2a61a4ca525c7e3294b0ffc9fa7f1
cab/Bitmaps/IC_Gauntlets of Power.tga	2092	a1870bc875cacaafd5ea3dd677badfeb
cab/Bitmaps/IC_Green Flea.tga	2092	b2f6187acab178ba1f07f935959bb555
cab/Bitmaps/IC_Hammer.tga	2092	f15ff45e86e2b9098f69e1a51dd0e298
cab/Bitmaps/IC_Honey Bottle.tga	2092	22a5394f866a0d9e460a4c1cd3c139e4
cab/Bitmaps/IC_Honey Jar.tga	2092	cba8abf39fcb7caea1ebbfe2ecbe1f40
cab/Bitmaps/IC_Honey Pot.tga	2092	a5c760a8c508b0933e935f9f7fdb7600
cab/Bitmaps/IC_Jungle Liana.tga	2092	2ee253f2414645a1d2af50dbb1f740fa
cab/Bitmaps/IC_Key Blue.tga	2092	15fe07f478464edfe8cfb6ecc632d80e
cab/Bitmaps/IC_Key Green.tga	2092	d17a241682b7ba3d4b4918fcd25e555a
cab/Bitmaps/IC_Key Red.tga	2092	f895a3bb53b278a72692e71bdf4a5226
cab/Bitmaps/IC_Lock Shaped Diamond.tga	2092	11cfb79a0ff89b5cd426328afafb030e
cab/Bitmaps/IC_Lock Shaped Stone.tga	2092	82f631e40ab6ed8ee7b6474d00366fc4
cab/Bitmaps/IC_Magical Flying Dust.tga	2092	857d59fb43faae8395927bea1b1de491
cab/Bitmaps/IC_Message in a Bottle.tga	2092	b2f6187acab178ba1f07f935959bb555
cab/Bitmaps/IC_Moveable Ladder.tga	2092	ec5c62940dad4bdbf0b691ca8e4d1dfa
cab/Bitmaps/IC_Oars.tga	2092	b47aa9da4fd3f225b2ffd9d21feb48e3
cab/Bitmaps/IC_Octagon Diamond.tga	2092	f79d7aa03b0fe398fd01eb9329cd8a1e
cab/Bitmaps/IC_Planks.tga	2092	b2f6187acab178ba1f07f935959bb555
cab/Bitmaps/IC_Rope Ladder.tga	2092	b2f6187acab178ba1f07f935959bb555
cab/Bitmaps/IC_Rope.tga	2092	abdb223e9b08898874d867a6d7d1804b
cab/Bitmaps/IC_Seed Cube.tga	2092	febf44371ad0f026815e8477eab457da
cab/Bitmaps/IC_Seed Star.tga	2092	fd609845fef495a879ad450b94e4f515
cab/Bitmaps/IC_Seed Triangle.tga	2092	b6a718b958b40bb06779e02dcbf08244
cab/Bitmaps/IC_Shield of Protection.tga	2092	8f88bd694c95e1ae89e0cbcaf0404f15
cab/Bitmaps/IC_Shield.tga	2092	3276b527db52aa9a76d8ee026040f8f9
cab/Bitmaps/IC_Summon Golem Scroll 2.tga	2092	918f0c7f6a34986e745ff972a503b87f
cab/Bitmaps/IC_Summon Golem Scroll.tga	2092	918f0c7f6a34986e745ff972a503b87f
cab/Bitmaps/IC_Sword of Might.tga	2092	8193b0493b88989c6531985039eec18a
cab/Bitmaps/IC_Termite Bottle.tga	2092	aae893b7dd247b81b2aa1dc917389925
cab/Bitmaps/IC_Termite Jar.tga	2092	8ebe30e1c17f2378cc89ecdbcad096a8
cab/Bitmaps/IC_Termite Pot.tga	2092	7b413f559cc1c3d8944dd4ab22ff27fc
cab/Bitmaps/IC_Water Bottle.tga	2092	fd0e6841d0c0c87aee025816a79a8dd1
cab/Bitmaps/IC_Water Drop.tga	2092	cc208fab3b5f75b128489b8fb39b50d7
cab/Bitmaps/IC_Water Jar.tga	2092	9584bb5149d56e49f57132918d35b2b6
cab/Bitmaps/IC_Water Pot.tga	2092	b130066d03e507cb16f6a81728c322d9
cab/Bitmaps/IC_Wood Splinter On Fire.tga	2092	ef7f80e93a9d273026dfcb242e638d42
cab/Bitmaps/IC_Wood Splinters.tga	2092	4652fc760be58fa633e62211246e0222
cab/Bitmaps/inget.tga	2092	47cb1c78291cb23a25062b14104e10a5
cab/Bitmaps/IT_Ancestor Fruitpunch.tga	16428	d8d65a83733a4cd29a9882670114daa7
cab/Bitmaps/IT_Ancient Map.tga	8236	9e35f3d19a95a2f24b97c301c9d77765
cab/Bitmaps/IT_Antidote Potion.tga	8236	629d93b83e2d130bbbc94697df03b1fc
cab/Bitmaps/IT_Ape Kings Jungle Mixture.tga	8236	4a68bb8e2a00f1c3542b2ee647df3be7
cab/Bitmaps/IT_Ape Kings Son.tga	8236	8906a591b365db66f35ec6a2e68aade5
cab/Bitmaps/IT_Banana 2.tga	8236	4318653a565d88f80636f20f30142f29
cab/Bitmaps/IT_Banana.tga	8236	4318653a565d88f80636f20f30142f29
cab/Bitmaps/IT_Bee Bottle.tga	16428	5aa080b862fc9823e820701c4fcb6981
cab/Bitmaps/IT_Bee Jar.tga	16428	103dae3a49beb36b318982f33f3d9b99
cab/Bitmaps/IT_Bee Pot.tga	8236	c6ef741a0a72d7df7ddcb441dfddfe4d
cab/Bitmaps/IT_bee.tga	8236	9e1ed41898924dfad84380fe80276c12
cab/Bitmaps/IT_Belt of Strength.tga	8236	ec6cf86f7e60df78577858235848590a
cab/Bitmaps/IT_Blood Orange Nosferatu.tga	8236	7c29cdc3211e7487ccf34937081590e5
cab/Bitmaps/IT_Blood Orange Oasis.tga	8236	7c29cdc3211e7487ccf34937081590e5
cab/Bitmaps/IT_Bottle of Rum.tga	8236	ca6d2c14256a1c93a9b6fe5075bd8e47
cab/Bitmaps/IT_Branches.tga	8236	c35e7003aa34b681ae435f7389fa0da8
cab/Bitmaps/IT_Cannonball.tga	8236	d6559758bd88768dc7b22533a33d2da6
cab/Bitmaps/IT_Coconut.tga	8236	a349e16a9595ccf9f8e04417d704da9b
cab/Bitmaps/IT_Coin 1.tga	8236	85f0e197ba200cbd941e63e19a9af74e
cab/Bitmaps/IT_Coin 2.tga	8236	85f0e197ba200cbd941e63e19a9af74e
cab/Bitmaps/IT_Coin 3.tga	8236	85f0e197ba200cbd941e63e19a9af74e
cab/Bitmaps/IT_Empty Bottle.tga	16428	0d45946de7d713043f166d7b3f547700
cab/Bitmaps/IT_Empty Jar.tga	16428	772ba79c04857c3be2c84d2a23449b10
cab/Bitmaps/IT_Empty Pot.tga	2092	80f5709dea129f043c1dddef7caf817c
cab/Bitmaps/IT_Fathers Sword Broken.tga	8236	808cef17efee2912aaab99fad7e13439
cab/Bitmaps/IT_Fathers Sword.tga	8236	808cef17efee2912aaab99fad7e13439
cab/Bitmaps/IT_Fishing Net.tga	16428	dd3d02f66e9256c5df5f41f1db12102d
cab/Bitmaps/IT_Flower.tga	8236	9d9f56be9d3211651e9a4adc7242f341
cab/Bitmaps/IT_Fruit Cube.tga	8236	85a0248766b1734d3a7f22b90ac40c06
cab/Bitmaps/IT_Fruit Star.tga	8236	167cff7786513f37525f9abb84d05706
cab/Bitmaps/IT_Fruit Triangle.tga	8236	9c82ab6f947c4fec32da778388cd1a25
cab/Bitmaps/IT_Gate Key.tga	8236	920a10608fb5681f6e1d7e5411f1be01
cab/Bitmaps/IT_Gauntlets of Power.tga	8236	59b44ce056a381ca5ea46672caa87eee
cab/Bitmaps/IT_gravetomb_floorbutton.tga	32812	1319c5c26dd61e72039beac7067387a6
cab/Bitmaps/IT_Green Flea.tga	8236	629d93b83e2d130bbbc94697df03b1fc
cab/Bitmaps/IT_Hammer.tga	8236	7ffffedde311951de39fa124b3103eef
cab/Bitmaps/IT_Honey Bottle.tga	16428	29bdb0eca577dc7a499632d6cf163e3d
cab/Bitmaps/IT_Honey Jar.tga	16428	2b240b016eec47491796863a9554f3c0
cab/Bitmaps/IT_Honey Pot.tga	2092	f8a1a5baeb16c839ed6876346600a4c9
cab/Bitmaps/IT_Jungle Liana.tga	8236	d7a3525603566e9c29a5244d4a5e3948
cab/Bitmaps/IT_Key Blue.tga	8236	af735f7ab458079a54a83cb18cb259e4
cab/Bitmaps/IT_Key Green.tga	8236	4ae1eae2595f9f314471a9af646fcbaa
cab/Bitmaps/IT_Key Red.tga	8236	214efe03c0324bc12b32aded848187c0
cab/Bitmaps/IT_Lock Shaped Diamond.tga	1068	97c1603141491b2814574973436abdf2
cab/Bitmaps/IT_Lock Shaped Stone.tga	8236	6ae8d55d0edecdaca054b24bc1836819
cab/Bitmaps/IT_Magical Flying Dust.tga	8236	dc894f1ab10866c8f3adc45d2d75043c
cab/Bitmaps/IT_Message in a Bottle.tga	8236	629d93b83e2d130bbbc94697df03b1fc
cab/Bitmaps/IT_Moveable Ladder.tga	8236	2b94e63b00760ab60535b74b756cdea6
cab/Bitmaps/IT_moveable_ladder.tga	32812	7d8c450cb958b5d259dee1984285fb66
cab/Bitmaps/IT_Oars.tga	8236	8b1b4378cf96baae40f2e111e19dbf2b
cab/Bitmaps/IT_Octagon Diamond.tga	4140	fbd07760cee6c9604e0f4fd0ea334118
cab/Bitmaps/IT_Planks.tga	8236	629d93b83e2d130bbbc94697df03b1fc
cab/Bitmaps/IT_Rope Ladder.tga	8236	629d93b83e2d130bbbc94697df03b1fc
cab/Bitmaps/IT_Rope.tga	8236	12acf6e9fb4d2b87bf0be334c4827b94
cab/Bitmaps/IT_Seed Cube.tga	2092	293288b23a77ff1d2eadd684d0f05234
cab/Bitmaps/IT_Seed Star.tga	2092	293288b23a77ff1d2eadd684d0f05234
cab/Bitmaps/IT_Seed Triangle.tga	2092	293288b23a77ff1d2eadd684d0f05234
cab/Bitmaps/IT_Shield of Protection.tga	8236	9806f430f947384bb675f775e0602669
cab/Bitmaps/IT_Shield.tga	8236	9467a0bdcb6de8e4c73de8764d42b2d3
cab/Bitmaps/IT_Summon Golem Scroll 2.tga	8236	62821c9b8ffcd8aa254b7dbc40b9e935
cab/Bitmaps/IT_Summon Golem Scroll.tga	8236	62821c9b8ffcd8aa254b7dbc40b9e935
cab/Bitmaps/IT_Sword of Might.tga	8236	46d34e0ac21de25e36a96ab724fa160f
cab/Bitmaps/IT_Termite Bottle.tga	16428	470b42f154152a2c020724af015055ae
cab/Bitmaps/IT_Termite Jar.tga	16428	ff9b44659205090d3a878c2442d6cceb
cab/Bitmaps/IT_Termite Pot.tga	16428	c51713873125782f3bdd93d276ec7cfb
cab/Bitmaps/IT_Water Bottle.tga	16428	647475012d09534904af3fbd7058e247
cab/Bitmaps/IT_Water Drop.tga	8236	e64c853dd83f8d9647bf755692f32e98
cab/Bitmaps/IT_Water Jar.tga	16428	64a2d31b5e486875d1ab7f394df5192e
cab/Bitmaps/IT_Water Pot.tga	2092	cadc8ac0451cbe0f47f225baa77bde1d
cab/Bitmaps/IT_Wood Splinter On Fire.tga	16428	4f099e9aaa7d1536b709a2e23f4f487e
cab/Bitmaps/IT_Wood Splinters.tga	8236	c33a03ce4903590e9df81cbf0c6fc621
cab/Bitmaps/kista_104_0000.jpg	12965	ef8616d630a520ae3a490b529d615649
cab/Bitmaps/kista_104_0001.jpg	12935	9e45b53ae40d4b6a41e2e66eb34c58d9
cab/Bitmaps/kista_104_0002.jpg	12859	67fd9a13a47970d8bde5b25d2aeb1ef0
cab/Bitmaps/kista_104_0003.jpg	12479	a6b2e772b6eee25d25f55e6d62fb2589
cab/Bitmaps/kista_104_0004.jpg	12262	09d51976ae25a91d60b06a3890e5fccb
cab/Bitmaps/kista_104__Z0000.fxi	9656	671a81d58b84ff08aba7df8d912f39a6
cab/Bitmaps/kista_104__Z0001.fxi	10118	01f4abac7cd9ef8ae146d1341622feec
cab/Bitmaps/kista_104__Z0002.fxi	9905	c65f6904806e338492fc1b1d42272dd5
cab/Bitmaps/kista_104__Z0003.fxi	9861	353168ebbb4fce005aacef02072531ab
cab/Bitmaps/kista_104__Z0004.fxi	9951	cacdcbd482c650c71e0d198af20665c9
cab/Bitmaps/kista_104_finalframe.jpg	12262	09d51976ae25a91d60b06a3890e5fccb
cab/Bitmaps/kista_104_finalframe_Z.fxi	9951	8ecd02747303d4a6dce7b773a6261ab2
cab/Bitmaps/kista_104_firstframe.jpg	12965	ef8616d630a520ae3a490b529d615649
cab/Bitmaps/kista_104_firstframe_Z.fxi	9656	431420524ecf1a0b3ba3e1b18e950e16
cab/Bitmaps/kistan_opened.jpg	5352	a042694573731250b08d672ed8de868b
cab/Bitmaps/kistan_opening.jpg	5631	bd84d3d400a22d4f73b22d5582ffc5cc
cab/Bitmaps/kistaopen_0000.jpg	18257	c664a3bd1ab862e8cfb7228d6d9c0139
cab/Bitmaps/kistaopen_0001.jpg	18172	7a61f6fee5763739b287a59907eea622
cab/Bitmaps/kistaopen_0002.jpg	17869	3d386a9c840ff5afdf11307300fd16cd
cab/Bitmaps/kistaopen_0003.jpg	17276	75386fa95fac0b953f5d25de2c72b70a
cab/Bitmaps/kistaopen_0004.jpg	17236	33ee0bbb3f1739fa31c2f4228ab00177
cab/Bitmaps/kistaopen__Z0000.fxi	19188	b4635e2ff56bfffc61461df0b8cf5a85
cab/Bitmaps/kistaopen__Z0001.fxi	20918	81227cef1119841c91abad66bd79f1b6
cab/Bitmaps/kistaopen__Z0002.fxi	20081	f447839f8827d31f9e0220443dfcac00
cab/Bitmaps/kistaopen__Z0003.fxi	19535	58fcdf6dea07b4105cbfbe0727f02a93
cab/Bitmaps/kistaopen__Z0004.fxi	19618	636dfdc2332486b8f14793e4a3a99df4
cab/Bitmaps/kistaopen_finalframe.jpg	17236	33ee0bbb3f1739fa31c2f4228ab00177
cab/Bitmaps/kistaopen_finalframe_Z.fxi	19618	24e0c3ee1573757834a0f81897a27b9c
cab/Bitmaps/kistaopen_nomoney.jpg	14980	15b159c718178765b63dff7b4ae92b30
cab/Bitmaps/kistaopen_nomoney_Z.fxi	18081	8283e3221d9f9232fd2abd7ec3bbc438
cab/Bitmaps/Kopia av 000_ghostofgrandfather.tga	32812	fdd73d345b1a5adc27946e2a50518bf1
cab/Bitmaps/kork16bit.tga	32812	8299e0214eb19b78f876b02c9a08d03e
cab/Bitmaps/kranen_AI_0000.jpg	1369	4eb0820ed29b831fbf74c7864c6c2c5c
cab/Bitmaps/kranen_AI_0001.jpg	1383	9feacf5979b22b53c40f950ea993bb3c
cab/Bitmaps/kranen_AI_0002.jpg	1377	d9cea19cd20c521e1f9e24a762978f5c
cab/Bitmaps/kranen_AI_0003.jpg	1375	690c4bd49e5faf7df0135de0db249879
cab/Bitmaps/Krokodil_texture_IO.tga	32812	09d2bc1ef5d4af5a30dba55710dd18cb
cab/Bitmaps/last tree frame.jpg	86126	6e2619c52be2186ed4040bffbb734ef9
cab/Bitmaps/leaf_black_b_0000.jpg	22928	238f795f83f56de3ef99267082a31f10
cab/Bitmaps/leaf_black_b_0001.jpg	22382	ca67c304ac8a8506eeda909ecc2815bf
cab/Bitmaps/leaf_black_b_0002.jpg	22532	6042a04a6f1d904c7085a21a89a2eb63
cab/Bitmaps/leaf_black_b_0003.jpg	22732	91e33cf6c32be39a393c95e9a62e57e5
cab/Bitmaps/leaf_black_b_0004.jpg	22569	4a64d3313ab94570e220970b030c17e2
cab/Bitmaps/leaf_black_b_0005.jpg	21658	27176d25fc16aca615ef30a26cb4e647
cab/Bitmaps/leaf_black_b_0006.jpg	21573	967909582d2facceb9c6c42a8dd5baed
cab/Bitmaps/leaf_black_b_0007.jpg	21543	904e69f8608ed8e32eaf9a7f1736dc09
cab/Bitmaps/leaf_black_b_0008.jpg	21580	d032e52b5bedbf08d40a8508a7b4a06a
cab/Bitmaps/leaf_black_b_0009.jpg	21126	dbbf6051820c5df166b850e78b876f47
cab/Bitmaps/leaf_black_b_0010.jpg	21444	120127c3524d4231d8e917f88a4ed2f5
cab/Bitmaps/leaf_blackBig_a_0000.jpg	26154	bb483e9a24b6ef2990cfa3de5c3c5cb3
cab/Bitmaps/leaf_blackBig_a_0001.jpg	26215	765d706f0c1a88d27c42b2e7fee3dbd5
cab/Bitmaps/leaf_blackBig_a_0002.jpg	25392	e5e318ca2dc92e2fa552c623fb643936
cab/Bitmaps/leaf_blackBig_a_0003.jpg	24623	1f88fd8ade44464a1a9ce9ec4c38bda1
cab/Bitmaps/leaf_blackBig_a_0004.jpg	25884	66c99527fb9097b58b036f1526269edc
cab/Bitmaps/leaf_blackBig_a_0005.jpg	26120	53d44f5ee98f78ada7e2edaff51124d5
cab/Bitmaps/leaf_blackBig_a_0006.jpg	26068	569fd705f7cf4b0511fc85a36a3e1eab
cab/Bitmaps/leaf_blackBig_a_0007.jpg	26611	885094ea757d5df17e75421c454d055e
cab/Bitmaps/leaf_blackBig_a_0008.jpg	26254	441d80ab2ba2ff5f27dc28a4df95d869
cab/Bitmaps/leaf_blackBig_a_0009.jpg	26229	a73356c2e8a6457330b47384afc05341
cab/Bitmaps/leaf_blackBig_a_0010.jpg	26147	7063a0524cda9ba22065b0a31da5391f
cab/Bitmaps/leaf_dark3_i_0000.jpg	36106	ae61e6daa805dc0067daef4e04c4611d
cab/Bitmaps/leaf_dark3_i_0001.jpg	36239	27f79f971c4370ecc72f13f6d6df52e0
cab/Bitmaps/leaf_dark3_i_0002.jpg	36135	7db99f8a323dac72c21de7fd4b6e3c1e
cab/Bitmaps/leaf_dark3_i_0003.jpg	35664	1ab3c64900757d485a7b455c0e88cba8
cab/Bitmaps/leaf_dark3_i_0004.jpg	35621	3dbb47acf62c327cd22669e03f332fef
cab/Bitmaps/leaf_dark3_i_0005.jpg	35614	4274794bacb803da4740126d8c1622c9
cab/Bitmaps/leaf_dark3_i_0006.jpg	35871	17f5f21c47a52fb78d6e05d770b71a79
cab/Bitmaps/leaf_dark3_i_0007.jpg	35745	f16bebbd423f78172b8f0cfca6311001
cab/Bitmaps/leaf_dark3_i_0008.jpg	35794	c5c65d1cd51dfdea4380030062324d7b
cab/Bitmaps/leaf_dark3_i_0009.jpg	35870	3696e19995c4cfad96183a3cddadac4a
cab/Bitmaps/leaf_dark3_i_0010.jpg	35171	f51b85e4ba34874affd3291b2ae6a5f1
cab/Bitmaps/leaf_dark_h_0000.jpg	21414	daf2826f4e09db1c6e5abe0e01862c50
cab/Bitmaps/leaf_dark_h_0001.jpg	21780	307c4aca40c5024ccba39bf44330cc12
cab/Bitmaps/leaf_dark_h_0002.jpg	21456	81ac7860ee42348cdc487fced092d926
cab/Bitmaps/leaf_dark_h_0003.jpg	21096	ddb1a1afeed547c8951b49090314292a
cab/Bitmaps/leaf_dark_h_0004.jpg	21144	0d3a8dc131641d289d8ac2a714115898
cab/Bitmaps/leaf_dark_h_0005.jpg	21327	de91cbcf00e6fdab1f4367beb9259d41
cab/Bitmaps/leaf_dark_h_0006.jpg	20688	7b1dea37eb05f7ec416fd342202b5476
cab/Bitmaps/leaf_dark_h_0007.jpg	21051	fbe5ebf917a3e180a5d321f97fe486ec
cab/Bitmaps/leaf_dark_h_0008.jpg	21572	46843d5780e6cf321b032542a740621f
cab/Bitmaps/leaf_dark_h_0009.jpg	21157	3d2ec6eb27edc48693f547464757cb67
cab/Bitmaps/leaf_dark_h_0010.jpg	21657	ad6af2c7ed42a083a5cba125b85c7b6c
cab/Bitmaps/leaf_darkBig_f_0000.jpg	74827	ba19ed7a550dee42356ec900f72ac933
cab/Bitmaps/leaf_darkBig_f_0001.jpg	74044	22bad8a228bce9606667526deb6fecad
cab/Bitmaps/leaf_darkBig_f_0002.jpg	74094	c3e72d7b191dd8f1d5223e25eef22d46
cab/Bitmaps/leaf_darkBig_f_0003.jpg	74815	4f5f57a5214b4f03441d0d1081df2d53
cab/Bitmaps/leaf_darkBig_f_0004.jpg	74631	c64188151837ca891eaccbf6b4c2f73b
cab/Bitmaps/leaf_darkBig_f_0005.jpg	74705	01f7582a4fd07a8cebdadeccbbff8747
cab/Bitmaps/leaf_darkBig_f_0006.jpg	74562	b444fcab6b3aa561bd848ae5aa9d2acc
cab/Bitmaps/leaf_darkBig_f_0007.jpg	74470	61084a702ae105a1934eeb40becedef6
cab/Bitmaps/leaf_darkBig_f_0008.jpg	74334	59284c78b0683c8b9089b941213b59a2
cab/Bitmaps/leaf_darkBig_f_0009.jpg	74534	54fcc5c6040b9d52aa6992b9f9f29a46
cab/Bitmaps/leaf_darkBig_f_0010.jpg	74252	8084e8e1894fbb949614e48d16583e0f
cab/Bitmaps/leaf_darkLeftDownCornerBig_m_0000.jpg	82355	9c9ae27e7dd1317262e81da7bff0b20e
cab/Bitmaps/leaf_darkLeftDownCornerBig_m_0001.jpg	82199	ba0b034948b792ae1bd16fc9387e13be
cab/Bitmaps/leaf_darkLeftDownCornerBig_m_0002.jpg	81965	889b87c788686c05d8ba1f783c30a78c
cab/Bitmaps/leaf_darkLeftDownCornerBig_m_0003.jpg	81604	8a73c097109f2f5a86527ccdec8df479
cab/Bitmaps/leaf_darkLeftDownCornerBig_m_0004.jpg	81341	4f36b2e7aee1187cd466fbd5415ae03d
cab/Bitmaps/leaf_darkLeftDownCornerBig_m_0005.jpg	81787	25e4f6fa34431d172150afbb0fd75f64
cab/Bitmaps/leaf_darkLeftDownCornerBig_m_0006.jpg	82391	ffb4235d8d3cda46fbbab27a0279cbda
cab/Bitmaps/leaf_darkLeftDownCornerBig_m_0007.jpg	81673	94ac38dbfabef1f6cc43fa5e48f56888
cab/Bitmaps/leaf_darkLeftDownCornerBig_m_0008.jpg	82248	46c00675f00de0610fe18d1af3138115
cab/Bitmaps/leaf_darkLeftDownCornerBig_m_0009.jpg	81552	81cccfa78f78021502eeef797d072223
cab/Bitmaps/leaf_darkLeftDownCornerBig_m_0010.jpg	81632	59c045fa651b6221dcc75ec7453cb04c
cab/Bitmaps/leaf_darkRightDownCornerBig_k_0000.jpg	50508	57a894ca8e6533a149a83e1168299e30
cab/Bitmaps/leaf_darkRightDownCornerBig_k_0001.jpg	50357	e30366c20e18c4db3169d1d4a81f8487
cab/Bitmaps/leaf_darkRightDownCornerBig_k_0002.jpg	50376	7fc1264f3ec452e829506fd2aa2b15bf
cab/Bitmaps/leaf_darkRightDownCornerBig_k_0003.jpg	48982	4f965e855c565b88cbb347dc5cf355ef
cab/Bitmaps/leaf_darkRightDownCornerBig_k_0004.jpg	49315	34fafb7fdd14b8b5e27acc79b8eb4b3c
cab/Bitmaps/leaf_darkRightDownCornerBig_k_0005.jpg	50463	a654f0ae251d7b94deac95c0edf02780
cab/Bitmaps/leaf_darkRightDownCornerBig_k_0006.jpg	51914	b3608b466fedad8ff32a1c60b725b011
cab/Bitmaps/leaf_darkRightDownCornerBig_k_0007.jpg	52060	d27924422a28b19b515946afef8c6b42
cab/Bitmaps/leaf_darkRightDownCornerBig_k_0008.jpg	52452	52005c2f6bba01bac5a27e9697958b48
cab/Bitmaps/leaf_darkRightDownCornerBig_k_0009.jpg	53741	3ec8f94d84ab15fe35857c2649bffde6
cab/Bitmaps/leaf_darkRightDownCornerBig_k_0010.jpg	54124	73defd74737490cc59c097ae46c683e1
cab/Bitmaps/leaf_darkSmall_c_0000.jpg	8796	b648bf55eda851b7df267e1dbf850a5a
cab/Bitmaps/leaf_darkSmall_c_0001.jpg	8611	3ab5ecd8c8909bba69bfc5390d612789
cab/Bitmaps/leaf_darkSmall_c_0002.jpg	8483	9bf035f6c6a4ffabefd8dcdece6745cc
cab/Bitmaps/leaf_darkSmall_c_0003.jpg	8224	3043544e2fc7d75cbd294f3c66e9e1ff
cab/Bitmaps/leaf_darkSmall_c_0004.jpg	8139	d86600739b427c1fc8aea508b904b4f8
cab/Bitmaps/leaf_darkSmall_c_0005.jpg	8325	f4ddbf6fe62750110c34bc0c9511dd6b
cab/Bitmaps/leaf_darkSmall_c_0006.jpg	8298	3ae556a4d98a62d276f5857bd551a606
cab/Bitmaps/leaf_darkSmall_c_0007.jpg	8037	e15120e493d58bfcd0f833fb95d99dcf
cab/Bitmaps/leaf_darkSmall_c_0008.jpg	8094	2c2c040d49deaed6e9e3d046a2001b64
cab/Bitmaps/leaf_darkSmall_c_0009.jpg	8045	57e9d4ed6ddd9986f75a236e93a8ee98
cab/Bitmaps/leaf_darkSmall_c_0010.jpg	7963	63e6d1419bed174b43d3c075e7a441b4
cab/Bitmaps/leaf_lighRight_a_0000.jpg	30651	a06b3e9bd72506cba6cbbc0292bcb45e
cab/Bitmaps/leaf_lighRight_a_0001.jpg	30795	68043d23b04e1badbe86372f54866632
cab/Bitmaps/leaf_lighRight_a_0002.jpg	31143	696b29912eb8f2876bf6acdace93dfca
cab/Bitmaps/leaf_lighRight_a_0003.jpg	31843	f4d7ad7e297cc0d2e18c998684bb289e
cab/Bitmaps/leaf_lighRight_a_0004.jpg	31858	c226bdcd4e9fa74a14cba22d415637b8
cab/Bitmaps/leaf_lighRight_a_0005.jpg	32800	0e72d478f905052808fb9090ed56c729
cab/Bitmaps/leaf_lighRight_a_0006.jpg	32867	037260fe5b53dfe237fea6436311e4ed
cab/Bitmaps/leaf_lighRight_a_0007.jpg	32929	e8e2c25e902dff6e04ceae78202c1cfa
cab/Bitmaps/leaf_lighRight_a_0008.jpg	33391	5b5104e65138c71e1f39e189e21df3d5
cab/Bitmaps/leaf_lighRight_a_0009.jpg	33926	3b4d2d33a6ff5313d70b84d100d8a5de
cab/Bitmaps/leaf_lighRight_a_0010.jpg	33749	e7198036a1ec407f9f9b9deb2c770c58
cab/Bitmaps/leaf_light3small_f_0000.jpg	36310	e486c92de165399820d2c01847d9a71c
cab/Bitmaps/leaf_light3small_f_0001.jpg	36491	8e342a308093a3d30746f5bc0c840aa0
cab/Bitmaps/leaf_light3small_f_0002.jpg	36249	29128ffae8af0ed1a323ee3111f65d89
cab/Bitmaps/leaf_light3small_f_0003.jpg	36386	053f61e9dd47c05dd10b9d17cf4b1931
cab/Bitmaps/leaf_light3small_f_0004.jpg	36788	fc876e7207da07c112243e8a5dc0848b
cab/Bitmaps/leaf_light3small_f_0005.jpg	36696	f2be9a0616d591491674ba178604a4b7
cab/Bitmaps/leaf_light3small_f_0006.jpg	35977	508237836df2f3166953f9b7ad1494f7
cab/Bitmaps/leaf_light3small_f_0007.jpg	36854	285c066c85136260f4432f5f964bd0b1
cab/Bitmaps/leaf_light3small_f_0008.jpg	36952	d2532827af2a5159de8211e0c60484b0
cab/Bitmaps/leaf_light3small_f_0009.jpg	36931	23734cc32766fe0838875aad8d0d0ac6
cab/Bitmaps/leaf_light3small_f_0010.jpg	36444	6e9bf767da05f1e8c2761c0439c7ec69
cab/Bitmaps/leaf_light_d_0000.jpg	31003	7603eb0fd997b704873fa2e2a46cda65
cab/Bitmaps/leaf_light_d_0001.jpg	31060	6fbf383f2916a46cedfd32309e96794c
cab/Bitmaps/leaf_light_d_0002.jpg	30760	34310cd00b4865f0453fed740c9fbabb
cab/Bitmaps/leaf_light_d_0003.jpg	30815	56856bc5c9fc31f7a67103a4d772508d
cab/Bitmaps/leaf_light_d_0004.jpg	30762	c5c325450ba42f23f40f8d693d07bcc9
cab/Bitmaps/leaf_light_d_0005.jpg	30589	e49a764ab1601fbb172811ec06567285
cab/Bitmaps/leaf_light_d_0006.jpg	31002	3f9beb62db0c2b4b983b80a8430b3a50
cab/Bitmaps/leaf_light_d_0007.jpg	31674	73e79a00ed42ae9b048abc0e3a5e0cf2
cab/Bitmaps/leaf_light_d_0008.jpg	31489	8d04158bee89f4e93fb2ab3741fa5127
cab/Bitmaps/leaf_light_d_0009.jpg	31182	e77192612427a92f367e474f9423ecd6
cab/Bitmaps/leaf_light_d_0010.jpg	31435	45d0fc5cffd9d5ca978369c5f5120a0d
cab/Bitmaps/leaf_lightBrownBig_g_0000.jpg	55015	53664d4a37bce8609c0b47b010406967
cab/Bitmaps/leaf_lightBrownBig_g_0001.jpg	55509	2617d47c9ffdeced64b4cd673d716b6f
cab/Bitmaps/leaf_lightBrownBig_g_0002.jpg	55859	e96732e23a1611389d41205520a0a568
cab/Bitmaps/leaf_lightBrownBig_g_0003.jpg	55366	d1b6889af1a4c001ad6f7076fa11b95b
cab/Bitmaps/leaf_lightBrownBig_g_0004.jpg	55343	7b6caf65200cefdd1c254936ee33758a
cab/Bitmaps/leaf_lightBrownBig_g_0005.jpg	55236	4270b2fd825ef2080afb4902703d42be
cab/Bitmaps/leaf_lightBrownBig_g_0006.jpg	55571	e73c38fe3374cf4c12fadee0cfdf0abc
cab/Bitmaps/leaf_lightBrownBig_g_0007.jpg	55963	ed7271cb459c958cb4f82de466a88453
cab/Bitmaps/leaf_lightBrownBig_g_0008.jpg	56023	6912b4cbedc73e2760720c891636b14d
cab/Bitmaps/leaf_lightBrownBig_g_0009.jpg	55983	8da56671c5e664e2b18ac5b2e96d7d13
cab/Bitmaps/leaf_lightBrownBig_g_0010.jpg	56290	bbd88e3a17204f03d4cff436e39fd6c0
cab/Bitmaps/leaf_lightLeftCorner_a_0000.jpg	85005	5ddd803d0e412b221f9973cd74f897cc
cab/Bitmaps/leaf_lightLeftCorner_a_0001.jpg	84960	9d36a64ac63f182710020fe77f844538
cab/Bitmaps/leaf_lightLeftCorner_a_0002.jpg	85022	e321e6b7d245ac0d7d69bf9e6a8464ae
cab/Bitmaps/leaf_lightLeftCorner_a_0003.jpg	84412	eb87164ab52f8c598422a79a47b2174a
cab/Bitmaps/leaf_lightLeftCorner_a_0004.jpg	84420	015b4db95bb8e75e2ec0a6fc95a64bcf
cab/Bitmaps/leaf_lightLeftCorner_a_0005.jpg	84848	7a51bb1da6d95dd7d104e3d3e104b77b
cab/Bitmaps/leaf_lightLeftCorner_a_0006.jpg	84616	77de26a9672361ac42e4d3aeb03f5eaa
cab/Bitmaps/leaf_lightLeftCorner_a_0007.jpg	85294	94949449eacfac262975a34eba8e5e45
cab/Bitmaps/leaf_lightLeftCorner_a_0008.jpg	85623	dc5b8478467bd95a58a5a06ad5ac9c6e
cab/Bitmaps/leaf_lightLeftCorner_a_0009.jpg	85670	d557b58d714d8fe57e508f8e68ca2502
cab/Bitmaps/leaf_lightLeftCorner_a_0010.jpg	86084	ba1119676006e900cfa5e5292ebf3360
cab/Bitmaps/lock_118_green.tga	172	cfd280145da51a75ca42813e55f97928
cab/Bitmaps/lock_graveyard.tga	172	0c8804395c87d4805f7a69e8fb4726bf
cab/Bitmaps/lock_plaza.tga	172	0c8804395c87d4805f7a69e8fb4726bf
cab/Bitmaps/locket_0000.jpg	32207	31a3b1b2b11b2f49911914da4c0a5901
cab/Bitmaps/locket_0001.jpg	32086	3b0705b1854e4d3cb90a824ba1743fb7
cab/Bitmaps/locket_0002.jpg	32361	080b83140372adac3e9b76024fcb6dd6
cab/Bitmaps/locket_0003.jpg	32526	6139cfc32c2013f65f9577d066775a80
cab/Bitmaps/locket_0004.jpg	32660	cf9c4d4d4d4398c963a3876557847bdd
cab/Bitmaps/locket_0005.jpg	32680	b7fc4ff899b5f4f493ccfe018de7724b
cab/Bitmaps/locket_0006.jpg	32562	b3b81f8f11c892a940173d592f33964e
cab/Bitmaps/locket_0007.jpg	32662	b1d966a2f607af076d5b966a49048747
cab/Bitmaps/locket_0008.jpg	32553	481be861f2cd084bb771cb915c09a045
cab/Bitmaps/locket_0009.jpg	32740	7b4309b6ddb11059bd9f466cc04e3bb4
cab/Bitmaps/locket_0010.jpg	32573	63497697f43521e580cbfeec060be5d3
cab/Bitmaps/locket_0011.jpg	32588	8fbc32a6d7247c401683e6b5278fe4a2
cab/Bitmaps/locket_0012.jpg	32939	c01c0a05fbf814867bea925548455de5
cab/Bitmaps/locket__Z0000.fxi	24015	28dfd913cded78183c89853204e68ddd
cab/Bitmaps/locket__Z0001.fxi	24194	e6bd6633c71d9df6e564b481aa43ae04
cab/Bitmaps/locket__Z0002.fxi	24271	b05639b133327a72b50a38417b6212e6
cab/Bitmaps/locket__Z0003.fxi	24507	ebb9796868ef016c44ed8ee61c410fea
cab/Bitmaps/locket__Z0004.fxi	24709	9071bdc600535b2718d2d5d01aab527f
cab/Bitmaps/locket__Z0005.fxi	24601	56c78be3332f16a59480f5175bb95c10
cab/Bitmaps/locket__Z0006.fxi	24547	dc64bc40345b57699364f9a47185f336
cab/Bitmaps/locket__Z0007.fxi	24192	1213b0a7a8b1518fddff1dc69f808c97
cab/Bitmaps/locket__Z0008.fxi	23772	4eda11890f689c000d865d331d58bcc8
cab/Bitmaps/locket__Z0009.fxi	23211	90f8109ed648c8b04a0585e6509533a3
cab/Bitmaps/locket__Z0010.fxi	22681	febc6a7f0ef2850b4d29a5eb18bd8fef
cab/Bitmaps/locket__Z0011.fxi	22317	4a61435b2838e7110715a663a0ccdce7
cab/Bitmaps/locket__Z0012.fxi	23162	54de3cdb8899bfbb4ca65d8ff8743654
cab/Bitmaps/Locket_Av.jpg	32939	c01c0a05fbf814867bea925548455de5
cab/Bitmaps/Locket_Av_Z.fxi	23162	51bbc01019a7c629375e4f64e46e9372
cab/Bitmaps/moln_0000.jpg	9405	9fe8c36058caf2eb076d294519ab425c
cab/Bitmaps/moln_0001.jpg	11561	219bfb4fa013d4d14deeb9c866e24f2a
cab/Bitmaps/moln_0002.jpg	16871	59c0f82498216acb78846990f70170bb
cab/Bitmaps/moln_0003.jpg	20625	262de39b958d4cefe7ed8cb63a87c1bd
cab/Bitmaps/moln_0004.jpg	22851	209e07dccf54d9393eac1f274d91b061
cab/Bitmaps/moln_0005.jpg	25672	b7ec53c5c3ff1efa3e31043525b87797
cab/Bitmaps/moln_0006.jpg	22354	9956089efee21e415dd9e9dcf9071b30
cab/Bitmaps/moln_0007.jpg	22851	15b7057d51983fad1e2a1601f7deba77
cab/Bitmaps/moln_0008.jpg	16871	cc91bc1b3b318e8758399674a725b594
cab/Bitmaps/moln_0009.jpg	20625	4f4aafb7289d14d76158b80fcf1aeef1
cab/Bitmaps/moln_0010.jpg	22851	1dce001a0990996e716c9eae39b260e5
cab/Bitmaps/moln_0011.jpg	24539	05b224256d3b1b3cd10cfb5dea738327
cab/Bitmaps/moln_0012.jpg	14572	3fb7710ac2734e5193e486f7a0909792
cab/Bitmaps/moln_0013.jpg	11561	16ef1c6af615c13bd2fa96859d5029b5
cab/Bitmaps/moln_small_0000.jpg	4728	3b02c8ba17ae85880e4ca63c71a0fa52
cab/Bitmaps/moln_small_0001.jpg	5890	efccdd04dd6df9b3072c3c0735c3ae76
cab/Bitmaps/moln_small_0002.jpg	9287	6e0fad2b3d3dc417db2207c20c14d2be
cab/Bitmaps/moln_small_0003.jpg	10773	ab1f8513f2cee27d98468e0cf715a666
cab/Bitmaps/moln_small_0004.jpg	11974	6212c226ee9f9def39dc5faab2bae04d
cab/Bitmaps/moln_small_0005.jpg	13328	0f32de7a6a03febb454d1b66a14c9820
cab/Bitmaps/moln_small_0006.jpg	12064	3e35618c4f8b7791040352617f99b035
cab/Bitmaps/moln_small_0007.jpg	11974	b23446d6fdec902d3a90e26ac38ba96f
cab/Bitmaps/moln_small_0008.jpg	9287	b438690884b66d491aa06da50c905cef
cab/Bitmaps/moln_small_0009.jpg	10773	1751d7b6914fe025992bfe052a02b743
cab/Bitmaps/moln_small_0010.jpg	11974	0ebbbe7691404dd2a20479053ce2699d
cab/Bitmaps/moln_small_0011.jpg	13296	6f636b8ae20014ea550160cf0f52d097
cab/Bitmaps/moln_small_0012.jpg	7684	3f0c86af57b5ff6ec6310b3ea48ad41c
cab/Bitmaps/moln_small_0013.jpg	5890	04cd4baefcd251fc6d9f1f1a86c01830
cab/Bitmaps/mussla01_0000.jpg	3152	66cb55424e70f8cc11aaf463d1fff1ef
cab/Bitmaps/mussla01_0001.jpg	3180	18210c6c897b8908e719889797b0bebb
cab/Bitmaps/mussla01_0002.jpg	3155	095bc571f9d2238f1a75f6db6c1147f7
cab/Bitmaps/mussla01_0003.jpg	3173	227c703f8638eb550a76760c8abf514c
cab/Bitmaps/mussla01_0004.jpg	3247	cc6f6656851d865976e5180aee2f1319
cab/Bitmaps/mussla01_0005.jpg	3185	4548498dab6a4275996c0bf380746c6b
cab/Bitmaps/mussla01_0006.jpg	3293	c251202fa7019ad54abeeff36647873f
cab/Bitmaps/mussla01_0007.jpg	3301	0d1e5e65b95a47e6655fad790076a70d
cab/Bitmaps/mussla01_0008.jpg	3357	c88c3ac7b297691968b988c5fcc40d87
cab/Bitmaps/mussla01_0009.jpg	3359	148d428a665dc95621beb0402130f69e
cab/Bitmaps/mussla01_0010.jpg	3370	25a084c3ea795729891c251c3bcbc0ad
cab/Bitmaps/mussla02_0000.jpg	2710	7b6b756d350b7792fb46918879159aac
cab/Bitmaps/mussla02_0001.jpg	2736	1efa273b64b1bb7fb20be3ffb9f4fa85
cab/Bitmaps/mussla02_0002.jpg	2735	f6cec21cb291484a16a90ad886663398
cab/Bitmaps/mussla02_0003.jpg	2739	c9daa708bbaf7efc0cc42bb960308646
cab/Bitmaps/mussla02_0004.jpg	2755	4dce3ee3f0794549a4457ff87510b900
cab/Bitmaps/mussla02_0005.jpg	2768	63a6432c26d8b4a0a61c872933faefed
cab/Bitmaps/mussla02_0006.jpg	2782	b66d3d4208bf9ec896ee000af80402b7
cab/Bitmaps/mussla02_0007.jpg	2789	6d20deca94dbb4640b7d5876159abc2b
cab/Bitmaps/mussla02_0008.jpg	2800	18fc09bb843c4f0913adf7eb58981e09
cab/Bitmaps/mussla02_0009.jpg	2956	d780595f09e8dd34be416256afaf82ac
cab/Bitmaps/mussla02_0010.jpg	3055	376a7d91dc763483fd7c03bbc9bf4d66
cab/Bitmaps/mussla06_0000.jpg	2718	857b1b65f3d39bac433aa55f7e770b29
cab/Bitmaps/mussla06_0001.jpg	2719	ddf814a0b07c05746813db24eeef5229
cab/Bitmaps/mussla06_0002.jpg	2721	ba3929606ca0098012d3cacabbc909d1
cab/Bitmaps/mussla06_0003.jpg	2694	833c2b4eadcace2fd9df4b384c5337db
cab/Bitmaps/mussla06_0004.jpg	2750	9b9361bb2147aff59caf01b4902223a2
cab/Bitmaps/mussla06_0005.jpg	2761	4a83c393505f11f31d2a5329ad2d8431
cab/Bitmaps/mussla06_0006.jpg	2764	ea2ba4abd685f1fa950a517a59115cc9
cab/Bitmaps/mussla06_0007.jpg	2733	a8fac5327dcc0836182479b600526e03
cab/Bitmaps/mussla06_0008.jpg	2778	4bd35f93b61f7c593ac187454a0fa674
cab/Bitmaps/mussla06_0009.jpg	2786	b701967e906fde288ed73c466aca8afa
cab/Bitmaps/mussla06_0010.jpg	2783	98df13a79024e6e415bf368d3201f023
cab/Bitmaps/mussla08_0000.jpg	4927	0d27f64df6c9559dc88b20e97d10e9a7
cab/Bitmaps/mussla08_0001.jpg	5008	6855ccbe3024bab4650819fb3218b18b
cab/Bitmaps/mussla08_0002.jpg	5011	32f00e0d724e7a59e0b36b94d958edef
cab/Bitmaps/mussla08_0003.jpg	5133	50a12ad4cc604cd6db20e6c0cc912cbd
cab/Bitmaps/mussla08_0004.jpg	5115	482de94b7a82fdd3a0848adf3d01cd20
cab/Bitmaps/mussla08_0005.jpg	5310	c1293006c44b3c3f67d7b775505f6645
cab/Bitmaps/mussla08_0006.jpg	5320	5378848c5bc4c76f1334c34e9b2d09c4
cab/Bitmaps/mussla08_0007.jpg	5449	65d13f755f036c2001490ed404e57ad8
cab/Bitmaps/mussla08_0008.jpg	5501	5b1a7ccac0569cf3b54ea8b50161a151
cab/Bitmaps/mussla08_0009.jpg	5614	840de961d6490dc9a96347ee8b6bef71
cab/Bitmaps/mussla08_0010.jpg	5750	41a2a3bd3e0b418433683db8e9be079d
cab/Bitmaps/myrtexture.tga	172	2a3a0a2e3c2f3f89b843a51036eca35f
cab/Bitmaps/noise.raw	480000	3552a29f72caf36d91db5e8f42e478b8
cab/Bitmaps/nosferatu.tga	32812	c8b14b0723ce4e88e9fcf72e1397b9e7
cab/Bitmaps/open.jpg	11302	c29eee3b91ccd866f40c85c498742cfb
cab/Bitmaps/pb_apeson_0000.jpg	2555	7d9262b4fe174324ae95a16669f425c1
cab/Bitmaps/pb_apeson_0001.jpg	3583	90256dafe8ab0264ac2d732c5a009d69
cab/Bitmaps/pb_apeson_0002.jpg	3647	5133ba46961b96e127344471aec2d097
cab/Bitmaps/pb_apeson_0003.jpg	6242	936aac9797a7fe788b564d07e5aa9721
cab/Bitmaps/pb_apeson_0004.jpg	9137	6c53a2261f7c9a6ab3acb2c9ce5cadcd
cab/Bitmaps/pb_apeson_0005.jpg	8366	d1d3a1fe676507600942f8e296460ff7
cab/Bitmaps/pb_apeson_0006.jpg	8178	3b523bc96b431e8bff471c1fdfc0512b
cab/Bitmaps/pb_apeson_0007.jpg	8217	99326b41ef7167911fa41e4830329a02
cab/Bitmaps/pb_apeson_0008.jpg	8092	3c139c77e0914c1a77fe48002940c138
cab/Bitmaps/pb_apeson_0009.jpg	10628	6c443df989955d924509a32dc0487571
cab/Bitmaps/pb_apeson_0010.jpg	10548	de1ad3cf2455ed9e6837ef8f3859482f
cab/Bitmaps/pb_apeson_0011.jpg	10548	04c33cf9652ded13f2b029856f148a9c
cab/Bitmaps/pb_apeson_0012.jpg	10575	2226baadec2a648e1bfc66886f72ccdd
cab/Bitmaps/pb_apeson_0013.jpg	10343	2508895f5bfee415815f4951ec124738
cab/Bitmaps/pb_apeson_0014.jpg	10525	52220cade40f1eda61e318d7b1c4bb64
cab/Bitmaps/pb_apeson_0015.jpg	10548	21bb843dca4a1ce079fbcae3f3fb2914
cab/Bitmaps/pb_apeson_0016.jpg	10548	3413735631cfa02fa934ee59c601c451
cab/Bitmaps/pb_apeson_0017.jpg	10559	066b178a36dc7b7bd2eec679a619b480
cab/Bitmaps/pb_apeson_0018.jpg	10555	c88674acffec27e642b2afd4d1980848
cab/Bitmaps/pb_apeson_0019.jpg	8092	7728cee1d6dd042f9a21954c232461a8
cab/Bitmaps/pb_apeson_0020.jpg	10733	9d913678f0f1e63cec896c60d02938c2
cab/Bitmaps/pb_apeson_0021.jpg	11054	bd0a780aae517b7e00268c404ca1b8a4
cab/Bitmaps/pb_apeson_0022.jpg	8632	58ff6bfb2cc366f5f1a2de6347bef4b9
cab/Bitmaps/pb_apeson_0023.jpg	6110	a6031eb7799e7abeacf3ac580c2945db
cab/Bitmaps/pb_apeson_0024.jpg	4467	7399c8596501adef4cd8b8b7f9a853f5
cab/Bitmaps/pb_banana_0000.jpg	2555	a9acffd277b1ed162526c67f5b68b643
cab/Bitmaps/pb_banana_0001.jpg	3583	e6aa34446146ff315d07ac0a7f62ce8f
cab/Bitmaps/pb_banana_0002.jpg	3647	6fae5b34805c8682280bd126d02e6e30
cab/Bitmaps/pb_banana_0003.jpg	6242	4e932fd48925994c79b2587819cefac3
cab/Bitmaps/pb_banana_0004.jpg	9137	41497839319b8fe1a3cee74d57f3393e
cab/Bitmaps/pb_banana_0005.jpg	11086	4ac2569b020e43d0e215837e7c6ababc
cab/Bitmaps/pb_banana_0006.jpg	10852	9ecd4bdb677a40a11abdd997b70f8f87
cab/Bitmaps/pb_banana_0007.jpg	10868	43ccbb612dbe4b7ec99859b2034c92ec
cab/Bitmaps/pb_banana_0008.jpg	10835	35c56aa4f72ad6d0590e1ea70c00046b
cab/Bitmaps/pb_banana_0009.jpg	10868	6d2c0c639b59b63abf57f8909056bf12
cab/Bitmaps/pb_banana_0010.jpg	10835	997e1970affbd2eff26ba16656f93b77
cab/Bitmaps/pb_banana_0011.jpg	10852	0e3b4432b86175d070269f4be0a53770
cab/Bitmaps/pb_banana_0012.jpg	10868	f67474a424fa83d193e8952e674bfa18
cab/Bitmaps/pb_banana_0013.jpg	10835	00c35b8a68833fe77eccb4bfe6e0e93a
cab/Bitmaps/pb_banana_0014.jpg	10868	a5dfc05ea92d6afa8cfa32268edaf10e
cab/Bitmaps/pb_banana_0015.jpg	10835	eda451c116cd077c3340c9e5e461c8ff
cab/Bitmaps/pb_banana_0016.jpg	10852	b3df67fc191c3a733060302d7768fb39
cab/Bitmaps/pb_banana_0017.jpg	10868	caeb9530f7fb7bbc7d298cc1ecd29681
cab/Bitmaps/pb_banana_0018.jpg	10852	d72f4d068d96e0a8a25c90ed98139e13
cab/Bitmaps/pb_banana_0019.jpg	10835	12ed5878663a465b2a20d2edb0dcfd0d
cab/Bitmaps/pb_banana_0020.jpg	10733	ce8bad666977e882a25be49020972588
cab/Bitmaps/pb_banana_0021.jpg	11054	ac32c5908d409a5cae5747fab612a979
cab/Bitmaps/pb_banana_0022.jpg	8632	222b7fa17370e06dcd9b3e084ddf758e
cab/Bitmaps/pb_banana_0023.jpg	6110	3c474b9b161b5e5153e3983dbf87ed92
cab/Bitmaps/pb_banana_0024.jpg	4467	7900dafc331b6b3a98aaca3b483a5802
cab/Bitmaps/pb_diegrump_0000.jpg	2555	f9f8dc80a880cea4b0bd898c07c7eaf0
cab/Bitmaps/pb_diegrump_0001.jpg	3583	fbad56cc8bf79f045947320ca9dbfe73
cab/Bitmaps/pb_diegrump_0002.jpg	3647	a3765987e46ed9a190449fae95bb9caf
cab/Bitmaps/pb_diegrump_0003.jpg	6242	f7c23dbd4e0c7f6a515ef3cadf4db949
cab/Bitmaps/pb_diegrump_0004.jpg	9137	10d0dcfe1125f8fedb15affe226e1a4a
cab/Bitmaps/pb_diegrump_0005.jpg	10237	1c17dde32ad047976a9f9c5b4c166ca3
cab/Bitmaps/pb_diegrump_0006.jpg	10145	ec19e2970c7488bfbe20fc370a540a00
cab/Bitmaps/pb_diegrump_0007.jpg	10127	f6fc3d9a949559506bacbfea2d3308e2
cab/Bitmaps/pb_diegrump_0008.jpg	10024	8dc7fae708d813292128395d2e2dcb6d
cab/Bitmaps/pb_diegrump_0009.jpg	10127	abd88f18dfe3f340729eee198273bd64
cab/Bitmaps/pb_diegrump_0010.jpg	10024	c35d151da84d291e638837bd36111afb
cab/Bitmaps/pb_diegrump_0011.jpg	10145	a7962b06fff2a9487ccbd7de26cb7534
cab/Bitmaps/pb_diegrump_0012.jpg	10127	6871ba23f93abec8fd00fd621418adfa
cab/Bitmaps/pb_diegrump_0013.jpg	10024	0e27d8798466badcb671fd6af4a742c6
cab/Bitmaps/pb_diegrump_0014.jpg	10127	9a7a3a8e7858a900f65ffbcad7e1b6b5
cab/Bitmaps/pb_diegrump_0015.jpg	10024	cc6f65c03ecd1a6987ee351105b3eb30
cab/Bitmaps/pb_diegrump_0016.jpg	10145	6c6a3283ee1b9a800bc44b8f0c742450
cab/Bitmaps/pb_diegrump_0017.jpg	10127	15d4c182287bf4ac1d015e667e21e148
cab/Bitmaps/pb_diegrump_0018.jpg	10145	a07759ad0b5d9981f235001100ac906a
cab/Bitmaps/pb_diegrump_0019.jpg	10024	149a866400000611402e87da095c29f1
cab/Bitmaps/pb_diegrump_0020.jpg	10733	0dc58ec44e064ef1977b8bd69ea48631
cab/Bitmaps/pb_diegrump_0021.jpg	11054	2e311c2bee6eba4ce4168bc09aa04064
cab/Bitmaps/pb_diegrump_0022.jpg	8632	ec98363584630c2698c53a46ef581dea
cab/Bitmaps/pb_diegrump_0023.jpg	6110	57eed15361d6106e4847ae7c3cd5bae7
cab/Bitmaps/pb_diegrump_0024.jpg	4467	41f8c24ae1a46bad0c8fd928503da0af
cab/Bitmaps/pb_flower_0000.jpg	2555	b39fb3eee2ec695223959f16592a9841
cab/Bitmaps/pb_flower_0001.jpg	3583	07fdb8c8e2b19a40fce9f9a447a83015
cab/Bitmaps/pb_flower_0002.jpg	3647	b444130f2034e485cd10be3bd4448b2e
cab/Bitmaps/pb_flower_0003.jpg	6242	fded30653866e40fdef5b5e8d621b6bf
cab/Bitmaps/pb_flower_0004.jpg	9137	8006f968aecbd0eca62faadab91f5e83
cab/Bitmaps/pb_flower_0005.jpg	10184	4322737f4730b7af4d7159243d491854
cab/Bitmaps/pb_flower_0006.jpg	10104	47a8e5a5960d9b113cb37776886fcaca
cab/Bitmaps/pb_flower_0007.jpg	10121	3d0fdcf863274ab773b6061329dc7585
cab/Bitmaps/pb_flower_0008.jpg	10090	009914b96f248b467c8b57d89b13bb64
cab/Bitmaps/pb_flower_0009.jpg	10121	27ffdadf66f876670ba16396f003c229
cab/Bitmaps/pb_flower_0010.jpg	10090	eb5e1f756cdf9668f2c75c0605391f25
cab/Bitmaps/pb_flower_0011.jpg	10104	4f9f1082346b8fbe1e40217914c8d11a
cab/Bitmaps/pb_flower_0012.jpg	10121	b5ee37eb3d73a11a93b95d73a4f7708d
cab/Bitmaps/pb_flower_0013.jpg	10090	9c1fddf2fe3703412ff1a8f59920e87b
cab/Bitmaps/pb_flower_0014.jpg	10121	22f3be220dd3620c280a151d8105e682
cab/Bitmaps/pb_flower_0015.jpg	10090	6e65e5845b7422dc03458aae70e397cb
cab/Bitmaps/pb_flower_0016.jpg	10104	7ad0fe6cd96f939d49308b57266934bd
cab/Bitmaps/pb_flower_0017.jpg	10121	059663d601caebe46983a98184a9a622
cab/Bitmaps/pb_flower_0018.jpg	10104	73b338968a462aba5e40f8da859cea97
cab/Bitmaps/pb_flower_0019.jpg	10090	0c4f91b2a6f06577ae3ddc3c37b3b9c7
cab/Bitmaps/pb_flower_0020.jpg	10733	157439704ed278381f6dc94353b4fe32
cab/Bitmaps/pb_flower_0021.jpg	11054	9e960211e5228d09958bd37ee70b5c1b
cab/Bitmaps/pb_flower_0022.jpg	8632	6458068f16a7f817102f6b88da0b0f3c
cab/Bitmaps/pb_flower_0023.jpg	6110	7ca7b42fc0a35581a4c518ae7a2a9027
cab/Bitmaps/pb_flower_0024.jpg	4467	de7055c648c7eea54102ab00b87fc948
cab/Bitmaps/pb_honey_0000.jpg	2555	c5151cabcabeef48ec380b9b09bfa781
cab/Bitmaps/pb_honey_0001.jpg	3583	72fb1bd14464292a5f2380ef534565b9
cab/Bitmaps/pb_honey_0002.jpg	3647	f0971421392466dca2c38c9d49ede2ef
cab/Bitmaps/pb_honey_0003.jpg	6242	ad09636c090b2aa07ea6486d1a467aa5
cab/Bitmaps/pb_honey_0004.jpg	9137	9c3e896436c1f0d511920d2e1d3354ac
cab/Bitmaps/pb_honey_0005.jpg	9268	1b9b0e717cbb0840a30f75eb8b189728
cab/Bitmaps/pb_honey_0006.jpg	9017	bf2e9bcba273cf60c9cd358f8f99b4d2
cab/Bitmaps/pb_honey_0007.jpg	9026	52d8cdc6eaba996177c2ebed7e26dd41
cab/Bitmaps/pb_honey_0008.jpg	8912	2cdc1646ea78fcb8d2ed3bdd6081b79b
cab/Bitmaps/pb_honey_0009.jpg	9026	7b3ab47ea87ea9898b2ac8806922ac52
cab/Bitmaps/pb_honey_0010.jpg	8912	4ecb9afa6ed8460f99fddd8d4393a44c
cab/Bitmaps/pb_honey_0011.jpg	9017	fe4dc974fa61bcd97265b856752c3f31
cab/Bitmaps/pb_honey_0012.jpg	9026	f68b1701b6ed3b606a6de228a67bf02b
cab/Bitmaps/pb_honey_0013.jpg	8912	3cb0ed57afb5c39356663ee93c24d1e5
cab/Bitmaps/pb_honey_0014.jpg	9026	3dad0c18dfaa97607d30b476e6707406
cab/Bitmaps/pb_honey_0015.jpg	8912	ca51f648b06a9671ad1cabb2554ba20c
cab/Bitmaps/pb_honey_0016.jpg	9017	792a59e3dd0c0c7c318cc5f73d1a5215
cab/Bitmaps/pb_honey_0017.jpg	9026	c767ebb364d933207cb3c2d2e1ff5a4c
cab/Bitmaps/pb_honey_0018.jpg	9017	0cf9a7395f6829ca11d19adf787f6f1e
cab/Bitmaps/pb_honey_0019.jpg	8912	20128388f8ab04b97d3a29b9f757abab
cab/Bitmaps/pb_honey_0020.jpg	10733	d3edf881de89ba0fe354d99ac47261d6
cab/Bitmaps/pb_honey_0021.jpg	11054	dbf4a1f360712fcb13b4c9c1fa2c63df
cab/Bitmaps/pb_honey_0022.jpg	8632	92a16d78b8f77ce3ce6349f5734fc75b
cab/Bitmaps/pb_honey_0023.jpg	6110	a467ed4770ece396ed6e91de855c844b
cab/Bitmaps/pb_honey_0024.jpg	4467	eabf1ed40dbf63c261439b3e86df3dd7
cab/Bitmaps/pb_honey_0025.jpg	2555	97b8bc3603312ce966d17c5705ec9986
cab/Bitmaps/pb_parrot_0000.jpg	2555	ea53980c09e1b4ee023c72eb42116c10
cab/Bitmaps/pb_parrot_0001.jpg	2779	3878af91d0434441b07439b4a86d65f1
cab/Bitmaps/pb_parrot_0002.jpg	3421	2c11c95125e141f4e910dc06971f9a1c
cab/Bitmaps/pb_parrot_0003.jpg	3668	bfcd8a41e503a41bfc57b026ef6432dd
cab/Bitmaps/pb_parrot_0004.jpg	6260	c95c4d9a05e5bdc3c6bf8c1641ee8e66
cab/Bitmaps/pb_parrot_0005.jpg	9136	8ea979baec5b7282bb3024e91bffc49b
cab/Bitmaps/pb_parrot_0006.jpg	9489	0bcd09202c45fdd3771a87cdb05afeb1
cab/Bitmaps/pb_parrot_0007.jpg	9291	7ee021de964420bc7bf502d247724698
cab/Bitmaps/pb_parrot_0008.jpg	9320	366ebf012ff072fe64beea0c647e2643
cab/Bitmaps/pb_parrot_0009.jpg	9208	8dc33b92a24e04012063c00e54f7bbd0
cab/Bitmaps/pb_parrot_0010.jpg	9291	484ead590250b45456bfcd59431a2434
cab/Bitmaps/pb_parrot_0011.jpg	9320	1a14e43c9d2da69067b870992c3fb3d8
cab/Bitmaps/pb_parrot_0012.jpg	9208	779f792d55de705dbf7783b862cf512d
cab/Bitmaps/pb_parrot_0013.jpg	9489	b04e6cb1523e5d1aa24dd486645af301
cab/Bitmaps/pb_parrot_0014.jpg	10837	d81fb34e53dca90bc22a0bb0fe30e20a
cab/Bitmaps/pb_parrot_0015.jpg	6110	a4503ddccbb015d1ea6917599e5b842e
cab/Bitmaps/pb_parrot_0016.jpg	2555	c92805b92ae9ab2306dcefbe9695a0a1
cab/Bitmaps/pbs_0000.tga	12332	3f41350add1d4ea2d1b654d82e61810d
cab/Bitmaps/pbs_0001.tga	12332	f02fe768c8ce057fd428c23f79e386e0
cab/Bitmaps/pbs_0002.tga	12332	fc71a0ae1291d14bf5a8b043d3e632ef
cab/Bitmaps/pbs_0003.tga	12332	3b71181f32d5b66dcf05b54eae100570
cab/Bitmaps/pbs_0004.tga	12332	3a9c2a446c9537706869fe0db71be50d
cab/Bitmaps/pbs_0005.tga	12332	1084eb82c7e563ee7055de972cecda17
cab/Bitmaps/pbs_0006.tga	12332	060a1e8dcdb170ce3ba46615bff6f570
cab/Bitmaps/pbs_0007.tga	12332	15233877d742a8138f8d01032729d4a7
cab/Bitmaps/pbs_0008.tga	12332	f433c9dac2e7e81408e75f817290a63d
cab/Bitmaps/pbs_0009.tga	12332	cea29241bdb4b6cb3369a7e8c6ddf40b
cab/Bitmaps/pbs_0010.tga	12332	15233877d742a8138f8d01032729d4a7
cab/Bitmaps/pbs_0011.tga	12332	f433c9dac2e7e81408e75f817290a63d
cab/Bitmaps/pbs_0012.tga	12332	cea29241bdb4b6cb3369a7e8c6ddf40b
cab/Bitmaps/pbs_0013.tga	12332	060a1e8dcdb170ce3ba46615bff6f570
cab/Bitmaps/pbs_0014.tga	12332	b02302d38ba87908f7563751ff8a99f4
cab/Bitmaps/pbs_0015.tga	12332	b74bd7a0cb00890f98eb5fcaee65d3d5
cab/Bitmaps/pbZ_0000.jpg	2555	725ee64016369eb6190f65c77d02623d
cab/Bitmaps/pbZ_0001.jpg	2779	673efb5ebff767dbb2683c91b6eecfa5
cab/Bitmaps/pbZ_0002.jpg	3583	6a9ea08f37223ed5cde9e2b5ba2e28a8
cab/Bitmaps/pbZ_0003.jpg	3647	9de76ae54d7104ef6b42b14df45a137e
cab/Bitmaps/pbZ_0004.jpg	6242	2d64fa2b0bf59a1fe96007a8f881b89f
cab/Bitmaps/pbZ_0005.jpg	9137	c696d500204f8d5740a987de59fd0ce5
cab/Bitmaps/pbZ_0006.jpg	8985	e970210d77d157f4f3067fcf238cf174
cab/Bitmaps/pbZ_0007.jpg	8922	6e02295b63cfc16ca3726765f414afaf
cab/Bitmaps/pbZ_0008.jpg	9304	867ca42dab07cab0bb0bee2fc7b407b8
cab/Bitmaps/pbZ_0009.jpg	9932	df3beb0fb3bd6b258c6f0819a22b933c
cab/Bitmaps/pbZ_0010.jpg	10003	9fb5a46a22b99ad381d97031398978cd
cab/Bitmaps/pbZ_0011.jpg	9932	22679a5f83929459ae669407db3bf857
cab/Bitmaps/pbZ_0012.jpg	9979	bc57194ea6bcebf5d8703c9c8da3d1af
cab/Bitmaps/pbZ_0013.jpg	10003	873cc05a3404caf2316e1a3b6301aca0
cab/Bitmaps/pbZ_0014.jpg	9932	53f33513ef636a6d44b8847de8cd4130
cab/Bitmaps/pbZ_0015.jpg	10003	2d9a11c07cbe5881dafcebb9d1ef3879
cab/Bitmaps/pbZ_0016.jpg	9932	c28acf0580bc815c37205d649dc3c79f
cab/Bitmaps/pbZ_0017.jpg	9425	eb01f544a62e65f709c954a3f41f3994
cab/Bitmaps/pbZ_0018.jpg	9577	06a2b17d16a18bc6fbd23b137c5b059e
cab/Bitmaps/pbZ_0019.jpg	9979	5e556ab6e186be9a616edf90de281301
cab/Bitmaps/pbZ_0020.jpg	9932	487aaf3082099da2f61e864d00bce945
cab/Bitmaps/pbZ_0021.jpg	10733	20bb30c59e73fbe3096a0b0d2f45dc5f
cab/Bitmaps/pbZ_0022.jpg	11054	d54f6d5122ef96f89c7882b36ce13406
cab/Bitmaps/pbZ_0023.jpg	8632	fea87ae266fe7fa25b4c75e74f120500
cab/Bitmaps/pbZ_0024.jpg	6110	4e36827a7cb846fbf470bbe97c98ab6d
cab/Bitmaps/pbZ_0025.jpg	4467	525ad6c23a05c1d2b4cb0a066097f531
cab/Bitmaps/PF.tga	131116	8c43ddc3850c742f3d76e527561e396e
cab/Bitmaps/Pillar_0000.jpg	36611	e8e8be66f173b853fbcf23d8b4ff8942
cab/Bitmaps/Pillar_0001.jpg	36640	fd10991f7f932f67d8fba3b0a349989b
cab/Bitmaps/Pillar_0002.jpg	36497	b314aabdde1a3ced3ef61d63d6c52b9a
cab/Bitmaps/Pillar_0003.jpg	36652	15a88ba44cd8d7de9439b98443b6504c
cab/Bitmaps/Pillar_0004.jpg	36774	468cb7515c9604727146a8a9454ebca8
cab/Bitmaps/Pillar_0005.jpg	36920	982cddcff6e62019fd621ed921f10b71
cab/Bitmaps/Pillar_0006.jpg	36800	07f91e0084b86a095f82de771d2fcb91
cab/Bitmaps/Pillar_0007.jpg	36702	de1471ee0a94061867847a7c30035ac7
cab/Bitmaps/Pillar_0008.jpg	36688	864dd0b7dba62309b67e4a2ae5c9e3c1
cab/Bitmaps/Pillar_0009.jpg	36694	18385b91897f9a5282edde64802c8aa4
cab/Bitmaps/Pillar_0010.jpg	36673	959e77c21a9f70238b2c175668d59f6f
cab/Bitmaps/Pillar__Z0000.fxi	73278	a5a54144e08457537362b4d5f312e4dc
cab/Bitmaps/Pillar__Z0001.fxi	73278	e2c893d91f59c9a60920430e82053e0e
cab/Bitmaps/Pillar__Z0002.fxi	73278	fdb9208d0aa04b4dd9916656cd2f4303
cab/Bitmaps/Pillar__Z0003.fxi	73278	4d83c2e79fe8222fd214b30f3c6fa3e1
cab/Bitmaps/Pillar__Z0004.fxi	73278	7d1027883620b69f2c4fd029b3943da4
cab/Bitmaps/Pillar__Z0005.fxi	73278	a0332f9ba779ede20de6459a2962b0f1
cab/Bitmaps/Pillar__Z0006.fxi	73278	fc5de0ac7bd4926946c23b329578e3b4
cab/Bitmaps/Pillar__Z0007.fxi	73278	7ae9f08816aa623456f1de6c7c94bcea
cab/Bitmaps/Pillar__Z0008.fxi	73278	7a89ea2051e0e1f75b388ff535032d30
cab/Bitmaps/Pillar__Z0009.fxi	73278	13d90704b791caedf3d511e08314a7ff
cab/Bitmaps/Pillar__Z0010.fxi	73278	63c10c1bdb7507f7078811959f3cb26a
cab/Bitmaps/pirate_diver.tga	32812	714015473cf4d5151a56b05caf15e3f2
cab/Bitmaps/pirate_parot.tga	32812	be783b6ce4a3ea0cd1df771401e997ea
cab/Bitmaps/plattform.tga	131116	8c43ddc3850c742f3d76e527561e396e
cab/Bitmaps/PU_wd_0000.jpg	4475	abd77c70ad752d73fcdbb9078356df6f
cab/Bitmaps/PU_wd_0001.jpg	4502	10860dc5eaa29c7149a1ec6230a7cb2a
cab/Bitmaps/PU_wd_0002.jpg	4551	a234433b63369280579fecdc9bba2f6a
cab/Bitmaps/PU_wd_0003.jpg	4537	87999f2788f79fc293c68bc936397c78
cab/Bitmaps/PU_wd_0004.jpg	4497	716d6ea2da4fdab55e4b2c53f84ca2ad
cab/Bitmaps/PU_wd_0005.jpg	4560	5537db8a33e32833f585b6a62050a012
cab/Bitmaps/PU_wd_0006.jpg	4497	ff5effccf090a895f670e392b0e42c55
cab/Bitmaps/PU_wd_0007.jpg	4563	76a44f8c6abf1a5e5c0249854c4c099c
cab/Bitmaps/PU_wd_0008.jpg	4601	9150707fd941404089cd4d0b41834250
cab/Bitmaps/PU_wd_0009.jpg	4729	334434c58b23780cb8aa3ef252b0321c
cab/Bitmaps/PU_wd_0010.jpg	4571	8e7f4336522c65388c7d36bce6e29e5f
cab/Bitmaps/PU_wd_0011.jpg	4475	9d1aab35e925efcf0ebba51f599cae39
cab/Bitmaps/PU_wd_0012.jpg	4475	e9a0968e32b6cbd56aad8f5667956e5a
cab/Bitmaps/red_bird_0000.jpg	6061	b394dad7602a549fe1107bc6b47f1515
cab/Bitmaps/red_bird_0001.jpg	6251	311f738200de053d0e88ed5a2ea7d4c2
cab/Bitmaps/red_bird_0002.jpg	6332	f024bdd60e59df6f3e730e225ac77497
cab/Bitmaps/red_bird_0003.jpg	6297	658c6fc73a09a654adcad1d64dc280e3
cab/Bitmaps/red_bird_0004.jpg	6001	73c4a6cce52ef7707ddb6e82ea5f3c25
cab/Bitmaps/red_bird_0005.jpg	5877	34cfbe4cd153c5ad3a0931eab962d1de
cab/Bitmaps/red_bird_0006.jpg	5866	878809e54b74c46a52f18720e813000e
cab/Bitmaps/red_bird_0007.jpg	5936	542c94684c7f7750e364e9055d75042b
cab/Bitmaps/red_bird_0008.jpg	6056	d22c37598ccb6995e2d7503110f41cdd
cab/Bitmaps/red_bird_0009.jpg	5882	bdde110a8dc64a3cc4934c9234bb9e0f
cab/Bitmaps/red_bird_0010.jpg	6047	72f9b68b3c942ac8eb48b6e9331077ad
cab/Bitmaps/red_bird_0011.jpg	6006	fa0f55566cb49c964a57f7ea285d4028
cab/Bitmaps/red_bird_0012.jpg	6001	ae3d7e3b6a376a7ef66e8c2b959f6976
cab/Bitmaps/red_bird_0013.jpg	5989	64d806c2193755b2fccbd09c3d51845f
cab/Bitmaps/red_bird_0014.jpg	5925	527a43657e29227d360a4f147c1cc07c
cab/Bitmaps/red_bird_0015.jpg	5580	511a4ff0513c3f7a94c3c352e3ca7f11
cab/Bitmaps/red_bird_0016.jpg	5792	0da0c236dc0e9c08427fdf192817cb90
cab/Bitmaps/red_bird_0017.jpg	5822	309ff03d24f81dd21d97d5ed589759d6
cab/Bitmaps/red_bird_0018.jpg	5780	72e8ed4340aa937e84acf0e602526294
cab/Bitmaps/red_bird_0019.jpg	5892	3754512f0ecc732385c898b9b9273d53
cab/Bitmaps/red_bird_0020.jpg	5711	c69313cbe66c5f02ae77e31787030b6b
cab/Bitmaps/red_bird_0021.jpg	5681	f6ce7450210c00136fbc11760b12cd15
cab/Bitmaps/red_bird_0022.jpg	5723	abfd331369709301b0440bd77e51117a
cab/Bitmaps/red_bird_0023.jpg	5856	1222b9d1078bf8a373ab5db7804a4e3e
cab/Bitmaps/red_bird_0024.jpg	5890	4eee90cc9c1ca5386fd3b19fce33fc79
cab/Bitmaps/red_bird_0025.jpg	6157	446157c64be9a7c51cf09267ee0371c9
cab/Bitmaps/red_bird_0026.jpg	6119	6eff22cf7bed00a2ca9e008929830288
cab/Bitmaps/red_bird_0027.jpg	6273	d59af7c18934065dfa9e42d7ef9f201b
cab/Bitmaps/red_bird_0028.jpg	6255	6f30256f07eed26ba860b0f4de3c99b6
cab/Bitmaps/red_bird_0029.jpg	6143	c053d16c1c495f6c325d4b7042bda0dc
cab/Bitmaps/red_bird_0030.jpg	6061	cd1d995e445e73c41603c75e22a1a56b
cab/Bitmaps/rep o krok.tga	32812	3d6b2d41521c16af527320a960973e14
cab/Bitmaps/rep.tga	8236	3cebbe4ccd14a049ed8da80bfdfe1933
cab/Bitmaps/repet.jpg	1665	deec12108df3327cd8d8c3f3b6293668
cab/Bitmaps/Rock_IT.tga	8236	d79cdb7f66ab4e4b06fb291f36c566ad
cab/Bitmaps/roots.jpg	98206	02e0f04da34a9a40765801fab71366a4
cab/Bitmaps/roots_with_acid_0000.jpg	98206	02e0f04da34a9a40765801fab71366a4
cab/Bitmaps/roots_with_acid_0001.jpg	102705	82bac868603001d9113a87a351da034c
cab/Bitmaps/roots_with_acid_0002.jpg	105009	97579e573cf99882c63a5974dde465a5
cab/Bitmaps/roots_with_acid_0003.jpg	102310	ce27ca2c222ccaefda7725c5fe4d4945
cab/Bitmaps/roots_with_acid_0004.jpg	98087	04cd39289c259a982d1b708d88110f71
cab/Bitmaps/roots_with_acid_0005.jpg	91471	ea5b4334359666f7d645368461661ea7
cab/Bitmaps/roots_Z.fxi	183026	1cb0808f1a4ea497c50b3a51ff9df244
cab/Bitmaps/sandworm.tga	32812	5682dd26fc8b6889743570d323d8333e
cab/Bitmaps/Shadow.tga	16428	c1eea5ca5ab7f44b2726473f13e8de81
cab/Bitmaps/shadow_AI_0000.jpg	3489	915ca75d57770ad7380ab0f3b79b1feb
cab/Bitmaps/shadow_AI_0001.jpg	3456	5016540e41ee0b4677252e6ea2f236a3
cab/Bitmaps/shadow_AI_0002.jpg	3467	a4b7a6e511be4d072766944ee4c5014b
cab/Bitmaps/shadow_AI_0003.jpg	3496	1a5529816d78c919c90fd03bf592e9ac
cab/Bitmaps/shadow_AI_0004.jpg	3480	750827023488d9316652ed9d8adee559
cab/Bitmaps/shadow_AI_0005.jpg	3514	bcecc646a985774ba1cd34bc92714ac5
cab/Bitmaps/shadow_AI__Z0000.fxi	2994	cc3f49dd34457d79f6e3821290fd58f8
cab/Bitmaps/shadow_AI__Z0001.fxi	2994	ccc2cb845af0233087d78845ca9d2cc7
cab/Bitmaps/shadow_AI__Z0002.fxi	2994	905ae3dbdf701613c9c036404469f4be
cab/Bitmaps/shadow_AI__Z0003.fxi	2994	512f39388988949982b20936fee51707
cab/Bitmaps/shadow_AI__Z0004.fxi	2994	b40beaf497adb3baf7d3c7707b2ef03c
cab/Bitmaps/shadow_AI__Z0005.fxi	2994	be9fa25c59b5333a87c101aa6f133070
cab/Bitmaps/shark_attack_0000.jpg	37249	dfe8eda531d9ceb3c4de6215b883dcab
cab/Bitmaps/shark_attack_0001.jpg	37427	ccda1fe4172c8b39c51ed8812ea380b1
cab/Bitmaps/shark_attack_0002.jpg	37580	7e86d31d21fc8a9b0131b7760d6881b1
cab/Bitmaps/shark_attack_0003.jpg	37394	01da014b550ed7eea6c47ccac9567d40
cab/Bitmaps/shark_attack_0004.jpg	37112	c606011abc920476e258bbc0bb731c58
cab/Bitmaps/shark_attack_0005.jpg	37330	90b72fd9c15441da5762e65864e8cf37
cab/Bitmaps/shark_attack_0006.jpg	36620	bf6103bbe9d20fa3448239c77eb4b59c
cab/Bitmaps/shark_attack_0007.jpg	36643	e524cf0ecfefccaff8dda3d2ff21100a
cab/Bitmaps/shark_attack_0008.jpg	35774	8f76c05ae75c50e5d5bdb9cd80eb3c2a
cab/Bitmaps/shark_attack__Z0000.fxi	18713	65c0be92d81406e7e317007f62430944
cab/Bitmaps/shark_attack__Z0001.fxi	18856	ed4bef462328ad7c842fce5c5d3ee250
cab/Bitmaps/shark_attack__Z0002.fxi	19088	5184c26e13e2c3e27104d3d47a3cef7d
cab/Bitmaps/shark_attack__Z0003.fxi	19219	68e2092c3034e55683cb51c3de524abd
cab/Bitmaps/shark_attack__Z0004.fxi	19600	2c94a30b12d99d36a1d8971203dce13c
cab/Bitmaps/shark_attack__Z0005.fxi	19884	6222bdae8c2a5504e18845831a3f6743
cab/Bitmaps/shark_attack__Z0006.fxi	20214	3fab872a44ebd66f19f9350cdb11e79e
cab/Bitmaps/shark_attack__Z0007.fxi	19863	8301049c51b98a3be6ea114e5021de11
cab/Bitmaps/shark_attack__Z0008.fxi	19802	96762a4f6a114c4bb31cdee5b0ca5985
cab/Bitmaps/shark_spitout_0000.jpg	37249	dfe8eda531d9ceb3c4de6215b883dcab
cab/Bitmaps/shark_spitout_0001.jpg	37427	ccda1fe4172c8b39c51ed8812ea380b1
cab/Bitmaps/shark_spitout_0002.jpg	37580	7e86d31d21fc8a9b0131b7760d6881b1
cab/Bitmaps/shark_spitout_0003.jpg	37394	01da014b550ed7eea6c47ccac9567d40
cab/Bitmaps/shark_spitout_0004.jpg	37112	c606011abc920476e258bbc0bb731c58
cab/Bitmaps/shark_spitout__Z0000.fxi	18713	1b6eb02443359a72be2f3270c43b2c46
cab/Bitmaps/shark_spitout__Z0001.fxi	18856	93fe69713b8bba4610b78e402b6a0366
cab/Bitmaps/shark_spitout__Z0002.fxi	19088	74c618cd0892bf46cf045f1903841450
cab/Bitmaps/shark_spitout__Z0003.fxi	19219	812f2176c6a85858426bd063b1bca983
cab/Bitmaps/shark_spitout__Z0004.fxi	19600	8be2c9d7d8a6ccd98f11be05d63e1c98
cab/Bitmaps/Sharlakanskraken_father.tga	131116	2c10a2609dc0da7848da67b1d9dc663f
cab/Bitmaps/skeleton.tga	32812	435a88358969ac593fa85cd008562764
cab/Bitmaps/sleeping_IT.tga	32812	be4519a7d87aa22c356dca67648ca027
cab/Bitmaps/sleeping_rat_IT.tga	32812	17afce195f315f4430edb089731dd2dd
cab/Bitmaps/som.tga	8236	b145eb76ba95cd764d64ca46d6907bd9
cab/Bitmaps/Spalsch.tga	16428	b574adb96c11e2fb5ac189afe40f34c7
cab/Bitmaps/Splasch.tga	8236	d109b66b70e0156ffef2d5334bc42509
cab/Bitmaps/SplashPlugg.jpg	36319	26b0531f67df570be6189d590ffa3ea0
cab/Bitmaps/SplashPlugg.tga	172844	6ff3f456e2c829743984098eff724bbe
cab/Bitmaps/spoon_AI_0000.jpg	20315	9c6c4d3755ca0436ebad096e91b92090
cab/Bitmaps/spoon_AI_0001.jpg	20339	f2b24de4dddc1d4e49ef1a075ba00cc3
cab/Bitmaps/spoon_AI_0002.jpg	20289	5518e54d792c73c8de39bb0fffaf5269
cab/Bitmaps/spoon_AI_0003.jpg	20297	ff660e8a9c168a0516ac288486fe1d8e
cab/Bitmaps/spoon_AI_0004.jpg	20357	9a5ad2f9b55e32aa90dee8fc07081215
cab/Bitmaps/spoon_AI_0005.jpg	20311	7821d0e9f985f31c2b8d2b51a600110f
cab/Bitmaps/spoon_AI__Z0000.fxi	20535	8c29f4efda8fe36bf61ef4cb005f01df
cab/Bitmaps/spoon_AI__Z0001.fxi	20536	c2310f86b84ee8b1d8367d846fda4204
cab/Bitmaps/spoon_AI__Z0002.fxi	20546	85684859df4854dc4496e60066fdffe7
cab/Bitmaps/spoon_AI__Z0003.fxi	20478	ef4c9d28dcc13f454bec97e2a406b429
cab/Bitmaps/spoon_AI__Z0004.fxi	20488	5c9a4fb5fde2db28d16a8e3b597a68cc
cab/Bitmaps/spoon_AI__Z0005.fxi	20595	13c324b23eab99faf90f008b6dba4b5d
cab/Bitmaps/Textur AG.tga	32812	b9c672a9281f4f33aedbd8cbd55240c0
cab/Bitmaps/Textur AK.tga	32812	ffc6ea6359ceb11a616aee405d52d5d4
cab/Bitmaps/Tombdoor_0000.jpg	14621	a4d66cdfba80f1e477cbd83a6c8b9c39
cab/Bitmaps/Tombdoor_0001.jpg	14776	71401c88d2f7c1076cc42226dc16b479
cab/Bitmaps/Tombdoor_0002.jpg	14696	3d4a0dc458ba22ec3fe1fbb99a47e26c
cab/Bitmaps/Tombdoor_0003.jpg	14579	f016a7065f528d18586c97273924a2fd
cab/Bitmaps/Tombdoor_0004.jpg	14704	ba00afd21b26aba8b88fd949b62bd1f3
cab/Bitmaps/Tombdoor_0005.jpg	14796	dffc52eb7cab8830d53a78e0c9c35beb
cab/Bitmaps/Tombdoor_0006.jpg	14974	df72ab10cb9401f2d48817e2a7cff832
cab/Bitmaps/Tombdoor_0007.jpg	15006	14fa877c43c64c2315292fc24712b709
cab/Bitmaps/Tombdoor_0008.jpg	14936	1f257bc5e9450616e67b28f9c81581cf
cab/Bitmaps/Tombdoor_0009.jpg	14913	41f6df9fabdd81f582f2885f36f33c92
cab/Bitmaps/Tombdoor_0010.jpg	14900	f5c188de691e8f6ee7e617702a5e4f75
cab/Bitmaps/Tombdoor_Eaten.jpg	14900	f5c188de691e8f6ee7e617702a5e4f75
cab/Bitmaps/tree_AI_0000.jpg	227442	1d7c839add9a9fde128693973d5ccd41
cab/Bitmaps/tree_AI_0001.jpg	226741	cf1955a2e4553acca01e19f58491fb55
cab/Bitmaps/tree_AI_0002.jpg	204698	fed6e619781f3587ce0bbc1d85bf486e
cab/Bitmaps/tree_AI_0003.jpg	197858	e77f13a9b203f11cc26e6973d04fd9a7
cab/Bitmaps/tree_AI_0004.jpg	194737	edfa1c44a24c4c0f11f392638845e8d8
cab/Bitmaps/tree_AI_0005.jpg	198657	f2912593c3539180cffcb38451dd9674
cab/Bitmaps/tree_AI_0006.jpg	202774	9029cae9b14befbd15535e223b79545c
cab/Bitmaps/tree_AI_0007.jpg	201312	0a8a16333846aa2dd85967d21708ff2a
cab/Bitmaps/tree_AI_0008.jpg	198812	578392f8f510bd268a7d5c2c1c4f462b
cab/Bitmaps/tree_AI_0009.jpg	196929	3f50a26c8f2ae9df1fb99fc017c28692
cab/Bitmaps/tree_AI_0010.jpg	140159	4512683be94b24312465d2d4a1196b48
cab/Bitmaps/tree_AI_0011.jpg	112777	df4cd9eb961a9e1c4f00fbd246548d70
cab/Bitmaps/tree_AI_0012.jpg	98220	21dd8b2bb66767968b0194ebb8acbfa4
cab/Bitmaps/tree_AI_0013.jpg	89749	cfe5c4ff06fab529f409513378ba6cbe
cab/Bitmaps/tree_AI_0014.jpg	86126	1d4ba0b13f35bc3d38c111106a1c048d
cab/Bitmaps/tree_spider0000.jpg	3990	12d638786948a483e2537e61a60506f8
cab/Bitmaps/tree_spider0001.jpg	3887	ca279145693228f2ae86e1ca0d38181a
cab/Bitmaps/tree_spider0002.jpg	3863	551b0af99d7b715eb4100fc50bdc1bed
cab/Bitmaps/tree_spider0003.jpg	3884	fae8319a937e7965e8cce30bf29c6d28
cab/Bitmaps/tree_spider0004.jpg	3991	53e747d599074e56ca2a68dc7019859a
cab/Bitmaps/tree_spider0005.jpg	4167	4672fd98473a1d01f3cd124e9cf7aeb2
cab/Bitmaps/tree_spider0006.jpg	3967	b5513d49b62f4ed7f80a7f69010775e8
cab/Bitmaps/tree_spider0007.jpg	3993	7adb87770c0c0e52df0dd18b099dff4f
cab/Bitmaps/tree_spider0008.jpg	4137	e69693ba697c64e7d6d2a4e316528bbb
cab/Bitmaps/tree_spider0009.jpg	4057	45979ff5f003b2b38cc124fd0fbdc570
cab/Bitmaps/tree_spider0010.jpg	3986	54219edd2fb12cb5455a42f8819210e7
cab/Bitmaps/tree_spider0011.jpg	3936	04154afb37e4e29db91ec26ac753a9dd
cab/Bitmaps/tree_spider0012.jpg	3903	8a4cfc01ea310907f6b67ff86c26fd92
cab/Bitmaps/tree_spider0013.jpg	3897	6e5bfb5b3a3adab699c26b88a992de99
cab/Bitmaps/tree_spider0014.jpg	3823	98a6458d93baf8333b8d62a66643856b
cab/Bitmaps/tree_spider0015.jpg	3882	d9c3d4e5d88dfb8b5c38dae58755b7f7
cab/Bitmaps/tree_spider0016.jpg	4044	16edcafc22007e79e44582aeb34aa8f7
cab/Bitmaps/tree_spider0017.jpg	3928	13a891b3d41757e445c705f8fc8093fc
cab/Bitmaps/tree_spider20000.jpg	3847	c88efbc276236919dd3801206dcd36f7
cab/Bitmaps/tree_spider20001.jpg	3727	615194f220165126efe5529227a5b3e0
cab/Bitmaps/tree_spider20002.jpg	3381	10803f1b474549de38a8bdc1dcb0c6c6
cab/Bitmaps/tree_spider20003.jpg	3765	8c3db98b88879c1daed6e31a77a645b8
cab/Bitmaps/tree_spider20004.jpg	3654	6970194f7799d7eebc956b7e4fcfe24e
cab/Bitmaps/tree_spider20005.jpg	3759	4c9ccb89a47dcbbaf56de08e42d0dcf0
cab/Bitmaps/tree_spider20006.jpg	3655	5b83ed9e4c07414d7ab5a21a8be52c07
cab/Bitmaps/tree_spider20007.jpg	3764	37cf8b5b7c85430e4c87b8027eab525a
cab/Bitmaps/tree_spider20008.jpg	3675	97255134433c3ea43c2f300b2efcc98d
cab/Bitmaps/tree_spider20009.jpg	3826	544215f6b5c23f3a6f7af5a94128e656
cab/Bitmaps/tree_spider20010.jpg	3729	cb346b3bfac02701522956cadd8fecea
cab/Bitmaps/tree_spider20011.jpg	3575	3f44f366925883b6de7c7804c1945f17
cab/Bitmaps/tree_spider20012.jpg	3604	fa0600a1a374d5d2942eb0ccb2485f89
cab/Bitmaps/tree_spider20013.jpg	3639	3498c3836372fb8942092c9b0a385323
cab/Bitmaps/tree_spider20014.jpg	3466	b2e06e77234be1bef9cbcfe21ae97fb8
cab/Bitmaps/tree_spider20015.jpg	3761	0670740638650418ea1be1cc3836a298
cab/Bitmaps/tree_spider20016.jpg	3429	2492cf28556f974090029f6dac888828
cab/Bitmaps/tree_spider20017.jpg	3793	ab37e6fe139403729a370406ddd02adc
cab/Bitmaps/triggerplatformdown.jpg	10736	5aa58811fa9dd4620a58b5ae2ee7c576
cab/Bitmaps/Tunna.tga	32812	191114572d74902f3d25720396fe45ca
cab/Bitmaps/unlocked.jpg	13063	8b0c9ec867b72a24b1279d5103d2a599
cab/Bitmaps/Virvel.tga	262188	58577e74791514450d09a56696d375a7
cab/Bitmaps/Virvel16.tga	32812	4e85d25408f63654eb084e749efb7f2a
cab/Bitmaps/volture2_0000.jpg	6784	42d570ae1112f5b1f4ab2ec87a32488f
cab/Bitmaps/volture2_0001.jpg	6642	5341f4ae16cae4c502ab17b4f6e3bd91
cab/Bitmaps/volture2_0002.jpg	6764	73f61d5d0c56ebff4dd2353e052942e4
cab/Bitmaps/volture2_0003.jpg	6828	8f72115bd4ca7f052325c580a19aff8d
cab/Bitmaps/volture2_0004.jpg	6838	dc970d9505a34d196321d247dbbdf1c9
cab/Bitmaps/volture2_0005.jpg	6800	69b29a8c3322a5fa1402b486663890e6
cab/Bitmaps/volture2_0006.jpg	6834	e8cb3902d6638fbe0031ccad97379a06
cab/Bitmaps/volture2_0007.jpg	6860	8b0d36c4292413e90ae7ef3c773abece
cab/Bitmaps/volture_0000.jpg	8393	189063c33e7f76793a454a592067625b
cab/Bitmaps/volture_0001.jpg	8227	7cd55a89b7ef597d3e606fd34d0cd435
cab/Bitmaps/volture_0002.jpg	8161	bb3d271ad9135ebc9b1802fc70055ae5
cab/Bitmaps/volture_0003.jpg	8095	693e0ce1283da6c6527fcbe8412a98df
cab/Bitmaps/volture_0004.jpg	8177	5b0e3c9c3dda1fe72e7c26e60d24d4ba
cab/Bitmaps/volture_0005.jpg	8201	beb7dea7b76d67fe8af28ff8b9931a3e
cab/Bitmaps/volture_0006.jpg	8188	66b095c2baf2eca68c9123831c764c70
cab/Bitmaps/volture_0007.jpg	8153	099f56553c35718e45e030f9bd1bc716
cab/Bitmaps/w_0000.jpg	2991	69403dea23e26e373752d4cee4cb1abf
cab/Bitmaps/w_0001.jpg	3010	17ead01314f432e90773d6549f324787
cab/Bitmaps/w_0002.jpg	3014	d2f7265ad3ca3437f3a541fe9aca0c2d
cab/Bitmaps/w_0003.jpg	3023	e46a0fc02a18e459da91fb9da9678f30
cab/Bitmaps/w_0004.jpg	3015	c94b15356165d1e6a37b00165440781c
cab/Bitmaps/w_0005.jpg	3005	c54ae6d45dcf4aedbe959204c0b11af8
cab/Bitmaps/w_0006.jpg	3004	ed4b2de4f751800cd6035ea30b0dc5b4
cab/Bitmaps/w_0007.jpg	2994	531dc35245c6e6260c4ae6f25d22db47
cab/Bitmaps/w_0008.jpg	3028	7bda074e9f9df028330bbb8b1f9b1958
cab/Bitmaps/w_0009.jpg	2975	0f93ee026e9652a4185b5643de46c0ec
cab/Bitmaps/w_0010.jpg	2989	7e2361ad80049af4156feee4dcf84d73
cab/Bitmaps/walk_area_texture.tga	556	098db4f3e977dc02c83dfbfc6d8bf29e
cab/Bitmaps/water81_0000.jpg	63191	2428a18abb157df48132bdf848e03f77
cab/Bitmaps/water81_0001.jpg	60089	913ae36dd9cc3bd919ec206924a580c6
cab/Bitmaps/water81_0002.jpg	59949	d24184ebd894aa54f73f4b74e0f5990b
cab/Bitmaps/water81_0003.jpg	63044	554a20b1580b07e2e9843028ddfa6b32
cab/Bitmaps/water82_0000.jpg	68705	3d7f9b704c039825705a8ac813bd3c9e
cab/Bitmaps/water82_0001.jpg	65617	86d0325ddb19cab99f2b7b952e9a2696
cab/Bitmaps/water82_0002.jpg	65443	5d42f87bf68d25769cfe6825ca83f3f2
cab/Bitmaps/water82_0003.jpg	68562	53f376bd5142de76b68af995ce95a298
cab/Bitmaps/water83_0000.jpg	60562	0abaed324c18a9d8335a6d853d63e981
cab/Bitmaps/water83_0001.jpg	58515	4650353a68e7a183cbb5cddce9171128
cab/Bitmaps/water83_0002.jpg	58535	c671f1464d27770fa873be320e712736
cab/Bitmaps/water83_0003.jpg	60549	b086fca6f9f9681cf0123ebb218173b9
cab/Bitmaps/water84_0000.jpg	88287	01b6cb6cd784222e0e2b450b660423cc
cab/Bitmaps/water84_0001.jpg	84111	71add379e7d31211e6104979bfee6550
cab/Bitmaps/water84_0002.jpg	84057	d4350bc1f1004b3c78f772e2eaa2cab1
cab/Bitmaps/water84_0003.jpg	88655	f44ebe7b230579b909aaa27b5e78ae6f
cab/Bitmaps/water85_0000.jpg	63815	fabb0f1316da09b3e10a89fc1f93c78b
cab/Bitmaps/water85_0001.jpg	61468	0a757d2a509105fdc0934954c7440c0a
cab/Bitmaps/water85_0002.jpg	61370	227cd912f687a47b08b67db7e20c2d34
cab/Bitmaps/water85_0003.jpg	63619	d29452df855b70805cfcfd21054a0966
cab/Bitmaps/water86_0000.jpg	64847	7700e6233ec1317548fb5c836c9506dd
cab/Bitmaps/water86_0001.jpg	61939	2767a12a744c84e153cd2348a54b0619
cab/Bitmaps/water86_0002.jpg	61660	c1bab12f0770786226d0dbf0ba077335
cab/Bitmaps/water86_0003.jpg	64497	9c56de93ced4a39e07901ae0dcbe4aac
cab/Bitmaps/waterbubble0000.jpg	2555	5c99773a1f6bc278baa4db0a43fa7771
cab/Bitmaps/waterbubble0001.jpg	3583	77999f6076d8a2debfbc28cfed1085ac
cab/Bitmaps/waterbubble0002.jpg	3647	a05269380dc8734e8d6aaa78c92222f8
cab/Bitmaps/waterbubble0003.jpg	6242	f2d80c7f8c572fbc045980b442bb41c7
cab/Bitmaps/waterbubble0004.jpg	9136	a57f3e95a849bfefe62d30139c88188d
cab/Bitmaps/waterbubble0005.jpg	9916	07b8abab441f0beb72f569019d4e2ee6
cab/Bitmaps/waterbubble0006.jpg	9728	b209b1710c324a22544d55aa0dc0a08b
cab/Bitmaps/waterbubble0007.jpg	9749	6ea09f04f320fcfbeeeb9ed44c7d44ff
cab/Bitmaps/waterbubble0008.jpg	9652	c2d6ad24ed9df5bcb4cb87fba2f5d0dc
cab/Bitmaps/waterbubble0009.jpg	9749	6ea09f04f320fcfbeeeb9ed44c7d44ff
cab/Bitmaps/waterbubble0010.jpg	9652	f9185e2f8cbc3084fb142187120487b6
cab/Bitmaps/waterbubble0011.jpg	9728	1db533dc2f019271d44401429dc85c4e
cab/Bitmaps/waterbubble0012.jpg	9749	0a6c9c50cc5b63d560b2200e3d3cfaf3
cab/Bitmaps/waterbubble0013.jpg	9652	139a7d0f63b9195fceca5e226f808f71
cab/Bitmaps/waterbubble0014.jpg	9749	a890406dc37d9657a8915e91b2279c46
cab/Bitmaps/waterbubble0015.jpg	9652	a6d13cb3fb9e11ea4b968fb3ddeb2c5c
cab/Bitmaps/waterbubble0016.jpg	9728	2945b3ccb55846f6ed71a75c03cd0028
cab/Bitmaps/waterbubble0017.jpg	9749	3f1944d5e3f10746bbc4d365dfe1e4dc
cab/Bitmaps/waterbubble0018.jpg	9728	45fdcc099758b85f329d5fadf9921a7b
cab/Bitmaps/waterbubble0019.jpg	9652	d310e5a4d0e918095895ac5573218639
cab/Bitmaps/waterbubble0020.jpg	10733	0df73319d6722993a791d58fc81bb18d
cab/Bitmaps/waterbubble0021.jpg	11054	fca01d307d1b389e5932bfcc33377225
cab/Bitmaps/waterbubble0022.jpg	8632	f361566fbc2ee831847d940d21976c8a
cab/Bitmaps/waterbubble0023.jpg	6110	f06aff65b37f7cf4145f14f2539dcc58
cab/Bitmaps/waterbubble0024.jpg	4467	a9441992a50f56e17b3375640f5965ce
cab/Bitmaps/waterbubble0025.jpg	2555	484ab138e92d3898c719208f68c88c1c
cab/Local_Danish/Credits.txt	637	44b73ce0918e268b5c9a39273182d64a
cab/Local_Danish/Help.txt	2748	3411aba064708e1f2ceaacfdc26d3539
cab/Local_Danish/license.txt	4545	498015e42964db41fb952da6e49742fe
cab/Local_Danish/Text.txt	181	ba1105e6cc50a24b04f0917ebea3a866
cab/Local_Finnish/Credits.txt	674	b41e0502a8e08d487a00b5667d744b1d
cab/Local_Finnish/Help.txt	3540	e4a46f1a4c2b03755d2a4700c2b18e8b
cab/Local_Finnish/license.txt	4366	239653e2a6012711c9f54f06c2326085
cab/Local_Finnish/Text.txt	178	792206045a4b43b1046fae2204ce1799
cab/Local_Norwegian/Credits.txt	653	6f6e8f68972ca7a7ea0e04cd475707b9
cab/Local_Norwegian/Help.txt	2888	0a54e00e2552adab43ac235b45d719d8
cab/Local_Norwegian/license.txt	4743	28e0e21365c63a01accf476c7ab7b1a8
cab/Local_Norwegian/Text.txt	170	596c780dab2f7e69703fcf28d4a4c3af
cab/Local_Swedish/Credits.txt	634	c4d7f904d2d89aaf133ab50ec6820510
cab/Local_Swedish/Help.txt	3494	d5667478b5f3177f60900b3e71ae8a0e
cab/Local_Swedish/license.txt	4684	6b0656c3577958e315dbfcd61a7f4677
cab/Local_Swedish/Text.txt	167	987d217464de5553a67962268d828bc6
cab/Meshes/000_IO_Shield.ANB	1300	04bb9c74d8b2d62c55a1efb2432d10b1
cab/Meshes/000_N2N_ApeKingsSon.amb	292	5ada945fd7a2b0986af626e3018c34cf
cab/Meshes/000_N2N_ApeKingsSon.ANB	79684	dea13b526c097cf2acb5818ee85e9c37
cab/Meshes/000_N2N_Bear.amb	292	cdc1b17845fb5bc7b9752f0ec289849a
cab/Meshes/000_N2N_Bear.ANB	89060	f3e468100c178c626d353b5fa7b3e27c
cab/Meshes/000_N2N_Bear_with_Grumpa.amb	292	2c4dc7e0a2f15d28d8574c7b94ac0a36
cab/Meshes/000_N2N_Bear_with_Grumpa.ANB	197440	7e710c7f2c67fe36ccdb995df8a1dfcc
cab/Meshes/000_N2N_Boat.amb	676	a1d8d452ab7519822fbc3e427e7b509f
cab/Meshes/000_N2N_Boat.ANB	35856	460eb24b0ce233fb3fe0310710677a06
cab/Meshes/000_N2N_Captain.amb	604	46fdef4b9d4464cda83ed24b17fb9aa5
cab/Meshes/000_N2N_Captain.ANB	199380	18ca839221a4493f218abf9c7760d45c
cab/Meshes/000_N2N_Crab.amb	484	25c21e980926bce39775657f1bdf7130
cab/Meshes/000_N2N_Crab.ANB	109516	a69421942b6d68b5fc1f755815423f89
cab/Meshes/000_N2N_Crocodile.amb	292	ee652eddffb1bb53f3fbe71c8483cd8f
cab/Meshes/000_N2N_Crocodile.ANB	70236	058c401f4301a14e8755317a3198cdb1
cab/Meshes/000_N2N_CrocodilePirateBoss.amb	292	8794873c681bf435278b2890522302f1
cab/Meshes/000_N2N_CrocodilePirateBoss.ANB	87524	74db971526e65ddb9be2a558663731cb
cab/Meshes/000_N2N_Dragonfly.amb	292	9a6d237060843a6b500aa011ea8e44f9
cab/Meshes/000_N2N_Dragonfly.ANB	69308	d6ce91e9ec984908a047625aef0123f0
cab/Meshes/000_N2N_FoxyLady.amb	292	dab8829fccf10807e41ab0dc49296935
cab/Meshes/000_N2N_FoxyLady.ANB	93784	a565f3408e225be3d90e2eee1adb98e2
cab/Meshes/000_N2N_GiantOctopus.amb	244	e1393bf8d7e24d17aef1be2cf2a22047
cab/Meshes/000_N2N_GiantOctopus.ANB	48012	df4eb3467fe396d449129105e0b9f280
cab/Meshes/000_N2N_GiantScorpio.amb	28	5b7d86cfa4ac14a4e043656929fb7b47
cab/Meshes/000_N2N_GiantScorpio.ANB	26740	87efb5f2dd43b67b7a06d9ff81bef871
cab/Meshes/000_N2N_GiantSpider.amb	580	80b4722c6a050df6c4c9ef43e79a8fef
cab/Meshes/000_N2N_GiantSpider.ANB	156388	673da4b04c082ebdb0116ef0760855ba
cab/Meshes/000_N2N_gigantsnake1.amb	364	d78c0706475aea08b549db65ccc95092
cab/Meshes/000_N2N_gigantsnake1.ANB	68132	62b78d94af6fd9e59e73b9f3c25eb0af
cab/Meshes/000_N2N_Golem.amb	292	6afa8a97e448f145a381785be033f4fe
cab/Meshes/000_N2N_Golem.ANB	71372	efe0ac6c39b1be1e5c64d2fa31f40ff6
cab/Meshes/000_N2N_Grumpa.amb	220	da6fadd349e27b24e7f1d0bcfb91d6e2
cab/Meshes/000_N2N_Grumpa.ANB	85908	97771c7508b24100a4213454ee742f08
cab/Meshes/000_N2N_Grumpa_In_Boat.amb	292	0722071321e2027c7ca314c1b4c1821f
cab/Meshes/000_N2N_Grumpa_In_Boat.ANB	144124	f1980f11a50fb48c27a98edb7024f0c9
cab/Meshes/000_N2N_Grumpa_On_Dragonfly.amb	292	bdd48472bd6c9f20b1325acb46a48a20
cab/Meshes/000_N2N_Grumpa_On_Dragonfly.ANB	178392	f0f818cdc7409499e53890c543377b66
cab/Meshes/000_N2N_GrumpaSeahorse.amb	724	d578b48a311966996a28c9e2d79f6076
cab/Meshes/000_N2N_GrumpaSeahorse.ANB	331304	773d6a2f279996782f7a39ef1ea2267e
cab/Meshes/000_N2N_HyenaBoss.amb	292	7dcc93a3913a127fced01329ffb2aad3
cab/Meshes/000_N2N_HyenaBoss.ANB	92984	09b6f2ef6137430c317957704d0de949
cab/Meshes/000_N2N_MonkeyChampion.amb	292	a07103eb240a38ccb5fc2a2a6a3f9f0d
cab/Meshes/000_N2N_MonkeyChampion.ANB	102332	7cc27f206dca52c1d27a918c3d429fa7
cab/Meshes/000_N2N_MonkeyChampionF.amb	292	a07103eb240a38ccb5fc2a2a6a3f9f0d
cab/Meshes/000_N2N_MonkeyChampionF.ANB	102332	7cc27f206dca52c1d27a918c3d429fa7
cab/Meshes/000_N2N_Nosferatu.amb	292	9226da5c25d4b6eee77b992ac3b0f01c
cab/Meshes/000_N2N_Nosferatu.ANB	78220	b6b00f4d6c1f141c22fac045a2e58efe
cab/Meshes/000_N2N_Parrot.amb	244	2994f6579bb394ac07765a58e01f5988
cab/Meshes/000_N2N_Parrot.ANB	72796	c8fe9c75614885b74c4c0f5141cd9aad
cab/Meshes/000_N2N_Piranha.amb	388	da77f9f757a2dbb77a41a75ff669ba6a
cab/Meshes/000_N2N_Piranha.ANB	57076	4efc431ab99d67fd56d5859570aba753
cab/Meshes/000_N2N_PirateDiver.amb	292	afa3d733275e98e28a90e022d4ffe475
cab/Meshes/000_N2N_PirateDiver.ANB	82324	71ea03693161ab52b1c4f6d8321d93de
cab/Meshes/000_N2N_PirateRat1.amb	724	fb00c5e19735e8b945addafae2430cb6
cab/Meshes/000_N2N_PirateRat1.ANB	171148	702c0b7d2cdc3ee91729ac6f3c470372
cab/Meshes/000_N2N_PirateRat2.amb	724	fb00c5e19735e8b945addafae2430cb6
cab/Meshes/000_N2N_PirateRat2.ANB	171148	702c0b7d2cdc3ee91729ac6f3c470372
cab/Meshes/000_N2N_PirateRat3.amb	724	fb00c5e19735e8b945addafae2430cb6
cab/Meshes/000_N2N_PirateRat3.ANB	171148	702c0b7d2cdc3ee91729ac6f3c470372
cab/Meshes/000_N2N_PirateRatLeader_Blue.amb	292	a94b4083eeb0aba0f1ab8a11d2c23736
cab/Meshes/000_N2N_PirateRatLeader_Blue.ANB	101520	7a934b646541936aaa5a1a2a9712f91b
cab/Meshes/000_N2N_PirateRatLeader_Red.amb	292	a94b4083eeb0aba0f1ab8a11d2c23736
cab/Meshes/000_N2N_PirateRatLeader_Red.ANB	101520	7a934b646541936aaa5a1a2a9712f91b
cab/Meshes/000_N2N_Seahorse.amb	484	4830da0f73b3a0bbca7a5486e73b6658
cab/Meshes/000_N2N_Seahorse.ANB	59764	6c0bfb48297bc3fc2e9cfa702b9b2aae
cab/Meshes/000_N2N_Shark.amb	388	29e4f04b702dea57f4202b366baa9ecc
cab/Meshes/000_N2N_Shark.ANB	40192	2238018f25b36bca0ef9fc46b4779aa6
cab/Meshes/000_N2N_SharlakansHulk.amb	292	bbcd36c75045eca62ee08e0707e785bc
cab/Meshes/000_N2N_SharlakansHulk.ANB	91708	5ff4de5d5c4a1813aa50e71e5d00451e
cab/Meshes/000_N2N_Sharlakanskraken.amb	292	c6ef89146aff63c5ed26b9c83a803060
cab/Meshes/000_N2N_Sharlakanskraken.ANB	83712	deb7d463dfb1dbed3d5c688a76002ca3
cab/Meshes/000_N2N_SkeletonCaptain.amb	292	3d8091f1cd32cef11c8978f7e27dfe34
cab/Meshes/000_N2N_SkeletonCaptain.ANB	101604	7f450db54756656f69c46c29fa935617
cab/Meshes/000_N2N_SleepyRat.amb	724	fb00c5e19735e8b945addafae2430cb6
cab/Meshes/000_N2N_SleepyRat.ANB	176608	1552507c739554e47a80dc5b7d5d2dcf
cab/Meshes/000_N2N_TurtlePirateBoss.amb	292	f9bbaa8d40a54135845eaabea6977ce5
cab/Meshes/000_N2N_TurtlePirateBoss.ANB	75240	bf7b6c07a69ee3b3ef3869b07e3be4ce
cab/Meshes/001_IO_FathersSword.ANB	1692	4428b38701dd651b023c11db17acb6f8
cab/Meshes/001_N2W_ApeKingsSon.amb	244	2d4a5a3bbfcde7c7c39c81385b82fdf4
cab/Meshes/001_N2W_ApeKingsSon.ANB	68692	40afc14a6de24db6e1baad73b1f948d2
cab/Meshes/001_N2W_Bear_with_Grumpa.amb	148	0be4385de048fceff3c4fce9b38dc129
cab/Meshes/001_N2W_Bear_with_Grumpa.ANB	115792	d3ef79413c1cd9d88d0bdb570cbe1973
cab/Meshes/001_N2W_Captain.amb	28	fb735d3bd4cadce11ae6b0ad4b7be28a
cab/Meshes/001_N2W_Captain.ANB	24852	f8531ff2322fc9bbf6206592c59b11de
cab/Meshes/001_N2W_Crab.amb	292	7303b538cd273d96392bcffc2b19053c
cab/Meshes/001_N2W_Crab.ANB	70156	f5a71bbd33489def89e9db0982b591ab
cab/Meshes/001_N2W_Crocodile.amb	244	07bd0d4c53ea49bf4df7d88ba676c1a0
cab/Meshes/001_N2W_Crocodile.ANB	60444	2041e8750d99bd64e35556b101e3448f
cab/Meshes/001_N2W_CrocodilePirateBoss.amb	244	f8e4978b46ccd25fa3e7ef4b7d956ee6
cab/Meshes/001_N2W_CrocodilePirateBoss.ANB	75524	603ad495e9f79cf26f5ebf34f2d10dcb
cab/Meshes/001_N2W_FoxyLady.amb	244	71143fa7aef26fe1836a8faad3d34e11
cab/Meshes/001_N2W_FoxyLady.ANB	80776	ea0203c3b935b575b3af04a2ed17db6d
cab/Meshes/001_N2W_GiantOctopus.amb	244	0510457f971cfddef94441dc1237873a
cab/Meshes/001_N2W_GiantOctopus.ANB	48012	2c7bb7afa673011b1f030ace198fd1d2
cab/Meshes/001_N2W_GiantScorpio.amb	124	453f931cbcaec175b1eee423d269e59f
cab/Meshes/001_N2W_GiantScorpio.ANB	57556	d1fb145fddafd20982a9251b6e3df6bc
cab/Meshes/001_N2W_GiantSpider.amb	196	178332023daf66d6e1ae63709171359e
cab/Meshes/001_N2W_GiantSpider.ANB	61156	ad868639e594ad4e4348e4c6ad905156
cab/Meshes/001_N2W_gigantsnake1.amb	28	78d58a032761f1b9767ce9a961560a55
cab/Meshes/001_N2W_gigantsnake1.ANB	13700	093cbc12eaaf9658609ba444c043d0a8
cab/Meshes/001_N2W_Golem.amb	244	5217810a190c9f1e1fe71ebaa05e29a6
cab/Meshes/001_N2W_Golem.ANB	61532	f9e4c4c0110bff5ae2157e2c3c1e4a9d
cab/Meshes/001_N2W_Grumpa.amb	76	9f51cae88d02350681665c1413abbe69
cab/Meshes/001_N2W_Grumpa.ANB	40548	cd9a002ebca868b2dd1fc6fc310174b5
cab/Meshes/001_N2W_Grumpa_In_Boat.amb	244	31422aac0e9c328fdc94eb7e83000fcb
cab/Meshes/001_N2W_Grumpa_In_Boat.ANB	124060	b1ec262a9bdf3707d1914de365d222aa
cab/Meshes/001_N2W_Grumpa_On_Dragonfly.amb	244	d5c52b3c72cee7d196f898cdf5bc1870
cab/Meshes/001_N2W_Grumpa_On_Dragonfly.ANB	153576	233bbc2c601e82c643074e8d0c035a0f
cab/Meshes/001_N2W_GrumpaSeahorse.amb	244	42423e62dbe71ef16ba34eec9fa1092a
cab/Meshes/001_N2W_GrumpaSeahorse.ANB	126344	9c105fa09815b640825dd3cd3041967f
cab/Meshes/001_N2W_HyenaBoss.amb	244	8781b0a41a6327e815d172d111fc1a66
cab/Meshes/001_N2W_HyenaBoss.ANB	80120	f3c044e998eaaa42756ab6a9eabe475f
cab/Meshes/001_N2W_MonkeyChampion.amb	244	1658f62175053e3d4d2d099fb0e19413
cab/Meshes/001_N2W_MonkeyChampion.ANB	89564	6155accb57fe3fe6dfc4fdf41ac28cfb
cab/Meshes/001_N2W_MonkeyChampionF.amb	244	1658f62175053e3d4d2d099fb0e19413
cab/Meshes/001_N2W_MonkeyChampionF.ANB	89564	6155accb57fe3fe6dfc4fdf41ac28cfb
cab/Meshes/001_N2W_Nosferatu.amb	244	af277539c1adb986f159d8fcd2c84e11
cab/Meshes/001_N2W_Nosferatu.ANB	67372	683fe3663432578a6edc1c65476aed44
cab/Meshes/001_N2W_Parrot.amb	172	d55d7b8a338883d058ccdb09eff4c666
cab/Meshes/001_N2W_Parrot.ANB	55588	12fb65ae65458c1b01e6eedfc0058efa
cab/Meshes/001_N2W_Piranha.amb	244	f61aab4b2370f26361b1c26c98ce60fa
cab/Meshes/001_N2W_Piranha.ANB	38068	5034fa26bb98f01d25abadfc5b6cde31
cab/Meshes/001_N2W_PirateDiver.amb	244	3415d0614caa33e0efcb332e630211ed
cab/Meshes/001_N2W_PirateDiver.ANB	71140	f6c2d39baa05a54e866565bedc8b9984
cab/Meshes/001_N2W_PirateRat1.amb	28	78d58a032761f1b9767ce9a961560a55
cab/Meshes/001_N2W_PirateRat1.ANB	13156	e7a7c6cebd32833084e9b1efd55f266c
cab/Meshes/001_N2W_PirateRat2.amb	28	78d58a032761f1b9767ce9a961560a55
cab/Meshes/001_N2W_PirateRat2.ANB	13156	e7a7c6cebd32833084e9b1efd55f266c
cab/Meshes/001_N2W_PirateRat3.amb	28	78d58a032761f1b9767ce9a961560a55
cab/Meshes/001_N2W_PirateRat3.ANB	13156	e7a7c6cebd32833084e9b1efd55f266c
cab/Meshes/001_N2W_PirateRatLeader_Blue.amb	244	13dcfff29312d85fdf6b81686f733791
cab/Meshes/001_N2W_PirateRatLeader_Blue.ANB	87360	ed58d1504f9cc2d5a2c75d154f69320d
cab/Meshes/001_N2W_PirateRatLeader_Red.amb	244	13dcfff29312d85fdf6b81686f733791
cab/Meshes/001_N2W_PirateRatLeader_Red.ANB	87360	ed58d1504f9cc2d5a2c75d154f69320d
cab/Meshes/001_N2W_Seahorse.amb	484	4830da0f73b3a0bbca7a5486e73b6658
cab/Meshes/001_N2W_Seahorse.ANB	59764	6c0bfb48297bc3fc2e9cfa702b9b2aae
cab/Meshes/001_N2W_Shark.amb	220	80a71abe5d788ec20648f1f4c3ceb4d9
cab/Meshes/001_N2W_Shark.ANB	24736	d783f1e1c54554ea9a7e5ef4cdafba05
cab/Meshes/001_N2W_SharlakansHulk.amb	244	1a46db3961ef35a4553f2133b27163a6
cab/Meshes/001_N2W_SharlakansHulk.ANB	80380	0dd76d7db6febe01e398e4db6a6ed9ef
cab/Meshes/001_N2W_Sharlakanskraken.amb	244	af8d6f140b419af67c14ca3ea50bef89
cab/Meshes/001_N2W_Sharlakanskraken.ANB	72048	9f7668f8386f72607e4df86c0c61e927
cab/Meshes/001_N2W_SkeletonCaptain.amb	244	0d764947b3c8f3f8f4be39187418a326
cab/Meshes/001_N2W_SkeletonCaptain.ANB	87540	5a116d41ba334339161485d54674ba59
cab/Meshes/001_N2W_SleepyRat.amb	28	78d58a032761f1b9767ce9a961560a55
cab/Meshes/001_N2W_SleepyRat.ANB	18616	4026a30e3fb332ed6a38f812c2e65431
cab/Meshes/001_N2W_TurtlePirateBoss.amb	244	b78b9c80e4a404a89bec4649a291127e
cab/Meshes/001_N2W_TurtlePirateBoss.ANB	64824	d484824e70da6e62e1483459782d940f
cab/Meshes/002_IO_Hammer.ANB	2868	52d66296e7f9b29eabd4eb93ca28dbbd
cab/Meshes/002_W2W_ApeKingsSon.amb	388	1bcc72e6d5fb41631bd309f72b138218
cab/Meshes/002_W2W_ApeKingsSon.ANB	101668	cef17dde41dddc435bc545be437aca6e
cab/Meshes/002_W2W_Bear_with_Grumpa.amb	436	65b43c14d04bdd8b937e2b145c2d99f8
cab/Meshes/002_W2W_Bear_with_Grumpa.ANB	279088	ee06d9de68089280da567fa57ba726a4
cab/Meshes/002_W2W_Captain.amb	580	1ebf75450248fd94a6ebabe4e2cc4fa3
cab/Meshes/002_W2W_Captain.ANB	192108	915fd7a73b80fd4b5cd0816385283674
cab/Meshes/002_W2W_Crab.amb	388	e3630186521f952b08f8a1ae1cdce709
cab/Meshes/002_W2W_Crab.ANB	89836	2486d8ab39b6244900a85013cf51e7ef
cab/Meshes/002_W2W_Crocodile.amb	292	992d5e07945ed822e20325a74f79caa5
cab/Meshes/002_W2W_Crocodile.ANB	70236	b44f9101cf43eb4e639444a4ef51b536
cab/Meshes/002_W2W_CrocodilePirateBoss.amb	388	8b1c7e32d558f7f7e9912b7a095e7028
cab/Meshes/002_W2W_CrocodilePirateBoss.ANB	111524	cfac09dc5aeb0059aa663b9ac7cb9aff
cab/Meshes/002_W2W_FoxyLady.amb	388	d620b28072d9aeae325c217d626bc13c
cab/Meshes/002_W2W_FoxyLady.ANB	119800	18a98c1a178b17bfd4a9893bb3f02bc4
cab/Meshes/002_W2W_GiantOctopus.amb	244	0510457f971cfddef94441dc1237873a
cab/Meshes/002_W2W_GiantOctopus.ANB	48012	d8df4c403e16b732c26188d16e8ad608
cab/Meshes/002_W2W_GiantScorpio.amb	244	f0c5e2374743ff3034123482b2602426
cab/Meshes/002_W2W_GiantScorpio.ANB	96076	72cb9fd45062dd31bf9b78655accba75
cab/Meshes/002_W2W_GiantSpider.amb	196	4d83462ce63f5d0f3ffd397fe1415e3f
cab/Meshes/002_W2W_GiantSpider.ANB	61156	a4458d41d5f7c08ed472e83aff84af10
cab/Meshes/002_W2W_gigantsnake1.amb	436	ae7d40f78724c1a403e633c766fc3a73
cab/Meshes/002_W2W_gigantsnake1.ANB	79796	d05b4e50796e1dc0af90f4e0f3ef5946
cab/Meshes/002_W2W_Golem.amb	388	658d9dee262f1031113a29397ecbbdf0
cab/Meshes/002_W2W_Golem.ANB	91052	f9941bc9867baaa70913695a6a740531
cab/Meshes/002_W2W_Grumpa.amb	364	19ad20712d183bb8952d218d7a1e9f45
cab/Meshes/002_W2W_Grumpa.ANB	131268	013c456744cadb7328a860db18487c17
cab/Meshes/002_W2W_Grumpa_In_Boat.amb	292	464097e641d1bc26559560993f3488cb
cab/Meshes/002_W2W_Grumpa_In_Boat.ANB	143564	979d87b2ada893adf012b495986d4d10
cab/Meshes/002_W2W_Grumpa_On_Dragonfly.amb	340	02d8aa12411879c2ff6b9e86af918dcf
cab/Meshes/002_W2W_Grumpa_On_Dragonfly.ANB	203208	0acb4fd530f984050b5238f27c56846d
cab/Meshes/002_W2W_GrumpaSeahorse.amb	436	73002a4bfd1d6423434ec88467efa4f4
cab/Meshes/002_W2W_GrumpaSeahorse.ANB	208328	85f6f61dac7507ddc7f0f24631778f6c
cab/Meshes/002_W2W_HyenaBoss.amb	388	5dea74463ec6e8d85d8dae0e265f5b9a
cab/Meshes/002_W2W_HyenaBoss.ANB	118712	c90ffeecbf2eabe55f9403a54451d4f2
cab/Meshes/002_W2W_MonkeyChampion.amb	388	93218863c83440eb7528bd799e575d5b
cab/Meshes/002_W2W_MonkeyChampion.ANB	117604	712c006a61ef616d30528cc9bfaa247c
cab/Meshes/002_W2W_MonkeyChampionF.amb	388	dc346af41577ae9146ebb13f08380c1f
cab/Meshes/002_W2W_MonkeyChampionF.ANB	117636	e8414aa09551d4f6f7faaede6f7f17c1
cab/Meshes/002_W2W_Nosferatu.amb	388	92c42cd7ae5a80e7d7690e40bae38d1e
cab/Meshes/002_W2W_Nosferatu.ANB	99916	fdd0ccd4781970d36dd147fb829a9c5f
cab/Meshes/002_W2W_Parrot.amb	316	b26dd2cc0b3ec90604b61665ced8779e
cab/Meshes/002_W2W_Parrot.ANB	89108	b6f5333e8a0f9ac165227d4ba466808a
cab/Meshes/002_W2W_Piranha.amb	292	4557b141b1c95c0b7d99c0ddfb627c93
cab/Meshes/002_W2W_Piranha.ANB	44404	06b72352a08561e7a8fc6e726483f9cc
cab/Meshes/002_W2W_PirateDiver.amb	388	969be542c576b34b26f43ea046722c98
cab/Meshes/002_W2W_PirateDiver.ANB	104692	1f8ae5c390b5e9d4d6c552af608f1f4e
cab/Meshes/002_W2W_PirateRat1.amb	316	c94914eff66a669804f2ce9b8781a716
cab/Meshes/002_W2W_PirateRat1.ANB	78532	8f0ded7ecebce7f56fae3b633fee9420
cab/Meshes/002_W2W_PirateRat2.amb	484	234014e464e58dcf153bbb2568c5202a
cab/Meshes/002_W2W_PirateRat2.ANB	116668	d5adc6840a8b2e3383c465fac88b9826
cab/Meshes/002_W2W_PirateRat3.amb	316	c94914eff66a669804f2ce9b8781a716
cab/Meshes/002_W2W_PirateRat3.ANB	78532	8f0ded7ecebce7f56fae3b633fee9420
cab/Meshes/002_W2W_PirateRatLeader_Blue.amb	388	18089908977fc403e95a8d40b1ec5f22
cab/Meshes/002_W2W_PirateRatLeader_Blue.ANB	129840	38cb0ca36f03b16dd9e7060c117f45ab
cab/Meshes/002_W2W_PirateRatLeader_Red.amb	388	18089908977fc403e95a8d40b1ec5f22
cab/Meshes/002_W2W_PirateRatLeader_Red.ANB	129840	38cb0ca36f03b16dd9e7060c117f45ab
cab/Meshes/002_W2W_Seahorse.amb	484	4830da0f73b3a0bbca7a5486e73b6658
cab/Meshes/002_W2W_Seahorse.ANB	59764	6c0bfb48297bc3fc2e9cfa702b9b2aae
cab/Meshes/002_W2W_Shark.amb	364	2bed6aa78ba0d99ce452b16661367669
cab/Meshes/002_W2W_Shark.ANB	37984	07a40d48e67ac9865f6b323529b7597b
cab/Meshes/002_W2W_SharlakansHulk.amb	388	2467585777f1ee44bebf0b9140319385
cab/Meshes/002_W2W_SharlakansHulk.ANB	114364	a42933b083e9d31ea2cc31a0edad16b8
cab/Meshes/002_W2W_Sharlakanskraken.amb	388	98ecaa1134c2cf83008dab34f732a7cf
cab/Meshes/002_W2W_Sharlakanskraken.ANB	107040	7938f25635b2ba8fdfaeb1d3b54ee418
cab/Meshes/002_W2W_SkeletonCaptain.amb	388	015ad576888e9024e57fb0284c802f95
cab/Meshes/002_W2W_SkeletonCaptain.ANB	129732	258faf309f4d004653cec9188d67fb69
cab/Meshes/002_W2W_SleepyRat.amb	316	41e23bca71a2c5fecded2f808f994bb5
cab/Meshes/002_W2W_SleepyRat.ANB	83992	b7db3c631f4219ec0e33eaa6a60276d9
cab/Meshes/002_W2W_TurtlePirateBoss.amb	388	8b837d036197a66fa8f51ccbe3c169c8
cab/Meshes/002_W2W_TurtlePirateBoss.ANB	96072	a640232e8dd500d56f76ff877fcbe11b
cab/Meshes/003_IO_SwordOfMight.ANB	2180	dfad042e38ef842af183600fb569393e
cab/Meshes/003_W2N_ApeKingsSon.amb	148	cc3371c5a763e6f2a15dfcf19b70ad6b
cab/Meshes/003_W2N_ApeKingsSon.ANB	46708	a3704cb558668420f1a8a249d77a052c
cab/Meshes/003_W2N_Bear_with_Grumpa.amb	196	d8546d5f40420fe7b1f9fc8751123e8d
cab/Meshes/003_W2N_Bear_with_Grumpa.ANB	143008	0ed8510455524ed2ec11377bbd445457
cab/Meshes/003_W2N_Captain.amb	28	fb735d3bd4cadce11ae6b0ad4b7be28a
cab/Meshes/003_W2N_Captain.ANB	24852	f8531ff2322fc9bbf6206592c59b11de
cab/Meshes/003_W2N_Crab.amb	340	1e4430db3873646b0aa880f7fefeada9
cab/Meshes/003_W2N_Crab.ANB	79996	52791663f6fdfd1e70c327f523d7c149
cab/Meshes/003_W2N_Crocodile.amb	196	562018d62110c0922aa9e7151e16b5d4
cab/Meshes/003_W2N_Crocodile.ANB	50652	6c248996247bc9a48475806e3cd9b007
cab/Meshes/003_W2N_CrocodilePirateBoss.amb	148	f892dd829fb94d24dce94315916b7a0f
cab/Meshes/003_W2N_CrocodilePirateBoss.ANB	51524	b2340b7bcced61da5b9c7e4ecfbd3c01
cab/Meshes/003_W2N_FoxyLady.amb	148	fa89e54122d2ffdb2af556170af53b85
cab/Meshes/003_W2N_FoxyLady.ANB	54760	ab2dafb0bc180a7bfd358d7cf4fbea35
cab/Meshes/003_W2N_GiantOctopus.amb	244	0510457f971cfddef94441dc1237873a
cab/Meshes/003_W2N_GiantOctopus.ANB	48012	7c39efe3508c94ea8c422a8fd0307c8a
cab/Meshes/003_W2N_GiantScorpio.amb	244	e120d1a4bd2e02550dbd9c9e2686d481
cab/Meshes/003_W2N_GiantScorpio.ANB	96076	87ee8fa7f54f26fa11cd127a72edcd52
cab/Meshes/003_W2N_GiantSpider.amb	196	9ed470358f35f3ff12b08e09bbf7cb80
cab/Meshes/003_W2N_GiantSpider.ANB	61156	6d3927e6e13e3382e1c420f42c7d840a
cab/Meshes/003_W2N_gigantsnake1.amb	28	78d58a032761f1b9767ce9a961560a55
cab/Meshes/003_W2N_gigantsnake1.ANB	13700	093cbc12eaaf9658609ba444c043d0a8
cab/Meshes/003_W2N_Golem.amb	148	9cb57aeb1a0caaa82ca2ebb8bd27dc3a
cab/Meshes/003_W2N_Golem.ANB	41852	cd724de2d71fd999335d8782ef9e27da
cab/Meshes/003_W2N_Grumpa.amb	388	64f8b0756d07623b33ed6043219b7dd8
cab/Meshes/003_W2N_Grumpa.ANB	138828	f4ed2abee06ebb3c146c4111b69280bf
cab/Meshes/003_W2N_Grumpa_In_Boat.amb	244	9f2e8c14773e7929b55f0bdb117c22ec
cab/Meshes/003_W2N_Grumpa_In_Boat.ANB	124060	05e688b99122d5f7a8fe8ba125e3fd5c
cab/Meshes/003_W2N_Grumpa_On_Dragonfly.amb	244	093402afbc7b2073a731368974f36129
cab/Meshes/003_W2N_Grumpa_On_Dragonfly.ANB	153576	46c7212179b7b1865bbfb8985fc85fda
cab/Meshes/003_W2N_GrumpaSeahorse.amb	484	38e6d6ee63b53b229bf6e8d7d1f8e92e
cab/Meshes/003_W2N_GrumpaSeahorse.ANB	228824	0e3857662f020ba1b9b157403e9e51da
cab/Meshes/003_W2N_HyenaBoss.amb	148	bc0dd5807270c6c4060343256ab4a3a7
cab/Meshes/003_W2N_HyenaBoss.ANB	54392	9b6e7749ac6e84d1828a828a8fe9162b
cab/Meshes/003_W2N_MonkeyChampion.amb	148	4f06b3b8e0005f1447f98fb8aa4d184d
cab/Meshes/003_W2N_MonkeyChampion.ANB	64028	6128adc9e598df2478a77cfef91c4ec1
cab/Meshes/003_W2N_MonkeyChampionF.amb	148	4f06b3b8e0005f1447f98fb8aa4d184d
cab/Meshes/003_W2N_MonkeyChampionF.ANB	64028	6128adc9e598df2478a77cfef91c4ec1
cab/Meshes/003_W2N_Nosferatu.amb	148	78d761f0ed3133a04f799a120e2854c5
cab/Meshes/003_W2N_Nosferatu.ANB	45676	35e448d9594ad13775340f39f0da7e1f
cab/Meshes/003_W2N_Parrot.amb	196	3da57bd795d6185021bbbe2c0d84018f
cab/Meshes/003_W2N_Parrot.ANB	61324	2677fb20f788c8dae550fe99026ea33c
cab/Meshes/003_W2N_Piranha.amb	244	54345b9cbae66a0b159b6bf23cd08ca3
cab/Meshes/003_W2N_Piranha.ANB	38068	f77f7c9fed8b43992a1f4d285cba7be9
cab/Meshes/003_W2N_PirateDiver.amb	148	19854e80872edc1283044141f6062990
cab/Meshes/003_W2N_PirateDiver.ANB	48772	5cd7965dacc23fb8f7600b7045d43a82
cab/Meshes/003_W2N_PirateRat1.amb	28	78d58a032761f1b9767ce9a961560a55
cab/Meshes/003_W2N_PirateRat1.ANB	13156	e7a7c6cebd32833084e9b1efd55f266c
cab/Meshes/003_W2N_PirateRat2.amb	28	78d58a032761f1b9767ce9a961560a55
cab/Meshes/003_W2N_PirateRat2.ANB	13156	e7a7c6cebd32833084e9b1efd55f266c
cab/Meshes/003_W2N_PirateRat3.amb	28	78d58a032761f1b9767ce9a961560a55
cab/Meshes/003_W2N_PirateRat3.ANB	13156	e7a7c6cebd32833084e9b1efd55f266c
cab/Meshes/003_W2N_PirateRatLeader_Blue.amb	148	df52cb733fdd9f7e3f37ee7e7fdf521e
cab/Meshes/003_W2N_PirateRatLeader_Blue.ANB	59040	7b241c5689e4408a93e8253fec773cc8
cab/Meshes/003_W2N_PirateRatLeader_Red.amb	148	df52cb733fdd9f7e3f37ee7e7fdf521e
cab/Meshes/003_W2N_PirateRatLeader_Red.ANB	59040	7b241c5689e4408a93e8253fec773cc8
cab/Meshes/003_W2N_Seahorse.amb	484	4830da0f73b3a0bbca7a5486e73b6658
cab/Meshes/003_W2N_Seahorse.ANB	59764	6c0bfb48297bc3fc2e9cfa702b9b2aae
cab/Meshes/003_W2N_Shark.amb	124	3e30b247f82f4c635d2738699cd51b3c
cab/Meshes/003_W2N_Shark.ANB	15904	126ce9d2e21883329ac34bfbb84a30c1
cab/Meshes/003_W2N_SharlakansHulk.amb	148	cdb8a52d51f3595cb18b9993833d9d0e
cab/Meshes/003_W2N_SharlakansHulk.ANB	57724	1f4c75b2338e8cbe0f0a5bd27a934c65
cab/Meshes/003_W2N_Sharlakanskraken.amb	148	ba8d5fb8370ec56c65b72a6f597d3968
cab/Meshes/003_W2N_Sharlakanskraken.ANB	48720	4aee535584dcd92ffe6526d873e5d9a7
cab/Meshes/003_W2N_SkeletonCaptain.amb	148	73f4e8e92d388bf955272be8864754b0
cab/Meshes/003_W2N_SkeletonCaptain.ANB	59412	4bcd8036660631da82308cffc9e08aee
cab/Meshes/003_W2N_SleepyRat.amb	28	78d58a032761f1b9767ce9a961560a55
cab/Meshes/003_W2N_SleepyRat.ANB	18616	4026a30e3fb332ed6a38f812c2e65431
cab/Meshes/003_W2N_TurtlePirateBoss.amb	148	150668c1b809cbe87860295c9ad800c9
cab/Meshes/003_W2N_TurtlePirateBoss.ANB	43992	75a39415eacf02a57603c0e8cb449ba9
cab/Meshes/004_IO_FathersSwordBroken.ANB	2036	d117d6b09b43a02b2dee364e26965251
cab/Meshes/004_W2R_ApeKingsSon.amb	148	1a7090cceab73c4b71ec9f6410adbf8c
cab/Meshes/004_W2R_ApeKingsSon.ANB	46708	f60a7ba1fcdd9691e8871c67616db035
cab/Meshes/004_W2R_Bear_with_Grumpa.amb	100	ea6e85447d9c813922fb85a28b05aaa1
cab/Meshes/004_W2R_Bear_with_Grumpa.ANB	88576	129049f92e392f28468a23508ccab3b7
cab/Meshes/004_W2R_Captain.amb	292	efa1a886b614d5ce09d8dc4ddce25439
cab/Meshes/004_W2R_Captain.ANB	104844	1a7fe7360960019c4dd62fe5a05e086b
cab/Meshes/004_W2R_CrocodilePirateBoss.amb	148	e3a7e4c2f56fc1ecf1d170db1c83cebc
cab/Meshes/004_W2R_CrocodilePirateBoss.ANB	51524	fc27879832a5f57f2d70155653c66e22
cab/Meshes/004_W2R_FoxyLady.amb	148	d65abd689680dfa54a86d34cc6c755ff
cab/Meshes/004_W2R_FoxyLady.ANB	54760	cb030161d2a27ba3471634f71ce7852d
cab/Meshes/004_W2R_gigantsnake1.amb	28	c1be1480a93266213e4e851cbb069b07
cab/Meshes/004_W2R_gigantsnake1.ANB	13700	ef5f1ceef1f5aa054a8ebb8652d5473e
cab/Meshes/004_W2R_Golem.amb	148	b2e77f0531b31e36a6dffae7193e233d
cab/Meshes/004_W2R_Golem.ANB	41852	410882986f5beb6f62d0402be9f4cd75
cab/Meshes/004_W2R_Grumpa.amb	76	72fe4b21820e2a45f2d496fa96c68613
cab/Meshes/004_W2R_Grumpa.ANB	40548	ba4ad93d75b843f868fbdef977cb70a4
cab/Meshes/004_W2R_Grumpa_In_Boat.amb	292	464097e641d1bc26559560993f3488cb
cab/Meshes/004_W2R_Grumpa_In_Boat.ANB	143564	a388b92b8f70a7d6a4387da6126f19ba
cab/Meshes/004_W2R_Grumpa_On_Dragonfly.amb	340	02d8aa12411879c2ff6b9e86af918dcf
cab/Meshes/004_W2R_Grumpa_On_Dragonfly.ANB	202352	7f5abdc59ff33dd518fc8b26278e9cff
cab/Meshes/004_W2R_GrumpaSeahorse.amb	436	73002a4bfd1d6423434ec88467efa4f4
cab/Meshes/004_W2R_GrumpaSeahorse.ANB	208328	85f6f61dac7507ddc7f0f24631778f6c
cab/Meshes/004_W2R_HyenaBoss.amb	148	32bf416b8d6606fa896579b8739d304c
cab/Meshes/004_W2R_HyenaBoss.ANB	54392	05537d7db19aaf6b3c9b4f49e5b15e56
cab/Meshes/004_W2R_MonkeyChampion.amb	148	b02c7776965f99df07d0d9c5ac947609
cab/Meshes/004_W2R_MonkeyChampion.ANB	53764	146528fdab227926d70b0310230af7c9
cab/Meshes/004_W2R_MonkeyChampionF.amb	148	cae070bd747e04065c693e9e38617246
cab/Meshes/004_W2R_MonkeyChampionF.ANB	53764	146528fdab227926d70b0310230af7c9
cab/Meshes/004_W2R_Nosferatu.amb	148	56c1a1fd9565ac516256474471c5b608
cab/Meshes/004_W2R_Nosferatu.ANB	45676	7640580afd54b429c80c6ea989526266
cab/Meshes/004_W2R_Parrot.amb	316	52011200c8dcd48655905fe9fcbf7c72
cab/Meshes/004_W2R_Parrot.ANB	89108	ca2ae21eadadaef79d242e5b9d2f9344
cab/Meshes/004_W2R_PirateDiver.amb	148	0c59b1813b4f4b18be7b9d8797014087
cab/Meshes/004_W2R_PirateDiver.ANB	48772	5146de9977230fa65109ee8cdb3c6031
cab/Meshes/004_W2R_PirateRat1.amb	100	f1c67d939ecc57179b607e3c8771dcf1
cab/Meshes/004_W2R_PirateRat1.ANB	29500	1fcc566cc285b2a5a416f5f40f86dec8
cab/Meshes/004_W2R_PirateRat2.amb	100	f1c67d939ecc57179b607e3c8771dcf1
cab/Meshes/004_W2R_PirateRat2.ANB	29500	1fcc566cc285b2a5a416f5f40f86dec8
cab/Meshes/004_W2R_PirateRat3.amb	100	f1c67d939ecc57179b607e3c8771dcf1
cab/Meshes/004_W2R_PirateRat3.ANB	29500	1fcc566cc285b2a5a416f5f40f86dec8
cab/Meshes/004_W2R_PirateRatLeader_Blue.amb	148	6c0d531c2b90415f8097c7c7b1d6882a
cab/Meshes/004_W2R_PirateRatLeader_Blue.ANB	59040	96884465e6a3a35370ef428ae614e347
cab/Meshes/004_W2R_PirateRatLeader_Red.amb	148	6c0d531c2b90415f8097c7c7b1d6882a
cab/Meshes/004_W2R_PirateRatLeader_Red.ANB	59040	96884465e6a3a35370ef428ae614e347
cab/Meshes/004_W2R_Shark.amb	364	2bed6aa78ba0d99ce452b16661367669
cab/Meshes/004_W2R_Shark.ANB	37984	07a40d48e67ac9865f6b323529b7597b
cab/Meshes/004_W2R_SharlakansHulk.amb	148	6d4c3156c9696691f3cd819fecadd6e4
cab/Meshes/004_W2R_SharlakansHulk.ANB	57724	e876dd0086d528c85e3f45a3e0dc2955
cab/Meshes/004_W2R_Sharlakanskraken.amb	148	cff7a8467b2bc071a91fcce9fea8b676
cab/Meshes/004_W2R_Sharlakanskraken.ANB	48720	c29522bfaf4a0a9dbb175cb1b3a409a0
cab/Meshes/004_W2R_SkeletonCaptain.amb	148	ce9a4cd8fa3af8fd0e56f44ceb87dda8
cab/Meshes/004_W2R_SkeletonCaptain.ANB	59412	9de138e633848a1c8a9a625599f6e96e
cab/Meshes/004_W2R_SleepyRat.amb	100	39cdb5a0af7bf135163e2bf41f904b92
cab/Meshes/004_W2R_SleepyRat.ANB	34960	2d8be758e7f1648350efc205aa3109f1
cab/Meshes/004_W2R_TurtlePirateBoss.amb	148	b62c3b464e9139e988e04a56d24c6cc5
cab/Meshes/004_W2R_TurtlePirateBoss.ANB	43992	483783d6574c7851c06fcb3471f9c370
cab/Meshes/005_IO_WoodenShield.ANB	1380	16f9171d2404486a2f048fabd3a837af
cab/Meshes/005_R2N_Grumpa_On_Dragonfly.amb	340	02d8aa12411879c2ff6b9e86af918dcf
cab/Meshes/005_R2N_Grumpa_On_Dragonfly.ANB	202352	633ca6054e6293a8f0b48ed23bf1ce8b
cab/Meshes/005_R2R_ApeKingsSon.amb	244	fe14ba266bc34a884eb09a2461f80ea6
cab/Meshes/005_R2R_ApeKingsSon.ANB	68692	fc903c0ffbbc3c99a83ab87a3434973c
cab/Meshes/005_R2R_Bear_with_Grumpa.amb	436	232744225fbdf7c96372277be0b61c88
cab/Meshes/005_R2R_Bear_with_Grumpa.ANB	279088	a4a2b310bdd38da269526adda63cbdc0
cab/Meshes/005_R2R_Captain.amb	268	bd7539f1cf6124a4c52eefd2bfc486b3
cab/Meshes/005_R2R_Captain.ANB	97572	adc9761afc8ce2753ba87f81170e9e81
cab/Meshes/005_R2R_CrocodilePirateBoss.amb	244	1cb1ca841a87699ca866101988080cb2
cab/Meshes/005_R2R_CrocodilePirateBoss.ANB	75524	ad6a2e49e1446ed572ea246e04b52891
cab/Meshes/005_R2R_FoxyLady.amb	244	01433d906b87a46424680fbb8ff83c04
cab/Meshes/005_R2R_FoxyLady.ANB	80776	65d2a5df90b698a150b643b3add61a5c
cab/Meshes/005_R2R_gigantsnake1.amb	460	0a5546619b1ad3cb521bb5e0d770aaa6
cab/Meshes/005_R2R_gigantsnake1.ANB	83684	89984d7b16094d40d686bd4cd8564d17
cab/Meshes/005_R2R_Golem.amb	244	968eee6432603a1743c9de194fa2a14f
cab/Meshes/005_R2R_Golem.ANB	61460	cf56cf8ce19a3bd497372cfe069c79ed
cab/Meshes/005_R2R_Grumpa.amb	268	f36edbf835497a132462c7086c883770
cab/Meshes/005_R2R_Grumpa.ANB	101028	1a68acdaacbbfb4acf8a1255f149c4f5
cab/Meshes/005_R2R_Grumpa_In_Boat.amb	292	464097e641d1bc26559560993f3488cb
cab/Meshes/005_R2R_Grumpa_In_Boat.ANB	143564	a388b92b8f70a7d6a4387da6126f19ba
cab/Meshes/005_R2R_Grumpa_On_Dragonfly.amb	340	02d8aa12411879c2ff6b9e86af918dcf
cab/Meshes/005_R2R_Grumpa_On_Dragonfly.ANB	202352	6edb79a02110b2841d4a8cde5f7a6578
cab/Meshes/005_R2R_GrumpaSeahorse.amb	436	73002a4bfd1d6423434ec88467efa4f4
cab/Meshes/005_R2R_GrumpaSeahorse.ANB	208328	85f6f61dac7507ddc7f0f24631778f6c
cab/Meshes/005_R2R_HyenaBoss.amb	244	255ab053829514cfb5817d2110f06f98
cab/Meshes/005_R2R_HyenaBoss.ANB	80120	d6b9e71e82754e6aac77e8b3986c479b
cab/Meshes/005_R2R_MonkeyChampion.amb	244	375d31d0fb3b476a5a70e84eedde35c1
cab/Meshes/005_R2R_MonkeyChampion.ANB	79300	197abf6392834cc0a1771dc3d525c064
cab/Meshes/005_R2R_MonkeyChampionF.amb	244	0dc7752dd155c022b397251b013462ea
cab/Meshes/005_R2R_MonkeyChampionF.ANB	79332	782e79e171e3b54eb4ec2403cf06b685
cab/Meshes/005_R2R_Nosferatu.amb	244	2fd663cc50ca2472fa7a4a706dfa9c39
cab/Meshes/005_R2R_Nosferatu.ANB	67372	dff0b461518f5b3d3ca3a4cf85dbd555
cab/Meshes/005_R2R_Parrot.amb	316	52011200c8dcd48655905fe9fcbf7c72
cab/Meshes/005_R2R_Parrot.ANB	89108	ca2ae21eadadaef79d242e5b9d2f9344
cab/Meshes/005_R2R_PirateDiver.amb	244	4176fa55c1e7f2fe7b1616cb1b9793b3
cab/Meshes/005_R2R_PirateDiver.ANB	71140	5fdde0026b29dc75a666b02cf250a9ae
cab/Meshes/005_R2R_PirateRat1.amb	388	1eab4947ea704670083e55b1743d7d6e
cab/Meshes/005_R2R_PirateRat1.ANB	94876	9ae3857212e70cfbd9d7ab7af98f6801
cab/Meshes/005_R2R_PirateRat2.amb	388	1eab4947ea704670083e55b1743d7d6e
cab/Meshes/005_R2R_PirateRat2.ANB	94876	9ae3857212e70cfbd9d7ab7af98f6801
cab/Meshes/005_R2R_PirateRat3.amb	388	1eab4947ea704670083e55b1743d7d6e
cab/Meshes/005_R2R_PirateRat3.ANB	94876	9ae3857212e70cfbd9d7ab7af98f6801
cab/Meshes/005_R2R_PirateRatLeader_Blue.amb	244	2ad2038736c740a58345d76c4df362d9
cab/Meshes/005_R2R_PirateRatLeader_Blue.ANB	87360	ada713ec79a2cae1ea2ea3f47a88a73b
cab/Meshes/005_R2R_PirateRatLeader_Red.amb	244	2ad2038736c740a58345d76c4df362d9
cab/Meshes/005_R2R_PirateRatLeader_Red.ANB	87360	ada713ec79a2cae1ea2ea3f47a88a73b
cab/Meshes/005_R2R_Shark.amb	364	2bed6aa78ba0d99ce452b16661367669
cab/Meshes/005_R2R_Shark.ANB	37984	07a40d48e67ac9865f6b323529b7597b
cab/Meshes/005_R2R_SharlakansHulk.amb	244	d457a938e7206e2204928e00708b7a76
cab/Meshes/005_R2R_SharlakansHulk.ANB	80380	a6ff32bcff3301de4d287aed8ac83a00
cab/Meshes/005_R2R_Sharlakanskraken.amb	244	f26caef7209fce8cf7b0c92efcaa3d07
cab/Meshes/005_R2R_Sharlakanskraken.ANB	72048	a38511c7d7c2773f3ef002dd18d5fa39
cab/Meshes/005_R2R_SkeletonCaptain.amb	244	1251b24f89b8312f277ae123fffa0c33
cab/Meshes/005_R2R_SkeletonCaptain.ANB	87540	c0867248783ed73664909d8a25f5e722
cab/Meshes/005_R2R_SleepyRat.amb	388	c72770a6eab21e56ad3e01b5ec894e78
cab/Meshes/005_R2R_SleepyRat.ANB	100336	d374406ed4f3ec4196f8f64bfe4e0004
cab/Meshes/005_R2R_TurtlePirateBoss.amb	244	ed8fc9df57b32583b6dbe5ed8d3884d0
cab/Meshes/005_R2R_TurtlePirateBoss.ANB	64824	b82cd6f31e50f61c016aea7e668dc3c7
cab/Meshes/006_R2W_ApeKingsSon.amb	148	c139ba89154cd7655cf3c908cc3c77e4
cab/Meshes/006_R2W_ApeKingsSon.ANB	46708	8b35cfdcfe9f1cd3b4eab602e5d677ca
cab/Meshes/006_R2W_Bear_with_Grumpa.amb	100	560832b0bfa030d59ebf7be69bf7927a
cab/Meshes/006_R2W_Bear_with_Grumpa.ANB	88576	61482481feec4080dfd6642c25f40a06
cab/Meshes/006_R2W_Captain.amb	316	7b2a8028c6070254741c48c4aab2c89c
cab/Meshes/006_R2W_Captain.ANB	112116	633ea14c0e177176191025227250e6dc
cab/Meshes/006_R2W_CrocodilePirateBoss.amb	148	e7a351e79e90e2f440159e962bc5b12e
cab/Meshes/006_R2W_CrocodilePirateBoss.ANB	51524	343cf6f279e7a430d25140ee118e1038
cab/Meshes/006_R2W_FoxyLady.amb	148	4ffee0f2e501523cf9538e08cf8cd032
cab/Meshes/006_R2W_FoxyLady.ANB	54760	2c9e3826841a0cc5b7a16e613bf02f5c
cab/Meshes/006_R2W_gigantsnake1.amb	28	c1be1480a93266213e4e851cbb069b07
cab/Meshes/006_R2W_gigantsnake1.ANB	13700	ef5f1ceef1f5aa054a8ebb8652d5473e
cab/Meshes/006_R2W_Golem.amb	148	67715bbf07961fbbaa216a9163ef52cf
cab/Meshes/006_R2W_Golem.ANB	41852	656a7256d76903dfa5117518cd239fd5
cab/Meshes/006_R2W_Grumpa.amb	76	cef2546e84b272e7e3ff4d2e699ab254
cab/Meshes/006_R2W_Grumpa.ANB	40548	43bd39a267d422ba8777361269a685e0
cab/Meshes/006_R2W_Grumpa_In_Boat.amb	292	464097e641d1bc26559560993f3488cb
cab/Meshes/006_R2W_Grumpa_In_Boat.ANB	143564	a388b92b8f70a7d6a4387da6126f19ba
cab/Meshes/006_R2W_Grumpa_On_Dragonfly.amb	340	02d8aa12411879c2ff6b9e86af918dcf
cab/Meshes/006_R2W_Grumpa_On_Dragonfly.ANB	202352	7aed4625529cd593cb5c027dbd7e939d
cab/Meshes/006_R2W_GrumpaSeahorse.amb	436	73002a4bfd1d6423434ec88467efa4f4
cab/Meshes/006_R2W_GrumpaSeahorse.ANB	208328	85f6f61dac7507ddc7f0f24631778f6c
cab/Meshes/006_R2W_HyenaBoss.amb	148	00102128922333cc58839269151945d6
cab/Meshes/006_R2W_HyenaBoss.ANB	54392	098a927ede3b45571304942efe36f439
cab/Meshes/006_R2W_MonkeyChampion.amb	148	bd6954671e4d53beafc6e8a4466623d2
cab/Meshes/006_R2W_MonkeyChampion.ANB	53764	203ed1200ac8158e1d81d19927c8e9dc
cab/Meshes/006_R2W_MonkeyChampionF.amb	148	54803221a5b64621692f7c7373a42711
cab/Meshes/006_R2W_MonkeyChampionF.ANB	53764	203ed1200ac8158e1d81d19927c8e9dc
cab/Meshes/006_R2W_Nosferatu.amb	148	c4651923e404a1c28786c461913961df
cab/Meshes/006_R2W_Nosferatu.ANB	45676	a708ce152c11116a6a6ebb2f14461f39
cab/Meshes/006_R2W_Parrot.amb	316	52011200c8dcd48655905fe9fcbf7c72
cab/Meshes/006_R2W_Parrot.ANB	89108	ca2ae21eadadaef79d242e5b9d2f9344
cab/Meshes/006_R2W_PirateDiver.amb	148	40073b769f667346b9c5ca7aabadcd83
cab/Meshes/006_R2W_PirateDiver.ANB	48772	a4c2af496987bfd0ecc20dc8594a05ce
cab/Meshes/006_R2W_PirateRat1.amb	100	78921d39ff18311edf984d6442298830
cab/Meshes/006_R2W_PirateRat1.ANB	29500	c61910f27fbf8cea5b3de7522f959c41
cab/Meshes/006_R2W_PirateRat2.amb	100	78921d39ff18311edf984d6442298830
cab/Meshes/006_R2W_PirateRat2.ANB	29500	c61910f27fbf8cea5b3de7522f959c41
cab/Meshes/006_R2W_PirateRat3.amb	100	78921d39ff18311edf984d6442298830
cab/Meshes/006_R2W_PirateRat3.ANB	29500	c61910f27fbf8cea5b3de7522f959c41
cab/Meshes/006_R2W_PirateRatLeader_Blue.amb	148	e1c4f337b5c7508dd93d9b836a7c7aa3
cab/Meshes/006_R2W_PirateRatLeader_Blue.ANB	59040	50445397ca9bbe4e2e2496ef992fee54
cab/Meshes/006_R2W_PirateRatLeader_Red.amb	148	e1c4f337b5c7508dd93d9b836a7c7aa3
cab/Meshes/006_R2W_PirateRatLeader_Red.ANB	59040	50445397ca9bbe4e2e2496ef992fee54
cab/Meshes/006_R2W_Shark.amb	364	2bed6aa78ba0d99ce452b16661367669
cab/Meshes/006_R2W_Shark.ANB	37984	07a40d48e67ac9865f6b323529b7597b
cab/Meshes/006_R2W_SharlakansHulk.amb	148	9f4271061cf28d7898ab33743c616490
cab/Meshes/006_R2W_SharlakansHulk.ANB	57724	84e1e7e12c52ebd80db7f675c7b4f56e
cab/Meshes/006_R2W_Sharlakanskraken.amb	148	7d696ff141a452294b0cd068cbfd1b4b
cab/Meshes/006_R2W_Sharlakanskraken.ANB	48720	0ad9d791293e590ac3049e9fe2802dfb
cab/Meshes/006_R2W_SkeletonCaptain.amb	148	7fc11b550c386cd0683637ef56885ac6
cab/Meshes/006_R2W_SkeletonCaptain.ANB	59412	689fe97945fe442c83058b2cd5ec3b4c
cab/Meshes/006_R2W_SleepyRat.amb	100	a4797194eaaf083f329072c76052330f
cab/Meshes/006_R2W_SleepyRat.ANB	34960	44125290695f2251cddbc94b9674fe81
cab/Meshes/006_R2W_TurtlePirateBoss.amb	148	6c2875857a892d391e66c287066659f7
cab/Meshes/006_R2W_TurtlePirateBoss.ANB	43992	42034989e39c7da719f6f47f8f7ee4fb
cab/Meshes/007_R2N_ApeKingsSon.amb	196	1455ebeabf43928f8f152debaae17d78
cab/Meshes/007_R2N_ApeKingsSon.ANB	57700	5fc913c7842d13315eb40c595dff7b09
cab/Meshes/007_R2N_Bear_with_Grumpa.amb	100	6383659f29bfccec6cbd660aaadb0cd0
cab/Meshes/007_R2N_Bear_with_Grumpa.ANB	88576	90013a2519348b3ce3573d5067a461c3
cab/Meshes/007_R2N_Captain.amb	316	7b2a8028c6070254741c48c4aab2c89c
cab/Meshes/007_R2N_Captain.ANB	112116	633ea14c0e177176191025227250e6dc
cab/Meshes/007_R2N_CrocodilePirateBoss.amb	196	05873c707c4c7edc9ebf451c87a197cb
cab/Meshes/007_R2N_CrocodilePirateBoss.ANB	63524	f812b8d889262ea6b0a9ee5a00c53fda
cab/Meshes/007_R2N_FoxyLady.amb	148	4ffee0f2e501523cf9538e08cf8cd032
cab/Meshes/007_R2N_FoxyLady.ANB	54760	2c9e3826841a0cc5b7a16e613bf02f5c
cab/Meshes/007_R2N_gigantsnake1.amb	28	c1be1480a93266213e4e851cbb069b07
cab/Meshes/007_R2N_gigantsnake1.ANB	13700	ef5f1ceef1f5aa054a8ebb8652d5473e
cab/Meshes/007_R2N_Golem.amb	148	67715bbf07961fbbaa216a9163ef52cf
cab/Meshes/007_R2N_Golem.ANB	41852	656a7256d76903dfa5117518cd239fd5
cab/Meshes/007_R2N_Grumpa.amb	76	0e29d79d4945a2eb2aeedadee9d1fa18
cab/Meshes/007_R2N_Grumpa.ANB	40548	1d414832f3e686ecd6ef4106e2d02b63
cab/Meshes/007_R2N_Grumpa_In_Boat.amb	244	9075c5ce3866fb8fa73686ad0294120c
cab/Meshes/007_R2N_Grumpa_In_Boat.ANB	123500	ed9ebeec58c680abbf781adbe578de0a
cab/Meshes/007_R2N_Grumpa_On_Dragonfly.amb	340	02d8aa12411879c2ff6b9e86af918dcf
cab/Meshes/007_R2N_Grumpa_On_Dragonfly.ANB	202352	60ae5388e29136fadd8bfbe671b0e8ce
cab/Meshes/007_R2N_GrumpaSeahorse.amb	484	38e6d6ee63b53b229bf6e8d7d1f8e92e
cab/Meshes/007_R2N_GrumpaSeahorse.ANB	228824	0e3857662f020ba1b9b157403e9e51da
cab/Meshes/007_R2N_HyenaBoss.amb	148	1879542bf40482e2474de7f8390cf852
cab/Meshes/007_R2N_HyenaBoss.ANB	54392	0988a2e1da8d84ae15a62fb04ab21c19
cab/Meshes/007_R2N_MonkeyChampion.amb	196	ab3c2932cb6030cff0d1915586ebf9ff
cab/Meshes/007_R2N_MonkeyChampion.ANB	66532	ec072ba2145b9d6b72b7c6c0a529bd93
cab/Meshes/007_R2N_MonkeyChampionF.amb	196	4d3fe209f3204892e8549c45fc65d009
cab/Meshes/007_R2N_MonkeyChampionF.ANB	66532	ec072ba2145b9d6b72b7c6c0a529bd93
cab/Meshes/007_R2N_Nosferatu.amb	196	632328317aa8e71816c9889854a0191a
cab/Meshes/007_R2N_Nosferatu.ANB	56524	f8ee3511a65d7dcf7bff2fee5f5b5648
cab/Meshes/007_R2N_Parrot.amb	316	52011200c8dcd48655905fe9fcbf7c72
cab/Meshes/007_R2N_Parrot.ANB	89108	ca2ae21eadadaef79d242e5b9d2f9344
cab/Meshes/007_R2N_PirateDiver.amb	196	7ab6f97da8ee07cf6edf78803b51e19f
cab/Meshes/007_R2N_PirateDiver.ANB	59956	599cd14772f91e9351860d753cb49673
cab/Meshes/007_R2N_PirateRat1.amb	100	78921d39ff18311edf984d6442298830
cab/Meshes/007_R2N_PirateRat1.ANB	29500	c61910f27fbf8cea5b3de7522f959c41
cab/Meshes/007_R2N_PirateRat2.amb	100	78921d39ff18311edf984d6442298830
cab/Meshes/007_R2N_PirateRat2.ANB	29500	c61910f27fbf8cea5b3de7522f959c41
cab/Meshes/007_R2N_PirateRat3.amb	100	78921d39ff18311edf984d6442298830
cab/Meshes/007_R2N_PirateRat3.ANB	29500	c61910f27fbf8cea5b3de7522f959c41
cab/Meshes/007_R2N_PirateRatLeader_Blue.amb	196	1bbb9dffca9008488b0147b3022fe022
cab/Meshes/007_R2N_PirateRatLeader_Blue.ANB	73200	3e5da44d1f715b14494d12e2193de499
cab/Meshes/007_R2N_PirateRatLeader_Red.amb	196	1bbb9dffca9008488b0147b3022fe022
cab/Meshes/007_R2N_PirateRatLeader_Red.ANB	73200	3e5da44d1f715b14494d12e2193de499
cab/Meshes/007_R2N_Shark.amb	364	2bed6aa78ba0d99ce452b16661367669
cab/Meshes/007_R2N_Shark.ANB	37984	07a40d48e67ac9865f6b323529b7597b
cab/Meshes/007_R2N_SharlakansHulk.amb	196	19896429d75dc592a6b44cc67f6513ea
cab/Meshes/007_R2N_SharlakansHulk.ANB	69052	c368fec034253bd52762412c827188da
cab/Meshes/007_R2N_Sharlakanskraken.amb	196	fac54fd0b7019f951f66c63a8e4224cc
cab/Meshes/007_R2N_Sharlakanskraken.ANB	60384	1289587fd90b88af30c359fb4618840e
cab/Meshes/007_R2N_SkeletonCaptain.amb	196	65154b559cb3a38b29415c9c6bdc58df
cab/Meshes/007_R2N_SkeletonCaptain.ANB	73476	613ce5d8c147e9df94fea5f16421f6db
cab/Meshes/007_R2N_SleepyRat.amb	100	a4797194eaaf083f329072c76052330f
cab/Meshes/007_R2N_SleepyRat.ANB	34960	44125290695f2251cddbc94b9674fe81
cab/Meshes/007_R2N_TurtlePirateBoss.amb	148	6c2875857a892d391e66c287066659f7
cab/Meshes/007_R2N_TurtlePirateBoss.ANB	43992	42034989e39c7da719f6f47f8f7ee4fb
cab/Meshes/008_flyingbird01.ANB	77484	3526135190713f0f06c65fc42fd72ba2
cab/Meshes/008_flyingbird02.ANB	77484	bf619d2f8203996d3e8bea5f4ee35662
cab/Meshes/008_N2D_Bear_with_Grumpa.amb	1204	27f69232eebaa9644205b45302d068e4
cab/Meshes/008_N2D_Bear_with_Grumpa.ANB	714544	a8db96208c30003284c74a4a6c3a535e
cab/Meshes/008_N2D_Captain.amb	2860	be1f7b060609b7074f9591750f7fd110
cab/Meshes/008_N2D_Captain.ANB	882948	3d5f6caf9631589d9fe44f3bbbeabf72
cab/Meshes/008_N2D_Crab.amb	4	41883520c3071f5f4a4a4613fb005e0c
cab/Meshes/008_N2D_Crab.ANB	60316	17bb41f377778d7e7c35cf78b6b81ad4
cab/Meshes/008_N2D_Crocodile.amb	244	7b0a326b53e571d19619b9fda4b3bc3d
cab/Meshes/008_N2D_Crocodile.ANB	60444	4e98fbb1604e342ea1e9a5f5bdacfd06
cab/Meshes/008_N2D_CrocodilePirateBoss.amb	388	be02e2d982824545e6ffc490f54b44e4
cab/Meshes/008_N2D_CrocodilePirateBoss.ANB	111524	616cc8087f92672c8a116c1046e3917c
cab/Meshes/008_N2D_FoxyLady.amb	340	9f816576e4db8e1fbba943d63700f110
cab/Meshes/008_N2D_FoxyLady.ANB	106792	c83c83605536df144a0ca08cc42e5e8d
cab/Meshes/008_N2D_GiantOctopus.amb	412	f040eb6a52bc353b70ce7f5848a30104
cab/Meshes/008_N2D_GiantOctopus.ANB	74892	9f00c541233f054bbb3cec86f3b30e74
cab/Meshes/008_N2D_GiantScorpio.amb	244	aec53ff59734170ad0fb645e4eba0614
cab/Meshes/008_N2D_GiantScorpio.ANB	96076	943fdccdccac4c8848762ee963bff66c
cab/Meshes/008_N2D_GiantSpider.amb	244	5c3589723bc5568e22c0b006686d3f53
cab/Meshes/008_N2D_GiantSpider.ANB	72964	4e735421978bc87b050b89653a29fd18
cab/Meshes/008_N2D_gigantsnake1.amb	508	5cbf1514d1f6c99e909acc7e81826147
cab/Meshes/008_N2D_gigantsnake1.ANB	91460	ac477e4368e9b23c4471b93c00109455
cab/Meshes/008_N2D_Golem.amb	244	169cfecc851e23166c0030f33864b1f6
cab/Meshes/008_N2D_Golem.ANB	61460	9615857450e3791c5999fecde72bbb6f
cab/Meshes/008_N2D_Grumpa.amb	580	7ac784295d6fafc72c2a09eac4be0039
cab/Meshes/008_N2D_Grumpa.ANB	199308	ee5377eead5eee05131cc3e3a90d0d0e
cab/Meshes/008_N2D_Grumpa_In_Boat.amb	364	d78c0706475aea08b549db65ccc95092
cab/Meshes/008_N2D_Grumpa_In_Boat.ANB	180420	2d6d85a0fe464f73d31ea8af9087b4f0
cab/Meshes/008_N2D_Grumpa_On_Dragonfly.amb	532	c3a9dd424ae35fe86f8d00d0a39abf2d
cab/Meshes/008_N2D_Grumpa_On_Dragonfly.ANB	524912	5ec8e54c43846d85abeb682cb649046b
cab/Meshes/008_N2D_HyenaBoss.amb	556	609cce93adb54a8b9499c685b4c89abe
cab/Meshes/008_N2D_HyenaBoss.ANB	163704	ae79cc6d41da1011a1705f5000578726
cab/Meshes/008_N2D_MonkeyChampion.amb	2284	11d82ff517d3b9a506bdb7d4bdef8976
cab/Meshes/008_N2D_MonkeyChampion.ANB	621940	998150d807fbda827b37c68f52e1a7fc
cab/Meshes/008_N2D_MonkeyChampionF.amb	196	6191bae5a3e7704911014bc2f4e65bd7
cab/Meshes/008_N2D_MonkeyChampionF.ANB	76796	7781d4f507bb218b6cb220b8b34f094f
cab/Meshes/008_N2D_Parrot.amb	196	0a3092ad8bd0680b30ed4f96c8600aae
cab/Meshes/008_N2D_Parrot.ANB	61324	d1048032008a01240ab7ef7c683cf93c
cab/Meshes/008_N2D_Piranha.amb	220	f9bfd425873e3cebc8b24a95b68d60b1
cab/Meshes/008_N2D_Piranha.ANB	34900	398bc826fe76230d6be771a1c8f29d4c
cab/Meshes/008_N2D_PirateDiver.amb	196	6c260eb6f9712a3e462bb83aae697be0
cab/Meshes/008_N2D_PirateDiver.ANB	59956	8860561435e0d5779d085714d403d425
cab/Meshes/008_N2D_PirateRat1.amb	532	933f5b4e8d58d798d33d58c80800f4d0
cab/Meshes/008_N2D_PirateRat1.ANB	133012	ad9b7881ec06a0b6e9ab01fdb3785370
cab/Meshes/008_N2D_PirateRat2.amb	532	933f5b4e8d58d798d33d58c80800f4d0
cab/Meshes/008_N2D_PirateRat2.ANB	133012	ad9b7881ec06a0b6e9ab01fdb3785370
cab/Meshes/008_N2D_PirateRat3.amb	532	933f5b4e8d58d798d33d58c80800f4d0
cab/Meshes/008_N2D_PirateRat3.ANB	133012	ad9b7881ec06a0b6e9ab01fdb3785370
cab/Meshes/008_N2D_PirateRatLeader_Blue.amb	196	168af4bcc9c49af9291228879740b3d2
cab/Meshes/008_N2D_PirateRatLeader_Red.amb	484	0223bf6ffdeedbd8bf12cb4688755576
cab/Meshes/008_N2D_PirateRatLeader_Red.ANB	158160	99d8faee5bb1a9b3ff9554c98f81fbd7
cab/Meshes/008_N2D_Shark.amb	4	41883520c3071f5f4a4a4613fb005e0c
cab/Meshes/008_N2D_Shark.ANB	26944	f0af9fcad165813ca980a7710609f312
cab/Meshes/008_N2D_SharlakansHulk.amb	196	3156b3d1b4ba63f1eab9f3ac74690cb9
cab/Meshes/008_N2D_SharlakansHulk.ANB	69052	af11fb6a0c5e00dce8db2da49a194568
cab/Meshes/008_N2D_Sharlakanskraken.amb	196	34310f59edb1d3e207a53e5611cf7134
cab/Meshes/008_N2D_Sharlakanskraken.ANB	60384	a8e20b3c4f96a9d3c6b6dd94b76b3e6e
cab/Meshes/008_N2D_SkeletonCaptain.amb	364	897d3ff17c5bfb316fc14e91485a13a2
cab/Meshes/008_N2D_SkeletonCaptain.ANB	122700	a3a6b7634e13383c29e8a412a87c12a5
cab/Meshes/008_N2D_SleepyRat.amb	532	933f5b4e8d58d798d33d58c80800f4d0
cab/Meshes/008_N2D_SleepyRat.ANB	133024	6df9e678f43017f1b9e146d4120075e9
cab/Meshes/008_N2D_TurtlePirateBoss.amb	580	150d2d7cf5fe2bbcdef2f2c829cd9710
cab/Meshes/008_N2D_TurtlePirateBoss.ANB	137672	74a00ce8482413c137441e6b567b24d4
cab/Meshes/009_W2D_Grumpa.amb	292	dbd0d2c7fddd4e5710d765e841fc9091
cab/Meshes/009_W2D_Grumpa.ANB	108684	4723296af8a593eed40ef6084148ca01
cab/Meshes/009_W2D_Sharlakanskraken.amb	292	278fcbd893336108c58f1a0eb024cad9
cab/Meshes/009_W2D_Sharlakanskraken.ANB	83712	2010b72188abc27a5c6a0175931b49c3
cab/Meshes/010_Grumpa.atx	1484	d5d48a55f5496a86105a3874dbd75ee2
cab/Meshes/010_N2MM2N_Grumpa.amb	292	b2f913856ae04f87a97ad9a989705c7e
cab/Meshes/010_N2MM2N_Grumpa.ANB	108588	469c53f6cf2bd9eb8bb7a613785e7720
cab/Meshes/010_R2D_Sharlakanskraken.amb	340	4f8461770c2a2d4b34e3b38a5259cd9d
cab/Meshes/010_R2D_Sharlakanskraken.ANB	95376	35f3de626784f026aac4263b75e71d24
cab/Meshes/011_GrumpaInBoat.atx	659	aca284d4d7277109c696f9fa60fc7c16
cab/Meshes/011_N2M2N_Grumpa.amb	292	b2f913856ae04f87a97ad9a989705c7e
cab/Meshes/011_N2M2N_Grumpa.ANB	108588	2dd42e8b404dcad6e2631da735ef781b
cab/Meshes/012_D2D_Bear_with_Grumpa.amb	28	78d58a032761f1b9767ce9a961560a55
cab/Meshes/012_D2D_Bear_with_Grumpa.ANB	22332	9828388b7037bd46961d4ec5fa045c01
cab/Meshes/012_D2D_Captain.amb	28	78d58a032761f1b9767ce9a961560a55
cab/Meshes/012_D2D_Captain.ANB	24852	c3654b8dc85ffa257a6f31752104d7ee
cab/Meshes/012_D2D_Crab.amb	4	4352d88a78aa39750bf70cd6f27bcaa5
cab/Meshes/012_D2D_Crab.ANB	16036	86ea7acd36b36e71ffa532e0a41b06c0
cab/Meshes/012_D2D_Crocodile.amb	28	5df1dbc0138bbb3e0e7696b9a1b8232b
cab/Meshes/012_D2D_Crocodile.ANB	16380	c8eddba10b709fcf3d629731b1c39c35
cab/Meshes/012_D2D_CrocodilePirateBoss.amb	28	78d58a032761f1b9767ce9a961560a55
cab/Meshes/012_D2D_CrocodilePirateBoss.ANB	21524	636a0cb871962bb0e42eb763e14f9866
cab/Meshes/012_D2D_FoxyLady.amb	28	78d58a032761f1b9767ce9a961560a55
cab/Meshes/012_D2D_FoxyLady.ANB	22240	07c4030d9bfc3cab6615277cd205e45c
cab/Meshes/012_D2D_GiantOctopus.amb	28	78d58a032761f1b9767ce9a961560a55
cab/Meshes/012_D2D_GiantOctopus.ANB	13452	0129b6d02f422f39a231b3c66422b7be
cab/Meshes/012_D2D_GiantScorpio.amb	28	78d58a032761f1b9767ce9a961560a55
cab/Meshes/012_D2D_GiantScorpio.ANB	26740	36d5e56581bae52de2493670397397f6
cab/Meshes/012_D2D_GiantSpider.amb	28	78d58a032761f1b9767ce9a961560a55
cab/Meshes/012_D2D_GiantSpider.ANB	19396	cb32cced2d82529cc73ea6301ed6ad71
cab/Meshes/012_D2D_gigantsnake1.amb	28	78d58a032761f1b9767ce9a961560a55
cab/Meshes/012_D2D_gigantsnake1.ANB	13700	7b2484edf50127cab76d8a1c69591bb6
cab/Meshes/012_D2D_Golem.amb	28	78d58a032761f1b9767ce9a961560a55
cab/Meshes/012_D2D_Golem.ANB	17180	e63a68aa7e614c0fe5f80e9bc219f4b4
cab/Meshes/012_D2D_Grumpa.amb	28	78d58a032761f1b9767ce9a961560a55
cab/Meshes/012_D2D_Grumpa.ANB	25428	436ed11a6028bcff2af37aa10daa7f8f
cab/Meshes/012_D2D_Grumpa_In_Boat.amb	28	78d58a032761f1b9767ce9a961560a55
cab/Meshes/012_D2D_Grumpa_In_Boat.ANB	6040	542228ef306a7fdd1667c0aae55190f6
cab/Meshes/012_D2D_Grumpa_On_Dragonfly.amb	28	b9397a47a3e31a50dc4401f989922b58
cab/Meshes/012_D2D_Grumpa_On_Dragonfly.ANB	452	0b7b857e874bfaf62efd335a050d818c
cab/Meshes/012_D2D_HyenaBoss.amb	28	78d58a032761f1b9767ce9a961560a55
cab/Meshes/012_D2D_HyenaBoss.ANB	22200	f81ac98867eea27fefc0f174bf58e0e5
cab/Meshes/012_D2D_MonkeyChampion.amb	28	78d58a032761f1b9767ce9a961560a55
cab/Meshes/012_D2D_MonkeyChampion.ANB	21844	899d98fddf7521349f2c1dcf67b32a74
cab/Meshes/012_D2D_MonkeyChampionF.amb	28	78d58a032761f1b9767ce9a961560a55
cab/Meshes/012_D2D_MonkeyChampionF.ANB	25724	4c608916a12311b2f719601752eb222a
cab/Meshes/012_D2D_Parrot.amb	28	78d58a032761f1b9767ce9a961560a55
cab/Meshes/012_D2D_Parrot.ANB	21172	704349f3ed32d430460c1952fba8d937
cab/Meshes/012_D2D_Piranha.amb	28	78d58a032761f1b9767ce9a961560a55
cab/Meshes/012_D2D_Piranha.ANB	9556	7d3a8ff37db47281f095417a07a4bb49
cab/Meshes/012_D2D_PirateDiver.amb	28	78d58a032761f1b9767ce9a961560a55
cab/Meshes/012_D2D_PirateDiver.ANB	20812	f5850f9b6db1e69e22381434c7e4980e
cab/Meshes/012_D2D_PirateRat1.amb	28	78d58a032761f1b9767ce9a961560a55
cab/Meshes/012_D2D_PirateRat1.ANB	13156	31d027bde319e3458bcc4fe3130be6bd
cab/Meshes/012_D2D_PirateRat2.amb	28	78d58a032761f1b9767ce9a961560a55
cab/Meshes/012_D2D_PirateRat2.ANB	13156	31d027bde319e3458bcc4fe3130be6bd
cab/Meshes/012_D2D_PirateRat3.amb	28	78d58a032761f1b9767ce9a961560a55
cab/Meshes/012_D2D_PirateRat3.ANB	13156	31d027bde319e3458bcc4fe3130be6bd
cab/Meshes/012_D2D_PirateRatLeader_Blue.amb	28	78d58a032761f1b9767ce9a961560a55
cab/Meshes/012_D2D_PirateRatLeader_Red.amb	28	78d58a032761f1b9767ce9a961560a55
cab/Meshes/012_D2D_PirateRatLeader_Red.ANB	23640	df35bd1dec7b362cffa6c710db4f9fc6
cab/Meshes/012_D2D_Shark.amb	28	78d58a032761f1b9767ce9a961560a55
cab/Meshes/012_D2D_Shark.ANB	7072	b347763fb08d021e3ff1dc19e6f5252d
cab/Meshes/012_D2D_SharlakansHulk.amb	28	78d58a032761f1b9767ce9a961560a55
cab/Meshes/012_D2D_SharlakansHulk.ANB	29404	ef925551a399181b4fbe7d59213e52f0
cab/Meshes/012_D2D_Sharlakanskraken.amb	28	78d58a032761f1b9767ce9a961560a55
cab/Meshes/012_D2D_Sharlakanskraken.ANB	19560	cbd777a5366e32e5db999a5f7fe23f3a
cab/Meshes/012_D2D_SkeletonCaptain.amb	28	78d58a032761f1b9767ce9a961560a55
cab/Meshes/012_D2D_SkeletonCaptain.ANB	24252	6a1b0e15e95fd7943fe292e1e368cdaa
cab/Meshes/012_D2D_SleepyRat.amb	28	78d58a032761f1b9767ce9a961560a55
cab/Meshes/012_D2D_SleepyRat.ANB	13168	a107120688035889a4dd686f33b7fcde
cab/Meshes/012_D2D_TurtlePirateBoss.amb	28	78d58a032761f1b9767ce9a961560a55
cab/Meshes/012_D2D_TurtlePirateBoss.ANB	17888	b91951820027e0dd137af57d622a849e
cab/Meshes/012_flyingbird01.ANB	77484	0339f4fae2eca0e55792aa4f9b3c5ca6
cab/Meshes/012_flyingbird02.ANB	77484	e1b5dcebe92e2d2774c1b2f51382bd77
cab/Meshes/012_flyingbird03.ANB	77484	b23b0b2e7017e796ccd29d8a93b63002
cab/Meshes/012_GrumpaOnDragonFly.atx	835	59ef870aa08acf76d99ee213ff094036
cab/Meshes/013_Fatbastard_Resting.ANB	125140	e47e720cb582f07bc3c69d4b75aa47af
cab/Meshes/013_GrumpaOnBear.atx	2073	9cd6f9f8cad60782cadf91cd85eb3183
cab/Meshes/013_N2S2N_Grumpa.amb	196	74f03aa0aabf5c84b3c6957bc26c84b0
cab/Meshes/013_N2S2N_Grumpa.ANB	78444	f5bfaa87d9c691b2cea35d340c3cada4
cab/Meshes/014_N2T2N_Grumpa.amb	388	ac05ebab465217e8b91a8d1ebd3dfd02
cab/Meshes/014_N2T2N_Grumpa.ANB	138924	ae4b682be438d34d4aab59fd593361a6
cab/Meshes/014_TurtleTalk.ANB	283560	2601b14a5a29d98f1e6a124eb9b60a86
cab/Meshes/014_TurtleWait.ANB	168984	a7080a11d024a8b759e5b56fa7f97672
cab/Meshes/015_N2J2N_Grumpa.amb	460	78cd9004eebc558c14f1d246b6b647e1
cab/Meshes/015_N2J2N_Grumpa.ANB	161508	9b8102e33aeb50c081e6750ee6e12c49
cab/Meshes/016_flyingbird01.ANB	77484	89f6849de51b11a368c7289ec2a20215
cab/Meshes/016_flyingbird02.ANB	77484	57adc667cc47fb56c5168a34a1ac1ea6
cab/Meshes/016_flyingbird03.ANB	77484	6d3723ef615c9476ffc8d356083f3ce6
cab/Meshes/016_Sharlakanskraken.atx	1925	63b076124cd746d7252130425b3674cb
cab/Meshes/016_W2J2N_Grumpa.amb	460	2289c24b14d3e2324b88a6a1a13a1bd5
cab/Meshes/016_W2J2N_Grumpa.ANB	161508	d0e86918c48865954db6c85d069fc708
cab/Meshes/017_flyingbird01.ANB	77484	2aa345d1adb8b74a44b55e7f6cd4bbc5
cab/Meshes/017_flyingbird02.ANB	77484	078866da4d5e80dd6b488253464b8156
cab/Meshes/017_HulkSharlakansKraken.atx	1150	62dcb7722d8c90cd5e5a8a2545d4f985
cab/Meshes/017_R2J2N_Grumpa.amb	604	4310e969136975bda277ba3153d0020b
cab/Meshes/017_R2J2N_Grumpa.ANB	206868	1dc83a90340d508a8a5ab78b2de7967a
cab/Meshes/018_N2A12N_Bear_with_Grumpa.amb	388	cb2e59919e4214a160ac038da5bdca20
cab/Meshes/018_N2A12N_Bear_with_Grumpa.ANB	251872	7c08774a2aec4e276d2ac60cde22d0a5
cab/Meshes/018_N2A12N_Captain.amb	724	07368650823f90c58cc786de11ef7e55
cab/Meshes/018_N2A12N_Captain.ANB	235740	4e3e59b96f625128cd752bbfaa5d6b3b
cab/Meshes/018_N2A12N_Crab.amb	196	74cacd7283584f343e7786ed7794a152
cab/Meshes/018_N2A12N_Crab.ANB	50476	d225e802c69ef4b0ad83a47bb8818f78
cab/Meshes/018_N2A12N_Crocodile.amb	436	1df28edc6934c48ad40345f906ea1ad7
cab/Meshes/018_N2A12N_Crocodile.ANB	99612	c811aaf36f257b85011cf5fb6ddaa6b8
cab/Meshes/018_N2A12N_CrocodilePirateBoss.amb	436	8c8463cd29cee1049e88f987515c1827
cab/Meshes/018_N2A12N_CrocodilePirateBoss.ANB	123524	960a28dd9bfa56cd0a0068b5c0a3e1c3
cab/Meshes/018_N2A12N_FoxyLady.amb	436	8197567797b6d7ea143e0b55cb60bbc1
cab/Meshes/018_N2A12N_FoxyLady.ANB	132808	927ee457492cccb69399741e9b1fef38
cab/Meshes/018_N2A12N_GiantOctopus.amb	460	4f173543f3f1eff70b88054ff9a1f534
cab/Meshes/018_N2A12N_GiantOctopus.ANB	82572	7f724bec7a1860a1bc073ecd9429d4f3
cab/Meshes/018_N2A12N_GiantScorpio.amb	364	732ac079c836659ae1ecddb02a9474a2
cab/Meshes/018_N2A12N_GiantScorpio.ANB	134596	ca47a344f90a28c7b88bb96fd92ab8dd
cab/Meshes/018_N2A12N_GiantSpider.amb	436	f6ddcbb8464bb334c4198ad11916b128
cab/Meshes/018_N2A12N_GiantSpider.ANB	120676	ca4dd637354b0f1b999078a856d0b3ea
cab/Meshes/018_N2A12N_gigantsnake1.amb	532	933f5b4e8d58d798d33d58c80800f4d0
cab/Meshes/018_N2A12N_gigantsnake1.ANB	100496	83e604866f66243e6ef8c6bc1a0e18a8
cab/Meshes/018_N2A12N_Golem.amb	436	6ddcbf7d0643d9524bd5c244975dc508
cab/Meshes/018_N2A12N_Golem.ANB	100892	ba4964c1ad010501dfa6486b7b9fe5bc
cab/Meshes/018_N2A12N_Grumpa.amb	436	e1c2d7a836a024aeaa3402c3257ce32f
cab/Meshes/018_N2A12N_Grumpa.ANB	153948	a69bc27270a58413d3acc1528fdc0e4b
cab/Meshes/018_N2A12N_HyenaBoss.amb	436	72ee917bb4f1e16627e3067a9bfafe4e
cab/Meshes/018_N2A12N_HyenaBoss.ANB	131576	dfff709cfd6fbda8d9b97a08944497e3
cab/Meshes/018_N2A12N_MonkeyChampion.amb	436	01cdbf302154e8e6dad9ba0621b4c4bd
cab/Meshes/018_N2A12N_MonkeyChampion.ANB	140636	ec2f627b1ca896f5136b7ef61d47b566
cab/Meshes/018_N2A12N_MonkeyChampionF.amb	436	01cdbf302154e8e6dad9ba0621b4c4bd
cab/Meshes/018_N2A12N_MonkeyChampionF.ANB	130468	f8a8a89f33d0d57edc305f01ed0581d7
cab/Meshes/018_N2A12N_Nosferatu.amb	316	4af76ff05f06f24a8182a65229a65fac
cab/Meshes/018_N2A12N_Nosferatu.ANB	83644	3c02371929cafb86213ab01c3551c472
cab/Meshes/018_N2A12N_Piranha.amb	196	f550949df9fb4d715e8b3a7a70f4dc6c
cab/Meshes/018_N2A12N_Piranha.ANB	31732	f8877f635621b9bb19d88c736d5bc23b
cab/Meshes/018_N2A12N_PirateDiver.amb	436	1c959bcc1c678c4b88d39c1c026eb453
cab/Meshes/018_N2A12N_PirateDiver.ANB	115876	8ac08c5d7653ebe8e7d846e2e727c497
cab/Meshes/018_N2A12N_PirateRat1.amb	484	9cc920c7aa6ed4bfc1ca23122bbcf778
cab/Meshes/018_N2A12N_PirateRat1.ANB	116668	45e9d77348e428a6f45924671a035936
cab/Meshes/018_N2A12N_PirateRat2.amb	484	9cc920c7aa6ed4bfc1ca23122bbcf778
cab/Meshes/018_N2A12N_PirateRat2.ANB	116668	45e9d77348e428a6f45924671a035936
cab/Meshes/018_N2A12N_PirateRat3.amb	484	9cc920c7aa6ed4bfc1ca23122bbcf778
cab/Meshes/018_N2A12N_PirateRat3.ANB	116668	45e9d77348e428a6f45924671a035936
cab/Meshes/018_N2A12N_PirateRatLeader_Blue.amb	436	d1b7b81c4c44f1431da1b8f3ea52e24d
cab/Meshes/018_N2A12N_PirateRatLeader_Blue.ANB	144000	4721929b36c57dec6147a86e20cd2942
cab/Meshes/018_N2A12N_PirateRatLeader_Red.amb	436	d1b7b81c4c44f1431da1b8f3ea52e24d
cab/Meshes/018_N2A12N_PirateRatLeader_Red.ANB	144000	4721929b36c57dec6147a86e20cd2942
cab/Meshes/018_N2A12N_Shark.amb	244	6021e4f047524b8cafbbe367744fbbb3
cab/Meshes/018_N2A12N_Shark.ANB	26944	41af3c694867616a48e8267883af0137
cab/Meshes/018_N2A12N_SharlakansHulk.amb	436	ccdc4fa6df059f9cabf5f4c9a65af90c
cab/Meshes/018_N2A12N_SharlakansHulk.ANB	125692	34e7b477dcf561ab7740fdba78b21679
cab/Meshes/018_N2A12N_SkeletonCaptain.amb	436	a31306084361327a2442e10f2c85b0ef
cab/Meshes/018_N2A12N_SkeletonCaptain.ANB	143796	32ebaaae671717a1f40072c415f58a94
cab/Meshes/018_N2A12N_SleepyRat.amb	484	34387c1f053de1d64a062c3b0da01bdd
cab/Meshes/018_N2A12N_SleepyRat.ANB	122128	b99a61f297512f7c2504d0c689de76e8
cab/Meshes/018_N2A12N_TurtlePirateBoss.amb	436	165e0b973709684717663566cc98bd7e
cab/Meshes/018_N2A12N_TurtlePirateBoss.ANB	106488	4a58aa5b45e6cfdbfc67bad033fe4d30
cab/Meshes/019_MonkeyChampion.atx	1119	1823f17f55896ec2b5bbf435fd061642
cab/Meshes/019_N2A22N_Bear_with_Grumpa.amb	388	eedbc11d78aa5618b1313072c15dbe3a
cab/Meshes/019_N2A22N_Bear_with_Grumpa.ANB	251872	9b0a299f842d2fb39606bf40b5b61a8a
cab/Meshes/019_N2A22N_Captain.amb	268	35c5d611584290e8ee5f7f7830898c0d
cab/Meshes/019_N2A22N_Captain.ANB	97572	9d06aeabbb016d9704acdef016c1abb6
cab/Meshes/019_N2A22N_Crab.amb	196	74cacd7283584f343e7786ed7794a152
cab/Meshes/019_N2A22N_Crab.ANB	50476	c9ebd7b1bb339450c8d694a3e4413617
cab/Meshes/019_N2A22N_Crocodile.amb	436	1df28edc6934c48ad40345f906ea1ad7
cab/Meshes/019_N2A22N_Crocodile.ANB	99612	c811aaf36f257b85011cf5fb6ddaa6b8
cab/Meshes/019_N2A22N_CrocodilePirateBoss.amb	436	62b98204f5d60c0f00047e3833359237
cab/Meshes/019_N2A22N_CrocodilePirateBoss.ANB	123524	1a9a7c84db5f8f69d7a5ede065cb89c1
cab/Meshes/019_N2A22N_FoxyLady.amb	436	3bcd3ef0a0fa2ea2bd39db91537d799c
cab/Meshes/019_N2A22N_FoxyLady.ANB	132808	49af8eb70ff88a4143f9b40fca4a82b9
cab/Meshes/019_N2A22N_GiantOctopus.amb	508	684bf7055b67a9e0bef4178afcc9dfb2
cab/Meshes/019_N2A22N_GiantOctopus.ANB	90252	823728e172ed1a46d8b8f3469e04d6c2
cab/Meshes/019_N2A22N_GiantScorpio.amb	244	eeb02224eb1c0bcf0e22a5c6d086040f
cab/Meshes/019_N2A22N_GiantScorpio.ANB	96076	9c3ecc375b43e8f89968e5649610ab65
cab/Meshes/019_N2A22N_GiantSpider.amb	508	bfb8fbeb5007f0761ae113f5b51695bf
cab/Meshes/019_N2A22N_GiantSpider.ANB	138532	f2a1155672a3a7c84cf973f98c5ded00
cab/Meshes/019_N2A22N_gigantsnake1.amb	532	933f5b4e8d58d798d33d58c80800f4d0
cab/Meshes/019_N2A22N_gigantsnake1.ANB	100496	9e2a547f9909151eec194da087d693c8
cab/Meshes/019_N2A22N_Golem.amb	436	13e72276d5b42598c326cf00ad925ad1
cab/Meshes/019_N2A22N_Golem.ANB	100892	678ccb25624bbcb824a99142c30cf8d2
cab/Meshes/019_N2A22N_Grumpa.amb	364	67d3c47aefac6ecf2d8af761ee8dc23e
cab/Meshes/019_N2A22N_Grumpa.ANB	131268	0aa552254c4d83ee0f6451f09c5e284c
cab/Meshes/019_N2A22N_HyenaBoss.amb	436	8392457e3c47d1263ef720de017b1701
cab/Meshes/019_N2A22N_HyenaBoss.ANB	131576	63765edcc8a35a8a348cef169a2ce833
cab/Meshes/019_N2A22N_MonkeyChampion.amb	436	271c561eed9c870782a098a931b81d0d
cab/Meshes/019_N2A22N_MonkeyChampion.ANB	140636	491603ae368940c624bab64996a1461f
cab/Meshes/019_N2A22N_MonkeyChampionF.amb	436	271c561eed9c870782a098a931b81d0d
cab/Meshes/019_N2A22N_MonkeyChampionF.ANB	130468	8ff08f4d3496434d1b9dcd7edc27d6df
cab/Meshes/019_N2A22N_Piranha.amb	196	f550949df9fb4d715e8b3a7a70f4dc6c
cab/Meshes/019_N2A22N_Piranha.ANB	31732	93ed7e3a0e0613a62b93cf4f411e8fa9
cab/Meshes/019_N2A22N_PirateDiver.amb	436	0c0c8603e3829badea00544002c5c54e
cab/Meshes/019_N2A22N_PirateDiver.ANB	115876	f4ffa0f5d7500777ac220b8f83642c29
cab/Meshes/019_N2A22N_PirateRat1.amb	844	73777a9e840aec53e3f4921e099e168a
cab/Meshes/019_N2A22N_PirateRat1.ANB	198388	1763cdd04f0f860660bd834c43e12a18
cab/Meshes/019_N2A22N_PirateRat2.amb	844	73777a9e840aec53e3f4921e099e168a
cab/Meshes/019_N2A22N_PirateRat2.ANB	198388	1763cdd04f0f860660bd834c43e12a18
cab/Meshes/019_N2A22N_PirateRat3.amb	844	73777a9e840aec53e3f4921e099e168a
cab/Meshes/019_N2A22N_PirateRat3.ANB	198388	1763cdd04f0f860660bd834c43e12a18
cab/Meshes/019_N2A22N_PirateRatLeader_Blue.amb	436	307ace2a543969213d9e320c3a5f4473
cab/Meshes/019_N2A22N_PirateRatLeader_Blue.ANB	144000	dfb87e7a4d3e0efd5cafaadd465e4e7b
cab/Meshes/019_N2A22N_PirateRatLeader_Red.amb	436	307ace2a543969213d9e320c3a5f4473
cab/Meshes/019_N2A22N_PirateRatLeader_Red.ANB	144000	dfb87e7a4d3e0efd5cafaadd465e4e7b
cab/Meshes/019_N2A22N_Shark.amb	220	13e68fbddabe71c38c096a6762a69275
cab/Meshes/019_N2A22N_Shark.ANB	24736	8bba41da1e3cf0779335880b8fac539e
cab/Meshes/019_N2A22N_SharlakansHulk.amb	436	fd098e03ab7e31cb63116a6fda95eacb
cab/Meshes/019_N2A22N_SharlakansHulk.ANB	125692	6849f426ffd132acde34314de4aab5c0
cab/Meshes/019_N2A22N_SkeletonCaptain.amb	412	281db161f10c4d757f5944573f38be66
cab/Meshes/019_N2A22N_SkeletonCaptain.ANB	136764	91f7e2bc7370e96b6b9d4b0368839750
cab/Meshes/019_N2A22N_SleepyRat.amb	844	fed5704d324ea9584ce38f3db515d265
cab/Meshes/019_N2A22N_SleepyRat.ANB	203848	aee9344fda943bb017d5dfea4e1f7f5a
cab/Meshes/019_N2A22N_TurtlePirateBoss.amb	436	3e3b880bd7bf5246c16a377f4adb9dfc
cab/Meshes/019_N2A22N_TurtlePirateBoss.ANB	106488	9385cc035da06d064ef23fbb0e225115
cab/Meshes/020_N2A32N_Bear_with_Grumpa.amb	388	69a4a367d44bdd2e67b48a3820b3523b
cab/Meshes/020_N2A32N_Bear_with_Grumpa.ANB	251872	4cdf885a1463258fd77eeeb11d167401
cab/Meshes/020_N2A32N_Captain.amb	532	ba7395350859df5136bc4cd4ed5e87d9
cab/Meshes/020_N2A32N_Captain.ANB	177564	460eaf805caa854127673b427b9d72d1
cab/Meshes/020_N2A32N_Crab.amb	196	74cacd7283584f343e7786ed7794a152
cab/Meshes/020_N2A32N_Crab.ANB	50476	b1bf6b2b0352760dc1da33876fdb23d3
cab/Meshes/020_N2A32N_Crocodile.amb	436	1df28edc6934c48ad40345f906ea1ad7
cab/Meshes/020_N2A32N_Crocodile.ANB	99612	c811aaf36f257b85011cf5fb6ddaa6b8
cab/Meshes/020_N2A32N_CrocodilePirateBoss.amb	436	0a471c317760ad1727e077c954e295f3
cab/Meshes/020_N2A32N_CrocodilePirateBoss.ANB	123524	acd54c519d5974bf5fef837a8eb6d587
cab/Meshes/020_N2A32N_FoxyLady.amb	436	3bcd3ef0a0fa2ea2bd39db91537d799c
cab/Meshes/020_N2A32N_FoxyLady.ANB	132808	49af8eb70ff88a4143f9b40fca4a82b9
cab/Meshes/020_N2A32N_GiantOctopus.amb	508	684bf7055b67a9e0bef4178afcc9dfb2
cab/Meshes/020_N2A32N_GiantOctopus.ANB	90252	06916a4f4c345fb5c429a67af7d77fc3
cab/Meshes/020_N2A32N_GiantScorpio.amb	244	eeb02224eb1c0bcf0e22a5c6d086040f
cab/Meshes/020_N2A32N_GiantScorpio.ANB	96076	acf785201cbad2d3178cb74b8fb829e4
cab/Meshes/020_N2A32N_GiantSpider.amb	364	04b4e612f4e85d23b2ce01c05b4eeb9c
cab/Meshes/020_N2A32N_GiantSpider.ANB	102820	3942b03ca522b463ac82fc31ab9bef65
cab/Meshes/020_N2A32N_gigantsnake1.amb	532	933f5b4e8d58d798d33d58c80800f4d0
cab/Meshes/020_N2A32N_gigantsnake1.ANB	100496	cf59752d49d8591e81050e191e9d0e9e
cab/Meshes/020_N2A32N_Golem.amb	436	0b91f8a91a2dc16b61261bd0c9af9414
cab/Meshes/020_N2A32N_Golem.ANB	100892	3bd4825547a4b96c3dae45e3fb2c5835
cab/Meshes/020_N2A32N_Grumpa.amb	340	8f879aaffdebfe373e1dfb76ed38c774
cab/Meshes/020_N2A32N_Grumpa.ANB	123708	82f5b9f446043bf4fec80509f775629e
cab/Meshes/020_N2A32N_HyenaBoss.amb	436	0eb4aba0bb765b59b93374b2462f8ed7
cab/Meshes/020_N2A32N_HyenaBoss.ANB	131576	b22699c46b74406265738fe6251bb425
cab/Meshes/020_N2A32N_MonkeyChampion.amb	436	e04f796f9f2bc96bb42f8faa59b85108
cab/Meshes/020_N2A32N_MonkeyChampion.ANB	140636	7dc5d4aa072880eae93ed13dcaf50c38
cab/Meshes/020_N2A32N_MonkeyChampionF.amb	436	e04f796f9f2bc96bb42f8faa59b85108
cab/Meshes/020_N2A32N_MonkeyChampionF.ANB	130468	4f7396e1b4106e548fc7221b1b4906a8
cab/Meshes/020_N2A32N_Piranha.amb	196	f550949df9fb4d715e8b3a7a70f4dc6c
cab/Meshes/020_N2A32N_Piranha.ANB	31732	ab19cc266b33b8b2165085badd1ca217
cab/Meshes/020_N2A32N_PirateDiver.amb	388	7388760b36ae2e2324cd46417b88d267
cab/Meshes/020_N2A32N_PirateDiver.ANB	104692	19a969c77546e749a8489095a5f7053c
cab/Meshes/020_N2A32N_PirateRat1.amb	676	ee6a8076b988d50534b645ea6d550b9f
cab/Meshes/020_N2A32N_PirateRat1.ANB	160252	a394df03225035f36d1f83de9fcf453e
cab/Meshes/020_N2A32N_PirateRat2.amb	676	ee6a8076b988d50534b645ea6d550b9f
cab/Meshes/020_N2A32N_PirateRat2.ANB	160252	a394df03225035f36d1f83de9fcf453e
cab/Meshes/020_N2A32N_PirateRat3.amb	676	ee6a8076b988d50534b645ea6d550b9f
cab/Meshes/020_N2A32N_PirateRat3.ANB	160252	a394df03225035f36d1f83de9fcf453e
cab/Meshes/020_N2A32N_PirateRatLeader_Blue.amb	436	9a140de292f3ca60dbbe5b46f66c0144
cab/Meshes/020_N2A32N_PirateRatLeader_Blue.ANB	144000	eb1ad753cb5291de105cb5bba784d820
cab/Meshes/020_N2A32N_PirateRatLeader_Red.amb	436	9a140de292f3ca60dbbe5b46f66c0144
cab/Meshes/020_N2A32N_PirateRatLeader_Red.ANB	144000	eb1ad753cb5291de105cb5bba784d820
cab/Meshes/020_N2A32N_Shark.amb	172	e2e860735683c48ecb1be400ad6a8a31
cab/Meshes/020_N2A32N_Shark.ANB	20320	25b6e8b92c4f01f4612b4fbdd7aa11eb
cab/Meshes/020_N2A32N_SharlakansHulk.amb	436	3963ea527f7bdb5919811d2a146e1297
cab/Meshes/020_N2A32N_SharlakansHulk.ANB	125692	ed82aa06a9f7b1879c44a28e445fbfa8
cab/Meshes/020_N2A32N_SkeletonCaptain.amb	436	06829fe3e6a7b24cd9975c715cd9d518
cab/Meshes/020_N2A32N_SkeletonCaptain.ANB	143796	a0cb41fc718cdc4765e50b2937479d25
cab/Meshes/020_N2A32N_SleepyRat.amb	676	62803410cea8bae13679b6ffbd76c862
cab/Meshes/020_N2A32N_SleepyRat.ANB	165712	34e2b39bcc7e9035105e964a3d21a1dd
cab/Meshes/020_N2A32N_TurtlePirateBoss.amb	436	af0bb3c63a05bcd9d346d13d51c271d9
cab/Meshes/020_N2A32N_TurtlePirateBoss.ANB	106488	009b53b9255a45e645c446d97acad68a
cab/Meshes/020_WaterGolem.atx	942	410980129cd7207e88e94ada7175fc9a
cab/Meshes/021_DragonFly.atx	583	e6ae16625ecc02c84ea5398a0f85c453
cab/Meshes/021_N2D2N_Bear_with_Grumpa.amb	484	c668c0692b0911555ee9ac56ca398438
cab/Meshes/021_N2D2N_Bear_with_Grumpa.ANB	306304	43dd57535d87f98c3ff8530df41c4dd7
cab/Meshes/021_N2D2N_Captain.amb	604	933c551d2f5dfd9a2f6fd5ee060b9799
cab/Meshes/021_N2D2N_Captain.ANB	199380	b798b411c8c6000a1a8668678cbdcbe8
cab/Meshes/021_N2D2N_Crab.amb	196	98cb9e590f0e950ab7b3ccab2da55b24
cab/Meshes/021_N2D2N_Crab.ANB	50476	2ab2dd4f2cff7bf1883ea18c13d5d36f
cab/Meshes/021_N2D2N_Crocodile.amb	292	ee652eddffb1bb53f3fbe71c8483cd8f
cab/Meshes/021_N2D2N_Crocodile.ANB	70236	058c401f4301a14e8755317a3198cdb1
cab/Meshes/021_N2D2N_CrocodilePirateBoss.amb	292	ee23202d7e07b9e65c4d00f19de6401b
cab/Meshes/021_N2D2N_CrocodilePirateBoss.ANB	87524	c44d6fc5888901bdece92ef4213ce8cb
cab/Meshes/021_N2D2N_FoxyLady.amb	292	0baba4bca144e3132b1fcc1dd5434bb1
cab/Meshes/021_N2D2N_FoxyLady.ANB	93784	14ae819bf6cc09196b7823c55e1432ea
cab/Meshes/021_N2D2N_GiantOctopus.amb	244	0510457f971cfddef94441dc1237873a
cab/Meshes/021_N2D2N_GiantOctopus.ANB	47996	c0fa30895167885f8a1ef8d7eb54931c
cab/Meshes/021_N2D2N_GiantScorpio.amb	28	ff0d5c5fbfe2afc65227233ecac615c8
cab/Meshes/021_N2D2N_GiantScorpio.ANB	26740	a21a9ca4ea6746a045ef0fd79b8dcd2e
cab/Meshes/021_N2D2N_GiantSpider.amb	340	d9145e52baa985d0c0419a03e435bbdc
cab/Meshes/021_N2D2N_GiantSpider.ANB	96772	3acb577f119de6bee84c20f1e23d27a1
cab/Meshes/021_N2D2N_gigantsnake1.amb	364	99c22735a9e115d85906a1d9d9cd0c28
cab/Meshes/021_N2D2N_gigantsnake1.ANB	68132	2ab666c19813171924379ad4fefdea36
cab/Meshes/021_N2D2N_Golem.amb	292	4d9739bb6fc752afd3e3ce380ac0312b
cab/Meshes/021_N2D2N_Golem.ANB	71372	61835d275e5cbb867ad8cd9baf47adc3
cab/Meshes/021_N2D2N_Grumpa.amb	580	6de655bafcf5eb87f1cd74ce1c8af6c2
cab/Meshes/021_N2D2N_Grumpa.ANB	199308	e158b4505abe735c31a1baceec341420
cab/Meshes/021_N2D2N_HyenaBoss.amb	436	0eb4aba0bb765b59b93374b2462f8ed7
cab/Meshes/021_N2D2N_HyenaBoss.ANB	131576	b22699c46b74406265738fe6251bb425
cab/Meshes/021_N2D2N_MonkeyChampion.amb	292	47e44ce5cca6167777ad2446901bbbd8
cab/Meshes/021_N2D2N_MonkeyChampion.ANB	102332	01a2e621c7e51b892b5c6e8dec74cf11
cab/Meshes/021_N2D2N_MonkeyChampionF.amb	292	47e44ce5cca6167777ad2446901bbbd8
cab/Meshes/021_N2D2N_MonkeyChampionF.ANB	92164	83b3a4e9ed9b41f4d115b8d1aca66169
cab/Meshes/021_N2D2N_Piranha.amb	388	da77f9f757a2dbb77a41a75ff669ba6a
cab/Meshes/021_N2D2N_Piranha.ANB	57076	9f1c4a4e9b1687c5315fff07cb3596b9
cab/Meshes/021_N2D2N_PirateDiver.amb	292	d9bf63933b77d4192796cf83bbc2d4ad
cab/Meshes/021_N2D2N_PirateDiver.ANB	82324	3bc0cb3f7070a63c8d53370edcb72f65
cab/Meshes/021_N2D2N_PirateRat1.amb	436	afaf0253b46e1ee1b66455c405b5b351
cab/Meshes/021_N2D2N_PirateRat1.ANB	105772	01154684274e32982a794185769cb47e
cab/Meshes/021_N2D2N_PirateRat2.amb	436	afaf0253b46e1ee1b66455c405b5b351
cab/Meshes/021_N2D2N_PirateRat2.ANB	105772	01154684274e32982a794185769cb47e
cab/Meshes/021_N2D2N_PirateRat3.amb	436	afaf0253b46e1ee1b66455c405b5b351
cab/Meshes/021_N2D2N_PirateRat3.ANB	105772	01154684274e32982a794185769cb47e
cab/Meshes/021_N2D2N_PirateRatLeader_Blue.amb	292	70149881adec176fbcb1966ddb1990a8
cab/Meshes/021_N2D2N_PirateRatLeader_Blue.ANB	101520	d3b828f0a7dc45f319cde5c361d545fc
cab/Meshes/021_N2D2N_PirateRatLeader_Red.amb	292	70149881adec176fbcb1966ddb1990a8
cab/Meshes/021_N2D2N_PirateRatLeader_Red.ANB	101520	d3b828f0a7dc45f319cde5c361d545fc
cab/Meshes/021_N2D2N_Shark.amb	364	60ec0ce625213512be256abdcdf2d8a4
cab/Meshes/021_N2D2N_Shark.ANB	37984	c9283cc0837808eecfb9306254f237fe
cab/Meshes/021_N2D2N_SharlakansHulk.amb	292	e9a225ccac4c929ed7ec91572008baf8
cab/Meshes/021_N2D2N_SharlakansHulk.ANB	91708	762a30b4f1680eeb872712646cff9bd6
cab/Meshes/021_N2D2N_SkeletonCaptain.amb	292	aaa1354e25d7030a9fd3443f8e7dcce5
cab/Meshes/021_N2D2N_SkeletonCaptain.ANB	101604	e6f5efb1bf8a2a2a7640091fa4ab79e1
cab/Meshes/021_N2D2N_SleepyRat.amb	436	942e38a22b5050a8d6faa351b1fa308c
cab/Meshes/021_N2D2N_SleepyRat.ANB	111232	83f316c6db3bc56046d37919bf8edb02
cab/Meshes/021_N2D2N_TurtlePirateBoss.amb	292	fb1b7e29f3efbf24a2ae13044c742322
cab/Meshes/021_N2D2N_TurtlePirateBoss.ANB	75240	b1c2505076168472533483764a3075d6
cab/Meshes/022_Earth Golem.atx	951	d52d5befaaf6d1527b9755ee101dd5f7
cab/Meshes/022_N2U2N_Grumpa.amb	388	ec8c2d72a4abd7697db57af9f22be715
cab/Meshes/022_N2U2N_Grumpa.ANB	138924	dc3392497dd6aaea798281833a72e10e
cab/Meshes/023_N2H2N_Bear_with_Grumpa.amb	724	ffd7513b4ba17321f6f7e903c6fc14f2
cab/Meshes/023_N2H2N_Bear_with_Grumpa.ANB	442384	8b4c9625bd79daa5cd5d10893b0848df
cab/Meshes/023_N2H2N_Captain.amb	364	2ebb49d1a905587d01cc7c94981d5f94
cab/Meshes/023_N2H2N_Captain.ANB	126660	6cfd6759749cfc76a73c5b3b39aa02d9
cab/Meshes/023_N2H2N_Crocodile.amb	124	8bf9fbb5b0987e2998107ab4b41bd403
cab/Meshes/023_N2H2N_Crocodile.ANB	35964	35d9cabee7865b624f2f647a7472bfb4
cab/Meshes/023_N2H2N_CrocodilePirateBoss.amb	196	74cacd7283584f343e7786ed7794a152
cab/Meshes/023_N2H2N_CrocodilePirateBoss.ANB	63524	effb2d597fb89746fb3e3a0ff962e021
cab/Meshes/023_N2H2N_FoxyLady.amb	196	06754719c793255cda191c05494e0b62
cab/Meshes/023_N2H2N_FoxyLady.ANB	67768	c44b6da0277b38e9f35c5817945fa7de
cab/Meshes/023_N2H2N_GiantOctopus.amb	244	0510457f971cfddef94441dc1237873a
cab/Meshes/023_N2H2N_GiantOctopus.ANB	47996	6eb72c47d0f8a9ce67510687af920e79
cab/Meshes/023_N2H2N_GiantScorpio.amb	148	a260fdc1181a70b61c82182771c48bfb
cab/Meshes/023_N2H2N_GiantScorpio.ANB	65260	357cc8726a2dd3405938a4392648b3f7
cab/Meshes/023_N2H2N_GiantSpider.amb	340	d9145e52baa985d0c0419a03e435bbdc
cab/Meshes/023_N2H2N_GiantSpider.ANB	96772	50644446657a015cce7dc32b9ec26daf
cab/Meshes/023_N2H2N_gigantsnake1.amb	148	17ff877c508364166e9694614164349e
cab/Meshes/023_N2H2N_gigantsnake1.ANB	33140	affe5e6b98c256cf330562dce5051aee
cab/Meshes/023_N2H2N_Golem.amb	196	cd7c4bbf115e2b1805bc1e01645d766e
cab/Meshes/023_N2H2N_Golem.ANB	51620	6b3b2f9cb9cbb31c7be72c96567363e3
cab/Meshes/023_N2H2N_Grumpa.amb	436	06ff2accc0865b6091eb5c3c2bc36159
cab/Meshes/023_N2H2N_Grumpa.ANB	153948	3e3c5ba92a92ac0e9b3479be7a09c8ff
cab/Meshes/023_N2H2N_HyenaBoss.amb	196	d5fee0142d6ba8078326ef26b4d96687
cab/Meshes/023_N2H2N_HyenaBoss.ANB	67256	160206c634ec337bbd7b2f74e10aff55
cab/Meshes/023_N2H2N_MonkeyChampion.amb	196	0bce4c81082838d03f99ec2d1893fe9f
cab/Meshes/023_N2H2N_MonkeyChampion.ANB	76796	709ba9bab74a6b580622bbc7ae561e3a
cab/Meshes/023_N2H2N_MonkeyChampionF.amb	196	0bce4c81082838d03f99ec2d1893fe9f
cab/Meshes/023_N2H2N_MonkeyChampionF.ANB	76796	709ba9bab74a6b580622bbc7ae561e3a
cab/Meshes/023_N2H2N_Piranha.amb	388	da77f9f757a2dbb77a41a75ff669ba6a
cab/Meshes/023_N2H2N_Piranha.ANB	57076	c746e1c7de590334085c298a80babb6b
cab/Meshes/023_N2H2N_PirateDiver.amb	196	92bf3aa64f52dc8891a57e50d503a1f1
cab/Meshes/023_N2H2N_PirateDiver.ANB	59956	0e624af9e989e793fd5f6c9df609d2fe
cab/Meshes/023_N2H2N_PirateRat1.amb	724	3d32231731e7d126648aaade07256047
cab/Meshes/023_N2H2N_PirateRat1.ANB	171148	39842d8b4f65ae1f9908e87ceba24be4
cab/Meshes/023_N2H2N_PirateRat2.amb	724	3d32231731e7d126648aaade07256047
cab/Meshes/023_N2H2N_PirateRat2.ANB	171148	39842d8b4f65ae1f9908e87ceba24be4
cab/Meshes/023_N2H2N_PirateRat3.amb	724	3d32231731e7d126648aaade07256047
cab/Meshes/023_N2H2N_PirateRat3.ANB	171148	39842d8b4f65ae1f9908e87ceba24be4
cab/Meshes/023_N2H2N_PirateRatLeader_Blue.amb	196	c2e3d6c6e1b4fcdfbe9fd2c12d2e7a2d
cab/Meshes/023_N2H2N_PirateRatLeader_Blue.ANB	73200	d484f9ac7e888eb2c4e8baeea7fc241f
cab/Meshes/023_N2H2N_PirateRatLeader_Red.amb	196	c2e3d6c6e1b4fcdfbe9fd2c12d2e7a2d
cab/Meshes/023_N2H2N_PirateRatLeader_Red.ANB	73200	d484f9ac7e888eb2c4e8baeea7fc241f
cab/Meshes/023_N2H2N_Shark.amb	244	381fd9774925dd9afb35ddbe72982058
cab/Meshes/023_N2H2N_Shark.ANB	26944	de1eb3cdccd7e7f114fe4e03436a98de
cab/Meshes/023_N2H2N_SharlakansHulk.amb	196	a2989939cefb37d56e1ce917c402fcf7
cab/Meshes/023_N2H2N_SharlakansHulk.ANB	69052	fcdc3eb5224f949d932dd8e91df38bd7
cab/Meshes/023_N2H2N_SkeletonCaptain.amb	196	c0518ff17525db8bf0618bbee7d02ce1
cab/Meshes/023_N2H2N_SkeletonCaptain.ANB	73476	d798d67b5b5398960aa501581d2d883b
cab/Meshes/023_N2H2N_SleepyRat.amb	724	865fbd90a7c9405b9c3772404b46536f
cab/Meshes/023_N2H2N_SleepyRat.ANB	176608	85e442dac844bbeeba975f311bddd475
cab/Meshes/023_N2H2N_TurtlePirateBoss.amb	196	d58e21077fdedf9b214683e3a9301210
cab/Meshes/023_N2H2N_TurtlePirateBoss.ANB	54408	67f53c6111b1308db476224953af0ce6
cab/Meshes/024_Pirate Parrot.atx	1914	213ff380217496ef3a2f5f626222f39f
cab/Meshes/025_StoneGolem.atx	920	683666789956bb1438b035d30c289b6c
cab/Meshes/026_Foxy Lady.atx	1909	c940783d97fba6695c5ba97e44ef88f0
cab/Meshes/027_Boat.atx	608	e968942cda6bc0117d7cfdb28c5dee20
cab/Meshes/028_Bear.atx	526	503b90dc84cb5fe32a70c17712759ba0
cab/Meshes/030_PirateRat1.atx	1185	b51a38cc974dcd9afa437fc85ff4a662
cab/Meshes/030_summonedgolem.ANB	110660	b4374b3c6f16055d1f0040c72d2b4d03
cab/Meshes/031_PirateRat2.atx	1181	7735900ed1129298fe63dba0f3004230
cab/Meshes/031_S01_Bear_with_Grumpa.amb	196	74cacd7283584f343e7786ed7794a152
cab/Meshes/031_S01_Bear_with_Grumpa.ANB	143008	900dfa14ea4cebfe65856d1f222113ed
cab/Meshes/031_S01_Captain.amb	292	b9d889c524a19f049ebe417218e539bf
cab/Meshes/031_S01_Captain.ANB	104844	2395e53feb16f53cc60c98938eca2589
cab/Meshes/031_S01_FoxyLady.amb	196	bc6e0716b56acfb70bf8944f36024242
cab/Meshes/031_S01_FoxyLady.ANB	67768	e2169b2ebd15f91723598dd7e849e700
cab/Meshes/031_S01_Golem.amb	196	5896da049fae6c368c8d313bd669f6b3
cab/Meshes/031_S01_Golem.ANB	51620	b7f0f7591866628ca17208eb8de35730
cab/Meshes/031_S01_Grumpa.amb	100	7a2957de191ccc0595effbb18b1027d2
cab/Meshes/031_S01_Grumpa.ANB	48108	521196bbf705505d66fee56b6caae3e3
cab/Meshes/031_S01_GrumpaSeahorse.amb	220	540d9ecae46bc10ee47a8d3f745e71f1
cab/Meshes/031_S01_GrumpaSeahorse.ANB	116096	055cdc6db51590982d7341ad1bba3505
cab/Meshes/031_S01_MonkeyChampion.amb	196	4ee32433f9ee858984c8c0cd2d7400ba
cab/Meshes/031_S01_MonkeyChampion.ANB	66532	f6bb6558df87e9a81822a5357077f514
cab/Meshes/031_S01_MonkeyChampionF.amb	196	4ee32433f9ee858984c8c0cd2d7400ba
cab/Meshes/031_S01_MonkeyChampionF.ANB	66564	9070fe68bb87442413ff25df1781b461
cab/Meshes/031_S01_PirateRat1.amb	244	988fa6d8a9036fc48576b93838f726f8
cab/Meshes/031_S01_PirateRat1.ANB	62188	bc03ce3057a13b2ad2e5a58b1f64d1eb
cab/Meshes/031_S01_PirateRat2.amb	244	988fa6d8a9036fc48576b93838f726f8
cab/Meshes/031_S01_PirateRat2.ANB	62188	bc03ce3057a13b2ad2e5a58b1f64d1eb
cab/Meshes/031_S01_PirateRat3.amb	244	988fa6d8a9036fc48576b93838f726f8
cab/Meshes/031_S01_PirateRat3.ANB	62188	bc03ce3057a13b2ad2e5a58b1f64d1eb
cab/Meshes/031_S01_SharlakansHulk.amb	196	74cacd7283584f343e7786ed7794a152
cab/Meshes/031_S01_SharlakansHulk.ANB	58948	4958cc97d767bb80bed5a782fa5d8cd0
cab/Meshes/031_S01_Sharlakanskraken.amb	76	331007cec72c72f8f21d75e4b9c878fe
cab/Meshes/031_S01_Sharlakanskraken.ANB	31224	73589a0893772197b791f97ff647a388
cab/Meshes/031_S01_SleepyRat.amb	244	7bb78dbf0c8645ff6929a558d6b4ea39
cab/Meshes/031_S01_SleepyRat.ANB	67648	5a42fb0b2d1246256a523d3c2823580a
cab/Meshes/032_PirateRat3.atx	1144	1f97af4590b65d4999ff1e79981423f8
cab/Meshes/032_S02_Bear_with_Grumpa.amb	2020	41d6997ac48c0e6d1f9ce65e5d9bc6c2
cab/Meshes/032_S02_Bear_with_Grumpa.ANB	1177216	0f05bbcc47ffc90b16be5b036e33aab9
cab/Meshes/032_S02_Captain.amb	1444	f65c3915f9024785bb052ba52561cdc2
cab/Meshes/032_S02_Captain.ANB	453900	4b5975a9f8ecbd0036f009d61c9d91ce
cab/Meshes/032_S02_FoxyLady.amb	2020	ec9fafcaa53c86d6add02b420d274841
cab/Meshes/032_S02_FoxyLady.ANB	562072	1dd0932c46fc9a8c54af42cc29a5b936
cab/Meshes/032_S02_Golem.amb	2020	38ac410719b362fa6eb4210de445cfa8
cab/Meshes/032_S02_Golem.ANB	425540	bd33a1bfd411039a2fdd4b5d0c4adc97
cab/Meshes/032_S02_Grumpa.amb	1948	6de32f65846bc78659533f1d8fa03a9d
cab/Meshes/032_S02_Grumpa.ANB	630228	f5e211a869adc5d5c7e6901b7e74bf28
cab/Meshes/032_S02_GrumpaSeahorse.amb	1036	ac5ed6231b4b418bcbe6c73f2593ea47
cab/Meshes/032_S02_GrumpaSeahorse.ANB	464528	bf35e94dcc1661dcbfc29d3670c057c5
cab/Meshes/032_S02_MonkeyChampion.amb	1540	37295a58971af0141abcd559fb6f5cd1
cab/Meshes/032_S02_MonkeyChampion.ANB	424036	36cff14eae7c626c3aa05b2c19ad0ab1
cab/Meshes/032_S02_MonkeyChampionF.amb	1540	37295a58971af0141abcd559fb6f5cd1
cab/Meshes/032_S02_MonkeyChampionF.ANB	424068	285322bfe298498a42e5f5b4d5b9444e
cab/Meshes/032_S02_PirateRat1.amb	1324	843e5ec1bb566dce77802bb725ee2279
cab/Meshes/032_S02_PirateRat1.ANB	307348	889503ecbfb302ce2564e1ec00b3e48d
cab/Meshes/032_S02_PirateRat2.amb	1324	843e5ec1bb566dce77802bb725ee2279
cab/Meshes/032_S02_PirateRat2.ANB	307348	889503ecbfb302ce2564e1ec00b3e48d
cab/Meshes/032_S02_PirateRat3.amb	1324	843e5ec1bb566dce77802bb725ee2279
cab/Meshes/032_S02_PirateRat3.ANB	307348	889503ecbfb302ce2564e1ec00b3e48d
cab/Meshes/032_S02_SharlakansHulk.amb	2020	231b4593e24c2b6e800718107cac6156
cab/Meshes/032_S02_SharlakansHulk.ANB	489412	3f673f96904affc5626bd1c987a926f7
cab/Meshes/032_S02_Sharlakanskraken.amb	580	0ead0ee2d1d307f97ce3bca16dfd3822
cab/Meshes/032_S02_Sharlakanskraken.ANB	153696	ea78a88deb41f80474f95538c947fdcf
cab/Meshes/032_S02_SleepyRat.amb	1324	1aaaf10f01fab059a87b77ebb4f04cc3
cab/Meshes/032_S02_SleepyRat.ANB	312808	e9fbe14c3cc3ad131306af3f343e5f87
cab/Meshes/033_flyingbird01.ANB	77484	7947584fc4616121fba7fdbf98c4480b
cab/Meshes/033_flyingbird02.ANB	77484	3f883f23fed949dfa283cfffee501919
cab/Meshes/033_GiantSnake1.atx	1025	8ef236249baf4bb5d018624d21386387
cab/Meshes/033_S03_Bear_with_Grumpa.amb	196	fbff316eaeb76a6d3405fe604f38fd5a
cab/Meshes/033_S03_Bear_with_Grumpa.ANB	143008	b6328f92d9daaf1905d06bb66c58546d
cab/Meshes/033_S03_Captain.amb	292	e6363c22ab9c94dce71acc75d55096d1
cab/Meshes/033_S03_Captain.ANB	104844	d02deda8cc02db13b2741526bbfe0db1
cab/Meshes/033_S03_FoxyLady.amb	196	95e19f2772d3a5fd9e299b5ebe9c3bfb
cab/Meshes/033_S03_FoxyLady.ANB	67768	25d5b613231f3b34cbde4bb9d1e77557
cab/Meshes/033_S03_Golem.amb	196	74cacd7283584f343e7786ed7794a152
cab/Meshes/033_S03_Golem.ANB	51620	ad384ff9070ae174e2e492af3e2cd7d1
cab/Meshes/033_S03_Grumpa.amb	100	7a2957de191ccc0595effbb18b1027d2
cab/Meshes/033_S03_Grumpa.ANB	48108	9a94479b5a478c489bcaec40d6802c6a
cab/Meshes/033_S03_GrumpaSeahorse.amb	196	f370ab10a970d2f7ed060e6de540d2f3
cab/Meshes/033_S03_GrumpaSeahorse.ANB	105848	510d9944738b4b8f0cd21283ac96ad83
cab/Meshes/033_S03_MonkeyChampion.amb	196	f11d5b6ed3ef5e1ea451899922c5a812
cab/Meshes/033_S03_MonkeyChampion.ANB	66532	a1567759b49017de3addd4a87128a7a1
cab/Meshes/033_S03_MonkeyChampionF.amb	196	f11d5b6ed3ef5e1ea451899922c5a812
cab/Meshes/033_S03_MonkeyChampionF.ANB	66564	4547eabc88fb261783fb0d768f5c44e9
cab/Meshes/033_S03_PirateRat1.amb	244	67184837aa4f9fd45df370d9f29d72d5
cab/Meshes/033_S03_PirateRat1.ANB	62188	317351998083b3592e9c2f22538d9fcf
cab/Meshes/033_S03_PirateRat2.amb	244	67184837aa4f9fd45df370d9f29d72d5
cab/Meshes/033_S03_PirateRat2.ANB	62188	317351998083b3592e9c2f22538d9fcf
cab/Meshes/033_S03_PirateRat3.amb	244	67184837aa4f9fd45df370d9f29d72d5
cab/Meshes/033_S03_PirateRat3.ANB	62188	317351998083b3592e9c2f22538d9fcf
cab/Meshes/033_S03_SharlakansHulk.amb	196	74cacd7283584f343e7786ed7794a152
cab/Meshes/033_S03_SharlakansHulk.ANB	58948	1919b3fdb96c99f5fa3be7bb0078cc07
cab/Meshes/033_S03_Sharlakanskraken.amb	100	5a7d5f3d74349af35dc97977b6ee34bf
cab/Meshes/033_S03_Sharlakanskraken.ANB	37056	febc4dc4a7cf16183b37018d6cc9f46c
cab/Meshes/033_S03_SleepyRat.amb	244	1fab27b1fc4ef7109548a7cf224c6bf6
cab/Meshes/033_S03_SleepyRat.ANB	67648	817ef38485caae6dc06a28a3f3c5b3f0
cab/Meshes/034_S04_Grumpa_On_Dragonfly.amb	532	c3a9dd424ae35fe86f8d00d0a39abf2d
cab/Meshes/034_S04_Grumpa_On_Dragonfly.ANB	184284	14c8b190328a30cc906d5c99d6babd4e
cab/Meshes/034_S04_Sharlakanskraken.amb	244	b3495b2e0dc3768bd04601e25e322139
cab/Meshes/034_S04_Sharlakanskraken.ANB	72048	e0b1aae9be3bf945d2c5f44823f8e271
cab/Meshes/035_flyingbird01.ANB	77484	81b130cb5d116df03c3db9d2bde18ab6
cab/Meshes/035_flyingbird02.ANB	77484	997328fc173216091641d0c2de837aac
cab/Meshes/035_flyingbird03.ANB	77484	fbeb2f6fb4fd659e1778f440549d6e39
cab/Meshes/035_S05_Bear_with_Grumpa.amb	388	f61ecddd21d5e28673ef03e5eb06b95f
cab/Meshes/035_S05_Bear_with_Grumpa.ANB	252168	a6e4e143e3fcaa5d7645875f3577c994
cab/Meshes/035_S05_Captain.amb	292	ba2ddbbc1cb544f04cf08cbcc393eccb
cab/Meshes/035_S05_Captain.ANB	104844	eb3c3e0e3052a8ef3433fc48fdb651aa
cab/Meshes/035_S05_Crab.amb	484	306b10955b4c5879ad387c59bd788869
cab/Meshes/035_S05_Crab.ANB	109516	61ee871e3c64180f02600b8e73495309
cab/Meshes/035_S05_Crocodile.amb	124	e3b7547d71d1e68c32d0415791471392
cab/Meshes/035_S05_Crocodile.ANB	35964	788eebbf71efe3ecaefc4dd21a48531a
cab/Meshes/035_S05_CrocodilePirateBoss.amb	388	27eed1d349e727bf2253b0727b69b458
cab/Meshes/035_S05_CrocodilePirateBoss.ANB	111524	931bfded7c774f81aa875383a87fb058
cab/Meshes/035_S05_FoxyLady.amb	484	3ab9f8898b9121c3284d183cbe67e3ce
cab/Meshes/035_S05_FoxyLady.ANB	145816	8f55792f4e36f9f7b9b9f630f47be5b2
cab/Meshes/035_S05_GiantOctopus.amb	28	2a751aa5c63b2457e16ed284ef491f09
cab/Meshes/035_S05_GiantOctopus.ANB	13452	23b7b6c8ca6ad0a0be957ef02df9e748
cab/Meshes/035_S05_GiantScorpio.amb	244	d9c3942e7f3abf91ebfb0ce450a670d4
cab/Meshes/035_S05_GiantScorpio.ANB	96076	2d2b460e587ec423f780f8fc00203a92
cab/Meshes/035_S05_GiantSpider.amb	580	80b4722c6a050df6c4c9ef43e79a8fef
cab/Meshes/035_S05_GiantSpider.ANB	156388	a162e3f493ae52336d12e426e9bbdf04
cab/Meshes/035_S05_gigantsnake1.amb	364	03c56ed20844bcb30e6af9ee9502a9ac
cab/Meshes/035_S05_gigantsnake1.ANB	68132	39c55c00464ddf8495e215e49ebd0d8b
cab/Meshes/035_S05_Golem.amb	388	755e239e7b7aead94300ff70137d190f
cab/Meshes/035_S05_Golem.ANB	91052	3664734e3b205a5d2bf506f2dac3275f
cab/Meshes/035_S05_Grumpa.amb	388	755e239e7b7aead94300ff70137d190f
cab/Meshes/035_S05_Grumpa.ANB	91052	3664734e3b205a5d2bf506f2dac3275f
cab/Meshes/035_S05_HyenaBoss.amb	484	725fa2a4a865ad13e3b988bf2cb89b61
cab/Meshes/035_S05_HyenaBoss.ANB	144440	9e6172bd17e429439837d332749038a9
cab/Meshes/035_S05_MonkeyChampion.amb	388	2ffe2c53b701ca6aa2699ad604043596
cab/Meshes/035_S05_MonkeyChampion.ANB	127868	b28d8454f72a6bcdc264dc147aee39ae
cab/Meshes/035_S05_MonkeyChampionF.amb	388	2ffe2c53b701ca6aa2699ad604043596
cab/Meshes/035_S05_MonkeyChampionF.ANB	117700	98d73418ec645924d9e185a7f2fc6ad2
cab/Meshes/035_S05_Piranha.amb	388	736f76884ecad30e39843880ad5f44ed
cab/Meshes/035_S05_Piranha.ANB	57076	1812bc97598ce91cd0115b5a4274f456
cab/Meshes/035_S05_PirateDiver.amb	388	80562a768b859d56ee69f884cb40a20d
cab/Meshes/035_S05_PirateDiver.ANB	104692	250f1a946aa1f986fb6473384e6c775f
cab/Meshes/035_S05_PirateRat1.amb	388	b92aa4e317bb0524ef7267e7742abcfb
cab/Meshes/035_S05_PirateRat1.ANB	94876	c8c98862c744f2d56e8abb9074be8f25
cab/Meshes/035_S05_PirateRat2.amb	388	b92aa4e317bb0524ef7267e7742abcfb
cab/Meshes/035_S05_PirateRat2.ANB	94876	c8c98862c744f2d56e8abb9074be8f25
cab/Meshes/035_S05_PirateRat3.amb	388	b92aa4e317bb0524ef7267e7742abcfb
cab/Meshes/035_S05_PirateRat3.ANB	94876	c8c98862c744f2d56e8abb9074be8f25
cab/Meshes/035_S05_PirateRatLeader_Blue.amb	388	6aad5299bfb7e90c882f6fe899acc976
cab/Meshes/035_S05_PirateRatLeader_Blue.ANB	129840	f1ed47e523861a3b619d7a98983ccc1a
cab/Meshes/035_S05_PirateRatLeader_Red.amb	388	6aad5299bfb7e90c882f6fe899acc976
cab/Meshes/035_S05_PirateRatLeader_Red.ANB	129840	f1ed47e523861a3b619d7a98983ccc1a
cab/Meshes/035_S05_Shark.amb	388	a3214ab10561331800b87692aa968125
cab/Meshes/035_S05_Shark.ANB	40192	9b131576a83d36ffc1e49a5dbcd5b91b
cab/Meshes/035_S05_SharlakansHulk.amb	388	57bf4f76de53e9096e0e041db441bdc5
cab/Meshes/035_S05_SharlakansHulk.ANB	114364	33a7ecd863b12758be6f47e762e62b1e
cab/Meshes/035_S05_SkeletonCaptain.amb	484	ac270c108ce05487483393c0e2d1ace4
cab/Meshes/035_S05_SkeletonCaptain.ANB	157860	7598bf0b1590b263218687fb01159974
cab/Meshes/035_S05_SleepyRat.amb	388	324244819cd060226e13e69ee406c1d7
cab/Meshes/035_S05_SleepyRat.ANB	100336	d6bbb486afde109137d73dd2027c39f3
cab/Meshes/035_S05_TurtlePirateBoss.amb	388	eb571bb9229819e0c418aaabef74be23
cab/Meshes/035_S05_TurtlePirateBoss.ANB	96072	a6a2123b2f1c58f2805ac43b079972ea
cab/Meshes/035_SleepyRat.atx	1139	e7be350487fa383a717f6dced9b59917
cab/Meshes/035_summonedgolem.ANB	110660	6def5aa5f98c01533405713a557ea226
cab/Meshes/036_flyingbird01.ANB	77484	e1b81e2111b50bed5369f6c4d3317a3d
cab/Meshes/036_flyingbird02.ANB	77484	1c4c51f319b1b0c83a3151e0b429e477
cab/Meshes/036_flyingbird03.ANB	77484	04c9dd7dbceec1a6a316f2e4ae9e2642
cab/Meshes/036_S06_Bear_with_Grumpa.amb	388	470322940fe5c867d1be8479a45e9cfe
cab/Meshes/036_S06_Bear_with_Grumpa.ANB	252168	d449c13ef5f63cccb52a216d880e2d88
cab/Meshes/036_S06_Captain.amb	316	ce5377ddc9334a49e3036f51bea31a08
cab/Meshes/036_S06_Captain.ANB	112116	ecafc1c22a369e39726d947973a5a24e
cab/Meshes/036_S06_Crab.amb	484	306b10955b4c5879ad387c59bd788869
cab/Meshes/036_S06_Crab.ANB	109516	61ee871e3c64180f02600b8e73495309
cab/Meshes/036_S06_Crocodile.amb	124	93af42d2fa74a6a42fe1d5ef2564ead3
cab/Meshes/036_S06_Crocodile.ANB	35964	064aa1dc61ccab8e98fbfe2fa2d3dfa5
cab/Meshes/036_S06_CrocodilePirateBoss.amb	388	d5ff8b9cbbf5515409a3bef63b5af3f6
cab/Meshes/036_S06_CrocodilePirateBoss.ANB	111524	db68aee39d6c0995e476460bf482c388
cab/Meshes/036_S06_FoxyLady.amb	484	3f89be4ee28539e3c4dcf0f130537d98
cab/Meshes/036_S06_FoxyLady.ANB	145816	172d263a7a62ebf0507912433375858a
cab/Meshes/036_S06_GiantOctopus.amb	28	2a751aa5c63b2457e16ed284ef491f09
cab/Meshes/036_S06_GiantOctopus.ANB	13452	3483308aac3100a6ffe952de80d10558
cab/Meshes/036_S06_GiantScorpio.amb	244	d9c3942e7f3abf91ebfb0ce450a670d4
cab/Meshes/036_S06_GiantScorpio.ANB	96076	2d2b460e587ec423f780f8fc00203a92
cab/Meshes/036_S06_GiantSpider.amb	580	80b4722c6a050df6c4c9ef43e79a8fef
cab/Meshes/036_S06_GiantSpider.ANB	156388	134f9a648cb3666b25c967325e6120ac
cab/Meshes/036_S06_gigantsnake1.amb	364	dd14ede1896e9a429afcb5a37fbe51b7
cab/Meshes/036_S06_gigantsnake1.ANB	68132	dc4f2ecc2cb673cc3bfadc7b4435119e
cab/Meshes/036_S06_Golem.amb	388	25c45c88e4e329b894c3b11f6e877b38
cab/Meshes/036_S06_Golem.ANB	91052	c9582e258cfdd53f18bbca1782a1b435
cab/Meshes/036_S06_Grumpa.amb	388	25c45c88e4e329b894c3b11f6e877b38
cab/Meshes/036_S06_Grumpa.ANB	91052	c9582e258cfdd53f18bbca1782a1b435
cab/Meshes/036_S06_HyenaBoss.amb	484	d9c0d416b988e9f5ab29fb51f01c34e8
cab/Meshes/036_S06_HyenaBoss.ANB	144440	8af76762a9bb5939a4e4c521d53097b1
cab/Meshes/036_S06_MonkeyChampion.amb	388	a39030c0aa61c5485be092e47908bea4
cab/Meshes/036_S06_MonkeyChampion.ANB	127868	7d83203f11766acd15579ae573ddc6b6
cab/Meshes/036_S06_MonkeyChampionF.amb	388	a39030c0aa61c5485be092e47908bea4
cab/Meshes/036_S06_MonkeyChampionF.ANB	117700	86ee1d7de30d96efb9aaa2328e9cef9c
cab/Meshes/036_S06_Piranha.amb	388	0d44c13909487f7590fd105df17ec9dd
cab/Meshes/036_S06_Piranha.ANB	57076	653ac6a6d8808b9c6bf486abc31cd0e5
cab/Meshes/036_S06_PirateDiver.amb	388	7388760b36ae2e2324cd46417b88d267
cab/Meshes/036_S06_PirateDiver.ANB	104692	162b92429ace32e69bebeb6b187b976b
cab/Meshes/036_S06_PirateRat1.amb	436	af019543680d0fc354d59a2151f561e5
cab/Meshes/036_S06_PirateRat1.ANB	105772	1830e787db740848b484c066b3090842
cab/Meshes/036_S06_PirateRat2.amb	436	af019543680d0fc354d59a2151f561e5
cab/Meshes/036_S06_PirateRat2.ANB	105772	1830e787db740848b484c066b3090842
cab/Meshes/036_S06_PirateRat3.amb	436	af019543680d0fc354d59a2151f561e5
cab/Meshes/036_S06_PirateRat3.ANB	105772	1830e787db740848b484c066b3090842
cab/Meshes/036_S06_PirateRatLeader_Blue.amb	388	78e681005336f6001ada3e8d0db77a04
cab/Meshes/036_S06_PirateRatLeader_Blue.ANB	129840	4460ff98604df56f200b8404adb4fe58
cab/Meshes/036_S06_PirateRatLeader_Red.amb	388	78e681005336f6001ada3e8d0db77a04
cab/Meshes/036_S06_PirateRatLeader_Red.ANB	129840	4460ff98604df56f200b8404adb4fe58
cab/Meshes/036_S06_Shark.amb	388	7f6bf3c2616a12a0e8dc2d5d60deda77
cab/Meshes/036_S06_Shark.ANB	40192	c0f1780ef54ca8a47b29b7f04ea0e058
cab/Meshes/036_S06_SharlakansHulk.amb	388	9ea4af123eea2495f06c6568a0f70992
cab/Meshes/036_S06_SharlakansHulk.ANB	114364	28d5cd2407a563daac2a99b738d1d9d2
cab/Meshes/036_S06_SkeletonCaptain.amb	484	6594f9c52d78e73e23720154075a91fd
cab/Meshes/036_S06_SkeletonCaptain.ANB	157860	1f168e81b1216e91c71a369981893983
cab/Meshes/036_S06_SleepyRat.amb	436	b903133c6be85744e55a86cd40c270c1
cab/Meshes/036_S06_SleepyRat.ANB	111232	e4df1774ee557c3f8c43adfaaffa9d7a
cab/Meshes/036_S06_TurtlePirateBoss.amb	388	c04db9586610ff953c0f591bcdb87535
cab/Meshes/036_S06_TurtlePirateBoss.ANB	96072	e58910c9d75c5894af8fbd3a58cbbbd1
cab/Meshes/036_TurtlePirateBoss.atx	1458	1731f38246c9019a5b870350402269d5
cab/Meshes/037_PirateRatLeaderBlue.atbak	854	c6b849d3defa45449c59377f0a0aaab9
cab/Meshes/037_S07_Bear_with_Grumpa.amb	292	49a467fcbb71f534d711a01c35b77eeb
cab/Meshes/037_S07_Bear_with_Grumpa.ANB	197736	5cd3e54a97f9fc7689d37d738848d4f1
cab/Meshes/037_S07_Captain.amb	292	555e5b5ae984d34fadc9cd3a6dfa86fe
cab/Meshes/037_S07_Captain.ANB	104844	8e48b5640c72d0d87ea3add72f0e5373
cab/Meshes/037_S07_Crab.amb	484	306b10955b4c5879ad387c59bd788869
cab/Meshes/037_S07_Crab.ANB	109516	61ee871e3c64180f02600b8e73495309
cab/Meshes/037_S07_Crocodile.amb	292	ee652eddffb1bb53f3fbe71c8483cd8f
cab/Meshes/037_S07_Crocodile.ANB	70236	058c401f4301a14e8755317a3198cdb1
cab/Meshes/037_S07_CrocodilePirateBoss.amb	196	e414b72fa3efec8024e77bfff9c4fe6e
cab/Meshes/037_S07_CrocodilePirateBoss.ANB	63524	b17306e4fca822b4bf978835c1764bcb
cab/Meshes/037_S07_FoxyLady.amb	196	2f293835f292339d9e9c7949ccd2284c
cab/Meshes/037_S07_FoxyLady.ANB	67768	623f3d037803f740a69a530cd90f4b94
cab/Meshes/037_S07_GiantOctopus.amb	28	2a751aa5c63b2457e16ed284ef491f09
cab/Meshes/037_S07_GiantOctopus.ANB	13452	b595c7503519720e72292ec970118bc3
cab/Meshes/037_S07_GiantScorpio.amb	244	d9c3942e7f3abf91ebfb0ce450a670d4
cab/Meshes/037_S07_GiantScorpio.ANB	96076	2d2b460e587ec423f780f8fc00203a92
cab/Meshes/037_S07_GiantSpider.amb	580	80b4722c6a050df6c4c9ef43e79a8fef
cab/Meshes/037_S07_GiantSpider.ANB	156388	2fdbe39306bdb9227d1693ed5b5bf22f
cab/Meshes/037_S07_gigantsnake1.amb	460	0a5546619b1ad3cb521bb5e0d770aaa6
cab/Meshes/037_S07_gigantsnake1.ANB	83684	7711993ea662a830388f62397528cb3c
cab/Meshes/037_S07_Golem.amb	196	d35bf69a11df1b917c9b68ae2bff94e6
cab/Meshes/037_S07_Golem.ANB	51692	66452c532d758e1747758458e5c0e80a
cab/Meshes/037_S07_Grumpa.amb	196	d35bf69a11df1b917c9b68ae2bff94e6
cab/Meshes/037_S07_Grumpa.ANB	51692	66452c532d758e1747758458e5c0e80a
cab/Meshes/037_S07_HyenaBoss.amb	196	062666a907ca32446cd3aab54a99a31b
cab/Meshes/037_S07_HyenaBoss.ANB	67256	7e7c78c66a3217f35c73b0a7759885cf
cab/Meshes/037_S07_MonkeyChampion.amb	196	36d9f5103b4e4b438a2e147f1e3b7fb6
cab/Meshes/037_S07_MonkeyChampion.ANB	76796	217119ab17e7256d9d8cb022ecb282ea
cab/Meshes/037_S07_MonkeyChampionF.amb	292	b206bdcb0f4206ce1328c1702ef8ed74
cab/Meshes/037_S07_MonkeyChampionF.ANB	92164	fc21a96fa93740083235e6dbb88fd2aa
cab/Meshes/037_S07_Piranha.amb	388	bf220398a7db1692c95aa1042632745b
cab/Meshes/037_S07_Piranha.ANB	57076	0ff0c3c0adcc7d4930fe65198a67dc5d
cab/Meshes/037_S07_PirateDiver.amb	292	9780644bafe8546ab2535d4dac4a0504
cab/Meshes/037_S07_PirateDiver.ANB	82324	e1c09877bbc634f37bde0dbd1bbd2986
cab/Meshes/037_S07_PirateRat1.amb	484	234014e464e58dcf153bbb2568c5202a
cab/Meshes/037_S07_PirateRat1.ANB	116668	d5adc6840a8b2e3383c465fac88b9826
cab/Meshes/037_S07_PirateRat2.amb	316	c94914eff66a669804f2ce9b8781a716
cab/Meshes/037_S07_PirateRat2.ANB	78532	8f0ded7ecebce7f56fae3b633fee9420
cab/Meshes/037_S07_PirateRat3.amb	484	234014e464e58dcf153bbb2568c5202a
cab/Meshes/037_S07_PirateRat3.ANB	116668	d5adc6840a8b2e3383c465fac88b9826
cab/Meshes/037_S07_PirateRatLeader_Blue.ANB	73200	887a0504254af64aa8949c61698f779a
cab/Meshes/037_S07_PirateRatLeader_Red.amb	196	37b9f9f698106840e1c6989fcf1eb7e2
cab/Meshes/037_S07_PirateRatLeader_Red.ANB	73200	887a0504254af64aa8949c61698f779a
cab/Meshes/037_S07_Shark.amb	388	438af91d08f5d2a20002de6f54679382
cab/Meshes/037_S07_Shark.ANB	40192	5ee74f8d5862cb7dd4d44649d498a557
cab/Meshes/037_S07_SharlakansHulk.amb	196	100529bbed813cf53890dcc2c0f700a5
cab/Meshes/037_S07_SharlakansHulk.ANB	69052	2a11f9044da1fcdb88b18cde39c29c4e
cab/Meshes/037_S07_SkeletonCaptain.amb	196	ba876ad8f902ad8b3679285e55ee2de7
cab/Meshes/037_S07_SkeletonCaptain.ANB	73476	9dff1c961b46fbf3697c824c98801622
cab/Meshes/037_S07_SleepyRat.amb	484	fdc582aaf8bfa20e6bf387a47d7e4930
cab/Meshes/037_S07_SleepyRat.ANB	122128	6246a38a126aa2b5ba93197304a11efd
cab/Meshes/037_S07_TurtlePirateBoss.amb	196	72d6f273ddae5987d7c72ab532915f0b
cab/Meshes/037_S07_TurtlePirateBoss.ANB	54408	7d8bd5eb0dd28506695322e77a86ed41
cab/Meshes/038_PirateRatLeaderRed.atx	1024	03ef09fc0bbfe4f9f7c635aab5c397c2
cab/Meshes/039_Crocodile1.atx	697	490168fd2ffbc1b37580a8b9da6c82f8
cab/Meshes/040_Crocodile2.atx	699	072d5ce5fb4b9931ae7589d028092af9
cab/Meshes/041_Crocodile3.atx	699	e4e80b497880fa84abaad825ff1907c4
cab/Meshes/042_MonkeyChampionFollower.atx	2105	dc802f5e2fa1f7c6eb4aaf03e2c0b5ce
cab/Meshes/043_Shark2.atx	729	0b44f5272cf8cc190a40c48d4c4541dd
cab/Meshes/044_Shark3.atx	729	4040d5a87d479ccc53f523e11d4dc1e1
cab/Meshes/047_AlligatorPirateBoss.atx	1238	2dfcebacd79b0d92289382543c9f8394
cab/Meshes/047_AlligatorPirateBoss.bak	1238	6e26596950924e281880b3ada6407d04
cab/Meshes/050_charkfen01.ANB	19432	5d828c0154fcb00847087269e0654954
cab/Meshes/055_HyenaPirateBoss.atx	1235	8b027b6f89c205d9324672b73c29cc51
cab/Meshes/056_Giant Scorpion.atx	742	fbca8824630f04a852cf60266c913fd7
cab/Meshes/061_Sword of Might Pullout.ANB	37460	6c941b04e75fd51cdc0fbfb4ae115d03
cab/Meshes/064_Giant Spider.atx	594	f82a57fd97a9570bbcf5a873ef348ce0
cab/Meshes/069_CaptainRatbeard.atx	733	5417822681b309747fe4fc89ec611d17
cab/Meshes/078_SkeletonCaptain.atx	1220	3a947a43563f67ce9ac69e870c79077a
cab/Meshes/078_SkeletonCaptain.bak	1075	526adfcdaa12ec5933a5fcedd614c84a
cab/Meshes/079_Diver Pirate Rat Boss.atx	718	e7a6a75746f5f7e8d8b3d24ce2425e9c
cab/Meshes/080_GiantOctopus.atx	768	c43720f863561a1df7c85b2b4598bdc3
cab/Meshes/081_hajfena01.ANB	16552	4b244fb4ef3751c55d6216ffd59b8bc0
cab/Meshes/081_Piranha1.atx	700	4680fbb44aa65ddb9551d1118b84e72c
cab/Meshes/082_hajfena02.ANB	15592	56d5a41b834170ccc334e0a65a01dc18
cab/Meshes/082_Piranha2.atx	680	0b917c96f740e4d6fbf2c3006f34a99e
cab/Meshes/083_hajfena01.ANB	15592	39d4fd411830171a49beb23f91ef82a8
cab/Meshes/083_Piranha3.atx	681	fbb561859bcff5524629a1462a00c10e
cab/Meshes/085_Shark1.atx	743	d13b603853e21fa6dc230cd188993dde
cab/Meshes/087_Seahorse.atx	598	c14b58c9e4384cd2a5cad654368827a5
cab/Meshes/088_GrumpaOnSeahorse.atx	725	e43a6e3d24f9f72fa992fe30abcb3610
cab/Meshes/090_summonedgolem_right.ANB	110660	ccdcc7bf077d55dbbbcdcd9d51073e75
cab/Meshes/100_Fathers Sword Broken.atx	226	66eb7e23d14fcea32eca29cc5519c168
cab/Meshes/101_Fathers Sword.atx	199	6a4a69e3a2e4f93914058631c7dc43c9
cab/Meshes/102_Ancient Map.atx	0	d41d8cd98f00b204e9800998ecf8427e
cab/Meshes/103_Bottle of Rum.atx	195	30b97cb947d4df5862502c8287d32398
cab/Meshes/104_Gate Key.atx	188	566fab91d43ceca7324276ece85a4b42
cab/Meshes/105_Magical Flying Dust.atx	241	5a7c6978c6944be9b79deeb1048d8045
cab/Meshes/106_Wood Splinters.atx	217	bf35aa7ffa8e48917c9d7e5dd11fb880
cab/Meshes/107_Ape Kings Jungle Mixture.atx	240	fad783fb70209c2eac8add2b5d212531
cab/Meshes/108_Antidote Potion.atx	206	a6e7fecbd24a601e754bb3f140daf8e4
cab/Meshes/109_Jungle Liana.atx	189	6d08080d6bc8a89a85ad07a4d55dca91
cab/Meshes/110_Sword of Might.atx	202	1839907d4c9ee3db07bde9deb54e9169
cab/Meshes/111_Oars.atx	163	7a9d66db7705e6acf6b394fefe8d5bff
cab/Meshes/112_Banana.atx	171	e60da470beda76bdeff24384b8a77bd5
cab/Meshes/113_Hammer.atx	172	ba8c3842378e1f348edb6f8991c4361a
cab/Meshes/114_Planks.atx	166	4627a0bd1b69bfc979406d0b27618c63
cab/Meshes/115_Ape Kings Son.atx	187	8ec68f53891ea9ee06fe85d873226a76
cab/Meshes/116_Rope.atx	162	9ee5d3cd2eaa0f65a6c4e6e82453bfff
cab/Meshes/117_Branches.atx	190	7e0e641448bd8c25544148c0f84fe0a4
cab/Meshes/117_Tunna_stigande_A.ANB	75164	c8e9387d07f7a6c305b8009690d22a4a
cab/Meshes/117_Tunna_stigande_B.ANB	75164	20907ac620ab82c54edb54ec00601738
cab/Meshes/117_Tunna_stigande_C.ANB	75164	0a7fc1ecd02f4a52050ba35bcdaf9d1d
cab/Meshes/117_Tunna_still_A.ANB	21164	674bff2a4aedfa0478735b643144b71e
cab/Meshes/117_Tunna_still_B.ANB	21164	e23edeacc6a97cdef56d2edbce5f0059
cab/Meshes/117_Tunna_still_C.ANB	21164	3f131d12d399f08cffb860cfb9d9b63c
cab/Meshes/117_Walk_stigande_A.ANB	5932	5f9af3a5e1b6cd8354efb367b211ddf3
cab/Meshes/117_Walk_stigande_B.ANB	5932	441ac9c2a320c11dbc1ba76f931d6078
cab/Meshes/117_Walk_stigande_C.ANB	5932	8b4b3501c65533628251f06110e531f9
cab/Meshes/118_Banana 2.atx	179	4447ae841d236ce0acbc1fc8c02b5b3e
cab/Meshes/119_Moveable Ladder.atx	222	d3e5c4bf2893ce55b3b0e1d75358a478
cab/Meshes/120_Rope Ladder.atx	202	b31a3525b8a8cf7dfbc6e760cbf5e45f
cab/Meshes/121_Fishing Net.atx	192	b62fc723328e2255ca9b8313e2fd1cbf
cab/Meshes/122_Gauntlets of Power.atx	238	2149798cd726fbf2871417aff3f83045
cab/Meshes/123_Ancestor Fruitpunch.atx	242	c8cb0cd7b31b66f0a368713f662e73e3
cab/Meshes/124_Fruit Star.atx	170	2017325d4b474f8c0958a7f402943221
cab/Meshes/125_Fruit Cube.atx	173	541feb72a02665f06bc804726ecb6c51
cab/Meshes/126_Fruit Triangle.atx	187	6ecab4fd54f0fe729bf54a0c7aff2f1c
cab/Meshes/127_Key Red.atx	176	dd2d0216b53e8ecc1cc4e01fbb3c5008
cab/Meshes/128_Key Green.atx	176	a12aeeb5aabf6b13be38f17f063820d0
cab/Meshes/129_Key Blue.atx	180	54de0332cd69413f191311a3e1f2cd6a
cab/Meshes/130_Seed Star.atx	184	d7d7893364780243b957f3a4475ab873
cab/Meshes/131_Seed Cube.atx	181	973066ffbe773a585c6ccda7994cb0dc
cab/Meshes/132_Seed Triangle.atx	207	37c9cd51f53800273fa0a2a97d60b106
cab/Meshes/133_Wood Splinter On Fire.atx	251	ae37cd18412b2ba892015984335b3ed9
cab/Meshes/134_Shield.atx	171	1b02980c8cffd8fa9c7b69b9de8856d2
cab/Meshes/135_Blood Orange Oasis.atx	238	ca670249ab80c6c012c5e0092a2082aa
cab/Meshes/136_Blood Orange Nosferatu.atx	259	971b71edff3fb3b8186f7bb403b81585
cab/Meshes/137_Belt of Strength.atx	202	9447efc4f1f7643c11cd3c81c7429def
cab/Meshes/138_Shield of Protection.atx	221	6e0f72a00be29a04fe061d36a12b3856
cab/Meshes/139_Lock Shaped Diamond.atx	225	9bd1fbf23c91065505af35ca6cab1f47
cab/Meshes/140_Octagon Diamond.atx	209	8e4b5ac8ad48ab745b82666bef9616f1
cab/Meshes/141_Flowers.atx	173	f0c6aeb9b0d0e903e128421ab0a8f4c1
cab/Meshes/142_Coconut.atx	175	c674a53cde2634b0dca07403501aa650
cab/Meshes/143_Lock Shaped Stone.atx	214	ca2c7dc5f237d4d8efddbf84ab35e86c
cab/Meshes/144_Message in a Bottle.atx	217	d4b2b51931762f433c38d0d64b456295
cab/Meshes/155_Empty Bottle.atx	195	4f9212b83456d27184f205be828410a6
cab/Meshes/156_Empty Pot.atx	182	c660bf91dd94f8ede3f44597f5e12ef6
cab/Meshes/157_Empty Jar.atx	184	4967ff3d68c00f877b653da12bc495d1
cab/Meshes/158_Bee Bottle.atx	172	ca7b3f7739bae6ff82be63132e689631
cab/Meshes/159_Honey Bottle.atx	182	609c7b6d249b8591c3613fd734f722ab
cab/Meshes/160_Water Bottle.atx	182	c13dc4e87b88eaa32d0a522958095dc9
cab/Meshes/161_Termite Bottle.atx	193	5cc4c88963ceebfa802ab5462c22148c
cab/Meshes/162_Bee Pot.atx	157	72dc09c656a625add7a85e30d5511edf
cab/Meshes/163_Honey Pot.atx	167	114cb02d8a3516675fa7c33cacb5b3b9
cab/Meshes/164_Water Pot.atx	167	c3c25a925f0a33286f1cfeeb9bc2261a
cab/Meshes/165_Termite Pot.atx	178	8e119ba99ef3c9d9d9953a0610416f55
cab/Meshes/166_Bee Jar.atx	157	1e6e3d4232dde656a401bbd02950330f
cab/Meshes/167_Honey Jar.atx	178	caf73644f3e57fd82bf0ba48e1f313a2
cab/Meshes/168_Water Jar.atx	167	89614265e01810108ad4aafaa06d4081
cab/Meshes/169_Termite Jar.atx	178	42a123b07f7f13dd96de7fd586ba5395
cab/Meshes/174_Water Drop.atx	172	a35c16fa73759cd5d8ef447a4c696c6d
cab/Meshes/175_Summon Golem Scroll.atx	224	b621f16da44fff16f009000c8a8e877f
cab/Meshes/176_Green Flea.atx	196	df8b3d13cda4357031fab63d2750f670
cab/Meshes/177_Coin 1.atx	152	e499439ddc1e3fe9611f899e3c5c9ae4
cab/Meshes/178_Coin 2.atx	152	bde4e0ea4a33e08c59358b58659d51de
cab/Meshes/179_Coin 3.atx	152	0b4fd63ceba8178077a890d6cd543d98
cab/Meshes/309_happy_bee.ANB	39844	59232e2e07f0a83463a1bdcbd13f1f02
cab/Meshes/309_summonedgolem.ANB	110660	bcc3243635298b5fc3a4a7f09a73b613
cab/Meshes/336_flyingbird01.ANB	77484	0004d7ab45431516a184f90bb70c90e3
cab/Meshes/336_flyingbird02.ANB	77484	8101b0523555468a18264511483731d5
cab/Meshes/apechampion_talk.ANB	334660	8598b9d68c5a0e4417e6694edf8ae5b1
cab/Meshes/apechampion_wait.ANB	143140	608197354adf39d7edfa7a44944575cf
cab/Meshes/apeking_cooking.ANB	96252	0be89d4b563003fb0df45c7de7df60d4
cab/Meshes/apeking_happy_with_son.ANB	145696	6de4d11181ee518086e79de820ed8e36
cab/Meshes/apeking_sit_talking.ANB	210584	49c495ce70899a281773650e81670372
cab/Meshes/apeking_sit_wait.ANB	210584	e539e150f325534c6106b3683f72c54d
cab/Meshes/apeking_stand_wait.ANB	139040	3b397ae9398fe40c2dda5ace52a74da6
cab/Meshes/apeking_start_cooking.ANB	110652	3612a07438061b3002f12fe281a6e954
cab/Meshes/apeking_walking.ANB	477248	a403018b24b8b3ce9c93008d119a8ee5
cab/Meshes/apekings_son.ANB	118156	ccf94bd96d4fcdf6fb42b764fdf60f05
cab/Meshes/apekingson_crying.ANB	72048	0ee894d308ff120b022a2a249d028b25
cab/Meshes/apeson_happy_with_king.ANB	123652	1193ccc454ef67be56f03d1ae446f94a
cab/Meshes/apeson_kub1.ANB	548	ff0b22f19e678a57ccd3fe74dbb4bade
cab/Meshes/apeson_kub2.ANB	16868	3dccc1ae0aa49968803852d9f66c4a06
cab/Meshes/apeson_kub3.ANB	16868	99d5574e268e2719f172a6cfb147aad8
cab/Meshes/apeson_playing.ANB	549904	e29a8e5af394698e004ed358b69207cd
cab/Meshes/babycrab_A.ANB	125008	ef0a69ac936b08b29378bf7d06b4ec5b
cab/Meshes/babycrab_B.ANB	104564	128a6da8911201df840987c787da519f
cab/Meshes/babycrab_C.ANB	104564	16c7df4828c1afbad19799c0e6def0a0
cab/Meshes/back1_hugg_IO.ANB	3052	e444c3cf15586b907f35c50788711654
cab/Meshes/back2_hugg_IO.ANB	3052	a4bf27f543381a2cbdd6990c32c461d6
cab/Meshes/back3_hugg_IO.ANB	3052	bf41a99ff562e4494a33e06d9be9dfed
cab/Meshes/banan_1_faller_IO.ANB	3924	b3ee4a9a3f3800da8fb8b77b62a808ae
cab/Meshes/banan_1_IO.ANB	7668	cd8946bffbc4772fd9e567ab9f4514e1
cab/Meshes/banan_2_faller_IO.ANB	5172	8336e764c6624fef3fc95e9e5544c126
cab/Meshes/banan_2_IO.ANB	7668	31c4b823e5857ee16ddc230a1b025598
cab/Meshes/bees_active_IO.ANB	14548	99edac89c13790a67cea917f9c8fc316
cab/Meshes/bees_active_start_IO.ANB	26452	830265935026b517dcc1a4f2eec08f4e
cab/Meshes/bees_active_stop_IO.ANB	27940	d516b467f686ac235e5fee2a58b794dc
cab/Meshes/bees_IO.ANB	63652	eef6a196b5c08120476e393e2e21d9c4
cab/Meshes/blade_down.ANB	1460	5719cf15a46172c13ac350f9fabb590a
cab/Meshes/blade_up.ANB	1460	c5cc5d33680d78cec8a9cdb5ff440c07
cab/Meshes/BloodOrange.ANB	1492	2c88c0a1d71e6f108804c9936dfeb2d8
cab/Meshes/board.ANB	3524	2a652828d54859c34266e4773638435a
cab/Meshes/boardMesh.ANB	25044	83bbb9842889c98e6132649f75433fa6
cab/Meshes/boulder A_at ground.ANB	11524	78a7022035f3f7f89aa2fce2e3bc2da7
cab/Meshes/boulder A_at platform.ANB	28532	3c36e9ff7cd5642e1075f55a75c5291f
cab/Meshes/boulder B_at ground.ANB	5828	be20448b42dd544194c7df12955839a6
cab/Meshes/boulder B_at platform.ANB	28532	bee8430e0509e476dc4cb5f06217ce77
cab/Meshes/boulderA_fall.anb	388532	282965bb93d691ad1d5f624b19e9c803
cab/Meshes/boulderA_plattform.anb	208532	e3d66568b448599097425c6d7295d922
cab/Meshes/boulderB_fall.anb	376532	b4c335bcc4e6bc26fbde0c1b59171240
cab/Meshes/boulderB_plattform.anb	196532	ab89704a200e0d28543539c3c158672d
cab/Meshes/bubbla118_1.ANB	10708	94523b1b649a183f373b999d48fe0d80
cab/Meshes/bubbla118_2.ANB	9316	a5907b5b7e9b7c6c6b524b56e4c377fc
cab/Meshes/bubbla118_3.ANB	12812	dccb8ee9547bd38005a5a9d043ee18ee
cab/Meshes/bubbla51_1.ANB	11404	0fe5845988ed576e26e5623376437487
cab/Meshes/bubbla51_2.ANB	12812	e9be2719b80891f6dba2258fb7c816f6
cab/Meshes/bubbla51_3.ANB	10708	e52fa0d06fe9157dff9ee196193df12f
cab/Meshes/bubbla55_1.ANB	9316	efdf478e1b286d317d31bab7dd00c175
cab/Meshes/bubbla55_2.ANB	10028	a28aa734aa4176896a0001218f1dbfa0
cab/Meshes/bubbla55_3.ANB	8620	d6b80136186c6d64e28276dfe6f61524
cab/Meshes/bubbla56_1.ANB	5836	5c10bc6141bd0aca54abcc0d71afcafa
cab/Meshes/bubbla56_2.ANB	6548	9f2306d5c6bef7687eb55e29a13e932f
cab/Meshes/bubbla56_3.ANB	5140	cefc78c1c64d19f1634eb98b85969394
cab/Meshes/bubbla58_1.ANB	12100	1e859cc6fa707182a409b341ce11cc2f
cab/Meshes/bubbla58_2.ANB	12116	668447b5c49ed5371fa6866029a636fb
cab/Meshes/bubbla58_3.ANB	12100	1d3bcc7255b7dd35eeb1b68993af2d30
cab/Meshes/bubbla71_1.ANB	5836	0b4bee49dd51900724537a83cc13940f
cab/Meshes/bubbla71_2.ANB	5852	0ca17dea1ba97a004bd2e2fb9e33d5c8
cab/Meshes/bubbla71_3.ANB	5140	4b1ab6552c4b899380a077cfd7dbc1dc
cab/Meshes/bubblor_IO.ANB	36300	6bcdef64f40a91438e77fc9c9f1084cc
cab/Meshes/bucket_with_rope_and_vev_and_water_V2.ANB	95452	0227c1b647765277aaecaf7d498b146a
cab/Meshes/bucket_with_rope_and_vev_V2.ANB	88368	60070f30c1064d6eef137af857c784d4
cab/Meshes/butterfly.ANB	15488	c47fe07cba05369b17a5397f9f927468
cab/Meshes/butterflyLong.ANB	29312	943a72497e6c667943d7b5f724a27e32
cab/Meshes/ClimbingGrumpa.ANB	448788	bd01f9dbe3ab28ced40506c4983fe422
cab/Meshes/ClimbingGrumpaUp.ANB	584964	c586976298432f9502ea8348b74fa02f
cab/Meshes/Cork_Animated.ANB	141380	b6c41ebd74929bba03490f21697f7438
cab/Meshes/Deadfather.ANB	16852	460ecbe31c5bd0d62a8e67d4cbe5f83e
cab/Meshes/diamond_lock_IO.ANB	61456	027bc8ce843cec8d76425922ef97d486
cab/Meshes/diver_entrance.ANB	515692	27e567502109ded051f28d4de30b0101
cab/Meshes/DownGrumpa.ANB	93468	e072a222a8d75cc15aff86b7917dece2
cab/Meshes/dragonfry_waiting.ANB	64868	d1faefb665b1f7c1eb06aa3acf2176e2
cab/Meshes/earth_golem.ANB	110732	4d7aa8d585edbea229c3ff90e008c039
cab/Meshes/effect.ANB	5404	5983156e769f7b7e4da9cb296b95eb51
cab/Meshes/effect_item.ANB	6884	51dbe5401b89bb6bd526d24c756b6972
cab/Meshes/ElephantLyft_IO.ANB	77004	a644114dbe9753448c0b576ee1fd1e0c
cab/Meshes/elephantstand_IO.ANB	85700	e3aea82fc7b6832cbbc6937930b5385b
cab/Meshes/elephantstand_up_IO.ANB	51908	727336aa8b963f5f2410fd7ec6765019
cab/Meshes/ElephantTillbaka.ANB	64432	0e10c0dbce0adf4ed2d4c0719336fa36
cab/Meshes/elephantwalk_IO.ANB	398276	51ce39e33c59dfe56a53a8cae8a7c751
cab/Meshes/FartCloud.ANB	21792	01c3eb088b4d0d711b909fd3d5297123
cab/Meshes/Fatbastard_Farting.ANB	125140	7427dc8cb919efc6f0ca906d65f62fe8
cab/Meshes/Fatbastard_Flying.ANB	30580	02ce11818f5300772b488a7ccfc1f615
cab/Meshes/Fatbastard_Resting.ANB	144052	e48a87fbc897df96571a8be83295e68a
cab/Meshes/Fatbastard_Shaking.ANB	125140	bfe21300888a30765a8aa87125c20e95
cab/Meshes/Fatbastard_Struggling.ANB	139324	4c0fd8df5dbaeaf51bb52e9909668e9b
cab/Meshes/father_talk.ANB	132512	23f7bd28aba9bf8490ddf83d8fef9de6
cab/Meshes/father_wait.ANB	101672	1872d87a7c0cbf8a3d55f339c5d291c3
cab/Meshes/flyingbird01.ANB	60684	7bfe4ec34f42177c7f0bdde520aeab9d
cab/Meshes/flyingbird02.ANB	60684	c6a9851b16e890015185397f093cb90e
cab/Meshes/flyingbird03.ANB	60684	f5af420f60c57d9a7ba5dc4342ca2d92
cab/Meshes/foxylady_twisting.ANB	245596	683810f4babcea4c63c2d0c2407cfebf
cab/Meshes/gooning_bear_1.ANB	439644	47fd620b9ccac9cec7d36864d21b7259
cab/Meshes/grandfather_jump.ANB	131700	6d5512d68b5f322f4242626de0914d5e
cab/Meshes/grandfather_talk.ANB	212100	f3a8882a9ee5acd070c7336315f9bffa
cab/Meshes/grandfather_wake.ANB	147780	e1e846810204c50e3d4d84a74c0ccead
cab/Meshes/gravetomb_floorbutton_off.ANB	4584	96843f1c3aedf2b493d66a37733a6a73
cab/Meshes/gravetomb_floorbutton_on.ANB	4584	60c3195d2826e7e46de6ccdc9166fb38
cab/Meshes/grumpa_backar.ANB	184284	1fa13e0e1adb736f3981a55292af1048
cab/Meshes/grumpa_besatt.ANB	108684	a7efd169022d2b3e7057494ef057ead6
cab/Meshes/grumpa_climb_jump_IO.ANB	1151964	b6aee46d961c4bb44f6eac209c908207
cab/Meshes/Grumpa_climbe_deck.ANB	547068	ec31bf44f92672cb765e8c0dd8b30398
cab/Meshes/grumpa_land_IO.ANB	206964	7400df4dde23b2a313f1e577a41faef2
cab/Meshes/grumpa_pull_sword.ANB	206868	e1b04e15e54998b65e11c8921c113547
cab/Meshes/Grumpa_Pulling_Cork.ANB	448884	e996d437a4fd221cafa8fc681c3b34c3
cab/Meshes/grumpa_pullout_sword.ANB	320364	7b0cd49899c837ccc91285b80857de9e
cab/Meshes/grumpa_success_sword_061.ANB	395868	0de78d48c38c192e6a26493dbc4c730d
cab/Meshes/Grumpa_Sword_Rope.ANB	547068	90337b3f420d9ffcd52a146e411336a5
cab/Meshes/grumpa_tar_termiter_med_vad_som_helst.ANB	320364	12e1146369030664e57a51d1ec470ab2
cab/Meshes/grumpa_try_sword_061.ANB	395868	f71f93629f4d92938e60e9cac0f6f683
cab/Meshes/grumpa_up_ladder_IO.ANB	584964	8e1add0d3060c5c033b208fa9a18954f
cab/Meshes/grumpa_wait.ANB	101124	1d47b7ddc8f33fa2e9911784217ff033
cab/Meshes/Hammer.ANB	1908	c992cf965af2cbe2f9885cf7e98a53b8
cab/Meshes/healing potion 01.ANB	2596	78914ee864677f11a0c4dcd3a82a35b0
cab/Meshes/healing potion 02.ANB	2596	c59dfcea67a9d82577e76ceba388cbc1
cab/Meshes/healing potion 03.ANB	2596	5fa1c3ed9e7cab442432b80dd4ce9280
cab/Meshes/healing potion 04.ANB	2596	4c218be42852f65c8d2c706a6cf5bbec
cab/Meshes/honey_IO.ANB	7452	cdf97c0e993e48a2c5eb931c441a2093
cab/Meshes/hyena_talk_AI.ANB	80120	db8c97c509e2e88958fbbdfda158389c
cab/Meshes/hyena_wait_AI.ANB	208760	4566c96d0d203c94f076712c9bfbb2b7
cab/Meshes/IO_Ancestor Fruitpunch.ANB	2172	5630178d463c3bdbbce7286546547321
cab/Meshes/IO_Ancient Map.ANB	1188	a2530d17c5ca13f8c320008eefbd93e6
cab/Meshes/IO_Antidote Potion.ANB	2596	6292a4ffc3e8d006f9ce851a38d1616e
cab/Meshes/IO_Ape Kings Jungle Mixture.ANB	2056	115ef1a3d25db4f74d583201bde81388
cab/Meshes/IO_Ape Kings Son.ANB	15456	b8323fa4b59ccd55dc2e5da6ac7e35db
cab/Meshes/IO_Banana 2.ANB	1620	436f238f73837fe879dff074e35ddf7f
cab/Meshes/IO_Banana.ANB	1620	436f238f73837fe879dff074e35ddf7f
cab/Meshes/IO_Bee Bottle.ANB	3284	4d6884119b7c353107b55e0c9d4ccaab
cab/Meshes/IO_Bee Jar.ANB	5476	c1299f2780b5e401e0f220e422dd7f46
cab/Meshes/IO_Bee Pot.ANB	5808	7a3302a77a18c563f0b0efcdbe2397cc
cab/Meshes/IO_Belt of Strength.ANB	2420	3f6efd94245c4055b3b468b1cd2a33f0
cab/Meshes/IO_Blood Orange Nosferatu.ANB	1492	eaa4217660d74b14116f34a3d304b4d0
cab/Meshes/IO_Blood Orange Oasis.ANB	1492	eaa4217660d74b14116f34a3d304b4d0
cab/Meshes/IO_Bottle of Rum.ANB	2596	1b51ef4921b013ad055c47bdc2e21e1e
cab/Meshes/IO_Branches.ANB	3220	af6217dd31882ffaefe60ac613b10c0e
cab/Meshes/IO_Cannonball.ANB	6852	811dd1e5c0c3415544c9d183edf89d98
cab/Meshes/IO_Coconut.ANB	1628	1f31c4da1ed7f35f198906bed8cc4480
cab/Meshes/IO_Coin 1.ANB	1636	e284aafae5a702825d8ea0006f534019
cab/Meshes/IO_Coin 2.ANB	1636	e284aafae5a702825d8ea0006f534019
cab/Meshes/IO_Coin 3.ANB	1636	e284aafae5a702825d8ea0006f534019
cab/Meshes/IO_Empty Bottle.ANB	3284	4d6884119b7c353107b55e0c9d4ccaab
cab/Meshes/IO_Empty Jar.ANB	2424	ee07021e7cc32a4e624539ef0b233406
cab/Meshes/IO_Empty Pot.ANB	4064	0f63d3a8a1c92c7c8c7ab30f708ad870
cab/Meshes/IO_Fathers Sword Broken.ANB	1240	484492b7860a24bc855855a4cca153e5
cab/Meshes/IO_Fathers Sword.ANB	1140	182b97a6f43c19cb5880a6ec254072e6
cab/Meshes/IO_Fishing Net.ANB	3044	48e7fbfbf52b4c4709f9bdd8e1360ef8
cab/Meshes/IO_Flowers.ANB	7224	233c2480aa4bb3f42da28980c62d275f
cab/Meshes/IO_Fruit Cube.ANB	1412	85a972fa5cdb5b977222bf3099c44589
cab/Meshes/IO_Fruit Star.ANB	3492	c0171795a6f36b92a5ed965d976da7fe
cab/Meshes/IO_Fruit Triangle.ANB	1028	47dbfa99f21e99acba6d1a643c7274fb
cab/Meshes/IO_Gate Key.ANB	2580	23b920dca948d64268ca768bec85d56d
cab/Meshes/IO_Gauntlets of Power.ANB	5376	0c2454756a2802cae7188a8478f92e08
cab/Meshes/IO_Green Flea.ANB	2596	6292a4ffc3e8d006f9ce851a38d1616e
cab/Meshes/IO_Hammer.ANB	1908	2103c0ed7ec16848f70814c728d4133c
cab/Meshes/IO_Honey Bottle.ANB	3284	4d6884119b7c353107b55e0c9d4ccaab
cab/Meshes/IO_Honey Jar.ANB	2424	a00d4e4806ed9ee7b2586d01622d470b
cab/Meshes/IO_Honey Pot.ANB	3272	398d4fa7ee67d178780de6623a71f3e7
cab/Meshes/IO_Jungle Liana.ANB	4484	34310ee7f6f1ee4cd55230db12370a39
cab/Meshes/IO_Key Blue.ANB	2580	23b920dca948d64268ca768bec85d56d
cab/Meshes/IO_Key Green.ANB	2580	23b920dca948d64268ca768bec85d56d
cab/Meshes/IO_Key Red.ANB	2580	23b920dca948d64268ca768bec85d56d
cab/Meshes/IO_Lock Shaped Diamond.ANB	2324	3c5ed9150e064d3418d4b6becfea1179
cab/Meshes/IO_Lock Shaped Stone.ANB	2324	3c5ed9150e064d3418d4b6becfea1179
cab/Meshes/IO_Magical Flying Dust.ANB	3172	d5f68ed160865acd164a985e56955674
cab/Meshes/IO_Message in a Bottle.ANB	2596	6292a4ffc3e8d006f9ce851a38d1616e
cab/Meshes/IO_Moveable Ladder.ANB	8228	99ab4c4edeeedb62e67a7c50f6dcff71
cab/Meshes/IO_Oars.ANB	2300	a975d2de5a329e31248c0be1a689cd55
cab/Meshes/IO_Octagon Diamond.ANB	1412	8ba589d786ec2ba595b2c443f05fe18a
cab/Meshes/IO_Planks.ANB	2596	6292a4ffc3e8d006f9ce851a38d1616e
cab/Meshes/IO_Rope Ladder.ANB	2596	6292a4ffc3e8d006f9ce851a38d1616e
cab/Meshes/IO_Rope.ANB	2052	0e9d71e714187f576e5ea903483ddae5
cab/Meshes/IO_Seed Cube.ANB	868	e9eb64614e1f9c9e7c1ebc07ee19f4bd
cab/Meshes/IO_Seed Star.ANB	2212	9515f6e63f2608fb799410a4771b71aa
cab/Meshes/IO_Seed Triangle.ANB	644	8477ceaed13328bdc578828ca0a024ba
cab/Meshes/IO_Shield of Protection.ANB	1780	1cd6dede69294b7e0badb23e0cf5ab1f
cab/Meshes/IO_Shield.ANB	1844	f160bcad60b79d21e7e4ec8b6eb3b780
cab/Meshes/IO_splinters.ANB	868	e65d15e3c44983f060cc0ee14ed76820
cab/Meshes/IO_Summon Golem Scroll 2.ANB	1884	ed4a59a671d79473549fa11f1862e471
cab/Meshes/IO_Summon Golem Scroll.ANB	1884	ed4a59a671d79473549fa11f1862e471
cab/Meshes/IO_Sword of Might.ANB	1460	ba05c5911c37ff4310b6af9fd7d08c49
cab/Meshes/IO_Termite Bottle.ANB	3284	4d6884119b7c353107b55e0c9d4ccaab
cab/Meshes/IO_Termite Jar.ANB	3312	94c6a8cf70ed3838efcff1a4b5de8098
cab/Meshes/IO_Termite Pot.ANB	4656	45f7b8de9fdfc4de1bd4ec820161b27e
cab/Meshes/IO_Water Bottle.ANB	3284	4d6884119b7c353107b55e0c9d4ccaab
cab/Meshes/IO_Water Drop.ANB	6300	e1d78188026c155b78cd806de1d1134f
cab/Meshes/IO_Water Jar.ANB	2424	a00d4e4806ed9ee7b2586d01622d470b
cab/Meshes/IO_Water Pot.ANB	3272	398d4fa7ee67d178780de6623a71f3e7
cab/Meshes/IO_Wood Splinter On Fire.ANB	436	dda0a6777ecabfb14aabf3e8278083a4
cab/Meshes/IO_Wood Splinters.ANB	196	9596d514f963ef536d2ff7e90fa9ce73
cab/Meshes/Kopia av 008_N2D_MonkeyChampion.ANB	206980	c602e55f6554be14a8caf88062881f62
cab/Meshes/Kopia av 012_D2D_MonkeyChampion.ANB	21844	74ec764d8b519d9c990b06f4f2cbb015
cab/Meshes/kork.ANB	8684	3e076f27b19b1e8c6f36a50986dc5aeb
cab/Meshes/krok.ANB	62860	5d082d5841c8d6a5a0fcec0fcd71a8ee
cab/Meshes/krokodil1_hugg_IO.ANB	158620	18974153cf7c7149c7b98e14d70a9bb9
cab/Meshes/krokodil2_hugg_IO.ANB	158620	718d54f6409cce175f54c58de5dcffa5
cab/Meshes/krokodil3_hugg_IO.ANB	158620	7a80c74e6e7d37985375c047557ed374
cab/Meshes/Krokodil_Static.ANB	255524	7c8120607cb3409c7f382f4b88d84f21
cab/Meshes/Krokodil_Talk.ANB	195524	fbb0aa3bc11b24f88550f965e655bce4
cab/Meshes/left to right.ANB	358068	72a2a6adc4df2a4e125b15a83e5e65c1
cab/Meshes/Leftside.ANB	172	a304ef526674579158c36b16f38fc750
cab/Meshes/lock_118.ANB	8560	f7ac7aded9e86dba1891fbe108a6e506
cab/Meshes/lock_IO.ANB	82256	ed5c2a6f228fca5ac3e00802b26be6da
cab/Meshes/moveable_ladder_IO.ANB	6100	633cf509cf72018d71abee15609851c5
cab/Meshes/myra_1.ANB	11012	e27312d77dd982141ce0db846574d020
cab/Meshes/myra_2.ANB	10052	63e09e60ac300921745396833f10fe4e
cab/Meshes/myra_3.ANB	11012	ecfa87e0469ddc36cd6ceb4aceb52b10
cab/Meshes/NewApeGuard_hungry.ANB	274480	3790830255902fbbf97071c6aed3ba2e
cab/Meshes/NewApeGuard_Idle.ANB	209680	1f2bb609c362ad401cd9adfd860d721f
cab/Meshes/NewApeGuard_jump.ANB	209680	0d89dfc19754317a30c911c830d17b91
cab/Meshes/NewApeGuard_stop.ANB	196720	6b7033476248419a3f0bedfe71bc7dbb
cab/Meshes/NewApeGuard_walkaway.ANB	1057356	5b679c2474f7c3391bd11a2ed25280e8
cab/Meshes/Nosferatu_Idle_IO.ANB	338572	9b628cfa9a9136ef337cb746cf46336f
cab/Meshes/Nosferatu_Mysterious_IO.ANB	208396	fec26f3e7c82af33c9979277b6eef1ba
cab/Meshes/Nosferatu_Talk1_IO.ANB	99916	5d5f153c99cb65b2c71b955835c3017d
cab/Meshes/Nosferatu_Talk2_IO.ANB	121612	b2b23bb3589a3d617f4fcee2cbb332b7
cab/Meshes/octopussy_gooning.ANB	32652	acf6d90d60088b503c1ef0906b86ab00
cab/Meshes/Parrot_Effect_Idle_IO.ANB	129244	65fec63586b279ed7aaf730b62032551
cab/Meshes/Parrot_Effectcamera_IO.ANB	129244	18759ba154cf6b44422bfda2405c0398
cab/Meshes/Parrot_Idle_IO.ANB	129244	1ca5d115579181b093a0253b0c68c7fc
cab/Meshes/Parrot_Opengate_IO.ANB	129244	f7a9d376450670ebcd34e1aa94d775c2
cab/Meshes/piranha2_jump.ANB	57076	04b9b334bad9c4f52b4d5d7eb2a65310
cab/Meshes/piranha3_jump.ANB	57076	0ecd96f9d85a651bc15961c9ae0eae4b
cab/Meshes/piranha_jump.ANB	57076	8d1774fc618f71079a191fb79db2d93f
cab/Meshes/plattform is down.ANB	9836	d2ba8385499467fafcf182b2fe51a615
cab/Meshes/plattform.anb	94284	629939ebef796230f66005914c10a3b1
cab/Meshes/plattform_up.anb	11924	350b31cf954de1322d7c264029bba670
cab/Meshes/plattform_walkarea.ANB	6284	3f3827929bcf2bc64804f0950aa76154
cab/Meshes/PotionOfInvulnerability.ANB	3220	6816d8d3dbed27e7c448ff767b78fe4e
cab/Meshes/primus_rolling_stone_03.ANB	69860	ba110a02ee5250f004d8150899395961
cab/Meshes/primus_sten_explo.ANB	54044	43d438d187fbdf1144550d363cb3d3a6
cab/Meshes/primus_sten_lockshaped.ANB	9444	9ccce1760d24a1876045c8265d2dc6a2
cab/Meshes/ratbeard_talk.ANB	235852	4d31339b3d6dca53be88ce3c099c94f6
cab/Meshes/ratbeard_wait.ANB	235852	274a33a31f9e2632e6913e5325547671
cab/Meshes/rep.ANB	2036	889c5fa59441942bb4d8883750e3bfcf
cab/Meshes/right to left.ANB	358068	e211aebc5203543c3498b8d45c37c4ab
cab/Meshes/Rightside.ANB	172	4dcf9f37298a259a10afd166a1f63a5c
cab/Meshes/rolling_stone_01.ANB	69860	7cf251acffced5876a9ee39bddf930bd
cab/Meshes/rolling_stone_02.ANB	69860	d92bde5670b3d148baf7cd127fce01b0
cab/Meshes/rope.ANB	6508	c3126d19b334a5121c14ca2453ffb491
cab/Meshes/ropeclimb.ANB	16796	ea9bd330d06853f25d65e7b6f70f1f5f
cab/Meshes/SA.ANB	26804	5b2f5044f757a3a1a6f9a20268f516e7
cab/Meshes/SB.ANB	26804	c2dc31e020ec17d1082d696cc9507d69
cab/Meshes/SC.ANB	26804	ffa9e314f7debd1bafb7e7c9de983947
cab/Meshes/SD.ANB	30632	0d3817c9b0c4bfa865ce5f7764afe195
cab/Meshes/SE.ANB	26804	c3ef6e13c58d9bdd124361e480f35c2b
cab/Meshes/seahorse.ANB	167284	54ec0b88a2801ad078317761503f9556
cab/Meshes/SF.ANB	26804	e171db0b63eca9c9b83b63717f1e9ad9
cab/Meshes/SG.ANB	26804	bec49f73fb4355d9873e52d4d7faa9b5
cab/Meshes/SH.ANB	26804	802edc33951745c1775033036899d36f
cab/Meshes/Shadow.ANB	228	949ab139408c1dd14aa6e209da4e527b
cab/Meshes/skeleton_jumpdown.ANB	59412	2a54cdf7904c15e389182ed89179f152
cab/Meshes/skeleton_talk.ANB	150828	61012e9fad8e0ce8ccf39b50c17f3ae7
cab/Meshes/skeleton_wait.ANB	150828	d2ff9835c58ade8891aefd49560f4df5
cab/Meshes/sleeping_bear_1.ANB	52772	b42f10f048fa7831d3dc861749b7b609
cab/Meshes/sleeping_rat_IO.ANB	106268	993cdb53d57cae3959ab04140e129cfa
cab/Meshes/sleepy_rat.ANB	153548	fdbf9ce97bdf1426037c45beb167a899
cab/Meshes/sleepy_sword.ANB	23108	7641359a0b09945c6eec795e4cf49fdd
cab/Meshes/snake killed by boulder A still dead.ANB	9812	7b39072ff475a9125dbeb4206a479251
cab/Meshes/snake killed by boulder B still.ANB	9812	266dd2d4f3650fb32f956e3069849bb4
cab/Meshes/snake kills by boulder B.ANB	64244	5d91bb225e15c823aff063362e887eeb
cab/Meshes/snake2CCW.anb	398612	4a6312441cd514323be28e68234ae3b0
cab/Meshes/Snake_A_sneakout.ANB	165332	c1b83d6ed350b6f3e1007dd4ad7b7af5
cab/Meshes/Stone_Fallen_Idle.ANB	5060	5ded68551c8d01f6c5358d81557de491
cab/Meshes/Stone_Falling.ANB	69860	d651e69b6d555c4e0ea81c33cf5ccabe
cab/Meshes/Stone_Idle.ANB	29684	d5bfff9d16229e06c7b60536e0cc7cbd
cab/Meshes/storcrab.ANB	141988	49cd8159c918d953150ed7e95e9ffd86
cab/Meshes/sword_of_might_in_from_rope.ANB	51860	33928f7129bb4441e135bc83a577367c
cab/Meshes/sword_of_might_in_plattform.ANB	15860	c2361dc4c02f59c841f42d0a26ac8dba
cab/Meshes/sword_of_might_pullout.ANB	30260	4bf96ca650bac53699124093304ce0fd
cab/Meshes/tunna_A.ANB	45164	e430f5854d527fdd19fa8cb072402f52
cab/Meshes/tunna_B.ANB	57164	b81b6cdc8aeeac868ac6337f7e144657
cab/Meshes/tunna_C.ANB	51164	642e11d27ba92627bf3c511fcafc05cb
cab/Meshes/Turtle_Angry.ANB	145820	b5196f0626417256625d7e83d50ea081
cab/Meshes/UpGrumpa.ANB	93468	e56d6979540e145b801ea878db691fe4
cab/Meshes/VA.ANB	4044	86a075b20ac0bdc784b6cf16f4a584ae
cab/Meshes/VB.ANB	4044	84843fba0d234dc2b25ac0ff03ce0703
cab/Meshes/VC.ANB	4044	6c5c3d6e60fc5f0d1ad4270af4a44ed3
cab/Meshes/VD.ANB	4044	af64c3892b1c329a550ac2c152754321
cab/Meshes/VE.ANB	4044	d4eed31defc4fa9f18b4d66f9c33aadc
cab/Meshes/VF.ANB	4044	4cc7c9c043d1db1f0f9b1f3992283ccd
cab/Meshes/VG.ANB	4044	9a23e55528be93546e5f829da10a3baa
cab/Meshes/VH.ANB	4044	08f79a4bba202bff27443434f6fa02fa
cab/Meshes/waking_bear_1.ANB	197924	d62c5047220abd378e60b0fb726d5a9b
cab/Meshes/Walkable plattform when down.ANB	348	298f70a4d15252c4c0779bd5e0b0b484
cab/Meshes/waterripple.ANB	1740	6293463b05e38ff22f8cf5c8b7f48c3b
cab/Meshes/watersplasch.ANB	30632	48d9e6496e6e733b830a60b1492734da
cab/Meshes/Witch_Static_IO.ANB	72880	9f78118724228b8980c54470fc6d7fdd
cab/Meshes/Witch_Stir_IO.ANB	143392	e1f311d4430b1f5e2a374f4b1bdcec2c
cab/Meshes/Witch_Talk1_IO.ANB	132544	a089296337c3282dcd43567309b76117
cab/Meshes/Witch_Talk2_IO.ANB	89152	f19db18f47343f4ade9ff3893a5161b9
cab/Meshes/Witch_Talk3_IO.ANB	203056	6a824ce45aa4638bd30063fd3489ea4e
cab/Meshes/Witch_Talk4_IO.ANB	165088	47bfd67b4792884f64aff84b4d19899d
cab/Meshes/Witch_Talk5_IO.ANB	143392	ebbae646db79e7c08ae7c855eed14de3
cab/Meshes/Witch_Turn_IO.ANB	83728	5e49a3e5dbaff3b5161d0165f0b97fcc
cab/Meshes/worm_A.ANB	49716	ba4c687cee043e730c52671915d90793
cab/Meshes/worm_B.ANB	49716	0f22e337971b7d81c27b3c619cc9365d
cab/Meshes/worm_C.ANB	49716	2aa3badbbb78eb0b06b8bc93e200fe93
cab/Meshes/worm_D.ANB	49716	7793c86cfb6f7dfee1459ce6f467c374
cab/Meshes/worm_E.ANB	49716	19e9bd4f358533dae5463a15febe9f73
cab/Meshes/worm_F.ANB	49716	70bb55783d68f97d5933651fdc4c4edc
cab/Meshes/worm_G.ANB	49716	5401926d3f597c434bad24811f0d04a2
cab/Meshes/worm_Spitout.ANB	64836	867b29e4321c51ec3ed2ac46843de551
cab/Movies_Danish/grumpa_intro.mpg	16310276	bfb46e55daf2ca93e5d278ee748fc0e2
cab/Movies_Finnish/grumpa_intro.mpg	16310276	596ec148bcb18c57a7f8b5f94cb34f99
cab/Movies_Norwegian/grumpa_intro.mpg	16310276	c9d7f3f9e36d0d37484e6d6a781954f8
cab/Profileshell/FXProfileShell.exe	57344	d4724192e57a9b5ee8f97288fc2c2706
cab/Profileshell/Grumpa.exe	2095817	4ff56a3162b027895fb52401d308fb7f
cab/Profileshell/GrumpaConfig.exe	65536	02b5bcb5483a04a8f5a96aaa4d83b0c4
cab/Profileshell/shellmedia/click.wav	75296	79487efd5a8442ea267b9819546e38dc
cab/Profileshell/shellmedia/gast.GID	10835	bedaf136b4b3175d827316593d08044c
cab/Profileshell/shellmedia/Grumpa.cnt	645	826d5081cdb4175ba1589dcf4da87ab6
cab/Profileshell/shellmedia/grumpa.GID	10834	0558201f4f35ae2a8c607a8ecd343a91
cab/Profileshell/shellmedia/GRUMPA.HLP	28358	9a586cc556557f9d640a414db95b44a3
cab/Profileshell/shellmedia/Grumpa.ICO	1078	f21483d71b16667d977db14191c925ec
cab/Profileshell/shellmedia/grumpa.shl	420	47ce0321c2e72151adc3a0ab3e9b7b65
cab/Profileshell/shellmedia/grumpa_24bit.bmp	921656	38beae637eb95244ee59cd97d7ba1d70
cab/Profileshell/shellmedia/hand.cur	2238	cc40df02fb0f9015778da7809c69fdcc
cab/Profileshell/shellmedia/help.btn	268	f9c61c5ab8f1cb7ff898c7bdae665d96
cab/Profileshell/shellmedia/help_hi.bmp	17456	68f2fb8df773bea5dca69dcf11648308
cab/Profileshell/shellmedia/help_lo.bmp	17456	03bb8fbb6f5e972396fed09af27efbee
cab/Profileshell/shellmedia/idol.btn	263	4c1d407c99d1090cbb9c9efb75c8f8a9
cab/Profileshell/shellmedia/idol_hi.bmp	5096	c6adfd854dc76e640d03bdf5d8e3a54a
cab/Profileshell/shellmedia/idol_lo.bmp	5096	e05e43b830575ce50c7020cf40fb11f6
cab/Profileshell/shellmedia/idolfx.avi	1376774	5c5138ceea18faf975d5538704e7566f
cab/Profileshell/shellmedia/INETWH32.DLL	49152	060c9899df25d3cde3988178420348dc
cab/Profileshell/shellmedia/play.btn	253	8be9df3e2de3ff3b8848d946800457bf
cab/Profileshell/shellmedia/play_hi.bmp	12932	25d84e3f7372f66598761272052a7858
cab/Profileshell/shellmedia/play_lo.bmp	12932	5cb61802ee222ebdc4aeb17ed3e196fc
cab/Profileshell/shellmedia/point.cur	2238	b8f5223ff3abfb650e6a0c71e7df2e82
cab/Profileshell/shellmedia/quit.btn	249	884bbbc85afc9407b222e288b7c164a5
cab/Profileshell/shellmedia/quit_hi.bmp	11888	7c0f729bd9c3a7ef2ad0c2855b5e0f65
cab/Profileshell/shellmedia/quit_lo.bmp	11888	c775139402fc9c2cb235c2eded60b9cc
cab/Profileshell/shellmedia/ROBOEX32.DLL	1044480	53aba62c025b0e2df885cf1c445874a1
cab/Profileshell/shellmedia/swooch.wav	37804	8a537346ae94e0de9899fc1f37ab6194
cab/Profileshell/shellmedia/system.btn	268	0ca3d6ac7b06a8b78fef3cdb673b18a0
cab/Profileshell/shellmedia/system_hi.bmp	17456	389fd88dd314ff427be2f7368dcaff1e
cab/Profileshell/shellmedia/system_lo.bmp	17456	d6939435a44ab30d8788d1e3eacf57a9
cab/Profileshell/shellmedia/visionpark.btn	289	87ab79d9b349b3d428b9bd84cdcc8df5
cab/Profileshell/shellmedia/visionpark_hi.bmp	10772	1ee4f2e0d34fbc3b49935a8571147fa8
cab/Profileshell/shellmedia/visionpark_lo.bmp	10772	9a90d1ea7935c9c544f75e2cdbf0a9c5
cab/Profileshell/shellmedia/vpark.avi	3774976	8430c91f8055ccc060120208839a1ad9
cab/Save/Current/001_status.abi	877	a060d8a8e819d57c4093fc53643655e2
cab/Save/Current/211_status.abi	1817	6f93ae3edca0a127dc3630f4496bce5f
cab/Save/Current/307_status.abi	537	72d8f6389709ca5c72fc41f70432b650
cab/Save/Current/500_status.abi	161	77fb40d2ab9b03902510992b9044e9e3
cab/Save/Current/remote.abi	4	f1d3ff8443297732862df21dc4e57262
cab/Save/Player/Player.sts	11	7fd82779b8e8712ef302f9223e25479f
cab/Save/Player/Player.tga	38444	61564cde4cff0fd4f61f6cbcaa37c1ad
cab/Save/Player1/Player.sts	11	7fd82779b8e8712ef302f9223e25479f
cab/Save/Player1/Player.tga	38444	61564cde4cff0fd4f61f6cbcaa37c1ad
cab/Save/Player2/Player.sts	11	7fd82779b8e8712ef302f9223e25479f
cab/Save/Player2/Player.tga	38444	61564cde4cff0fd4f61f6cbcaa37c1ad
cab/Save/Player3/Player.sts	11	7fd82779b8e8712ef302f9223e25479f
cab/Save/Player3/Player.tga	38444	61564cde4cff0fd4f61f6cbcaa37c1ad
cab/Save/Player4/Player.sts	11	7fd82779b8e8712ef302f9223e25479f
cab/Save/Player4/Player.tga	38444	61564cde4cff0fd4f61f6cbcaa37c1ad
cab/Save/Player5/Player.sts	11	7fd82779b8e8712ef302f9223e25479f
cab/Save/Player5/Player.tga	38444	61564cde4cff0fd4f61f6cbcaa37c1ad
cab/Save/Player6/Player.sts	11	7fd82779b8e8712ef302f9223e25479f
cab/Save/Player6/Player.tga	38444	61564cde4cff0fd4f61f6cbcaa37c1ad
cab/Save/Settings.ini	11	961d7c2e98de922f5b4837286afbac67
cab/Scenes/Characters.abi	46648	8366abf5a750008bd5d224ed57a6fa0e
cab/Scenes/Scene_001.abi	5670	8c8287c40b0f83309abc94f8ef32eefb
cab/Scenes/Scene_001.scn	8174	a6c938ea54ac5d1d50bd95e5fd98a502
cab/Scenes/Scene_003.abi	4761	ce7e68a0aff4ea032b8914cf40f67f04
cab/Scenes/Scene_003.scn	21090	f1e910d0ee59fe7c0cdbbaedff1bdb34
cab/Scenes/Scene_004.abi	9415	10b83ec4dfb306d01416b822c5dc2e6e
cab/Scenes/Scene_004.scn	44816	98f3a9d90b9bc4b408822cb82a55932e
cab/Scenes/Scene_005.abi	10330	a06f09aba7cff0270ebf3e616cb9cbb6
cab/Scenes/Scene_005.scn	26526	adb213b88bbf5ad597d072fe96139fd3
cab/Scenes/Scene_006.abi	19257	9b799b989637ba5c2b8282b253c30d54
cab/Scenes/Scene_006.scn	23160	9449e171000817b07c505090ebb9a0ae
cab/Scenes/Scene_007.abi	3209	ca0eccdfdc23a6d1dc406383d4c0a021
cab/Scenes/Scene_007.scn	21818	ac1f48ae0a157c4aa68bd36236f65d25
cab/Scenes/Scene_008.abi	3263	ed4950b921b25c1c0f91837981699763
cab/Scenes/Scene_008.scn	31286	66a97a32dd589868a68ef43a1fc581a7
cab/Scenes/Scene_009.abi	12939	dbf4b9796bb84b41beb8aafa89da590b
cab/Scenes/Scene_009.scn	6854	5d6fe805b19f8394f9ca5b0613edff0d
cab/Scenes/Scene_010.abi	6235	d56d1db08ed2dafa19c93a51df94426f
cab/Scenes/Scene_010.scn	17880	d49de72ee61a971fad1c8260ff62c8e1
cab/Scenes/Scene_011.abi	2672	f478f3c847ec199bfe7343249ae39104
cab/Scenes/Scene_011.scn	1648	233a1bd9c6b7570505deec62af42bb88
cab/Scenes/Scene_012.abi	5310	7661986e4afadb7d2e887c48ede70226
cab/Scenes/Scene_012.scn	41784	f65b9b736582d1a0dfe073a8867da3e2
cab/Scenes/Scene_013.abi	10568	4331e133fdd8ba5e34dc76351391bfe7
cab/Scenes/Scene_013.scn	11472	2b796e97995fa69dbda1b0d95fb1edaf
cab/Scenes/Scene_014.abi	7798	0578eec61f8a09c83a3550cffa820f6d
cab/Scenes/Scene_014.scn	9332	64ec18db29012232ed54045d9a2c1260
cab/Scenes/Scene_015.abi	7102	cb2ed2feb9df17e53d076c78ead51a7f
cab/Scenes/Scene_015.scn	8364	3be31aaa9777da26f214eb05b8fc63bc
cab/Scenes/Scene_016.abi	5416	cbd088f47177d1f331ff0a61356be77f
cab/Scenes/Scene_016.scn	36652	cd90be853fee8a3c0113e924ad1f6a06
cab/Scenes/Scene_017.abi	6452	2df10ed1ec372820e236d50b469702bf
cab/Scenes/Scene_017.scn	42980	3523cd16aeb1bb1d04e059af6fa6853c
cab/Scenes/Scene_018.abi	3417	dc7a8ba3a24c3bea702a5a8f30d4744b
cab/Scenes/Scene_018.scn	20876	9524b5cb77c19ba178cc77b8662fd707
cab/Scenes/Scene_020.abi	6254	6a8702304a4b3cca39ca40afa35fc479
cab/Scenes/Scene_020.scn	20336	234545f7bdd0059709e1862e9af93029
cab/Scenes/Scene_021.abi	5695	0b958d35dcb2f952f90547e3f2c36b66
cab/Scenes/Scene_021.scn	7568	31b8ce9aecad928c4ca9a13be64cecb6
cab/Scenes/Scene_022.abi	21096	903361cf05bbbb9acc81d5aca1a0f2aa
cab/Scenes/Scene_022.scn	2160	c65379a335fe905f19276821930709e7
cab/Scenes/Scene_023.abi	2726	8edbf27cf37ad917535267aa21df5611
cab/Scenes/Scene_023.scn	20108	4cbfb2be149cab2334f8c6c46259ff16
cab/Scenes/Scene_024.abi	5484	011b6dacc283c07b4526d82abcdcb6c9
cab/Scenes/Scene_024.scn	28304	ce7b962a3066220dd80570cc1d60259a
cab/Scenes/Scene_025.abi	4663	9641e8faaec43b791729d113afdd8cde
cab/Scenes/Scene_025.scn	2620	51119fac36def2e5a2fdf314a2a8fb78
cab/Scenes/Scene_026.abi	7633	e5144e21d159518adb7552f4dfc49008
cab/Scenes/Scene_026.scn	9876	0dc146ac023b1e3d7de4e80868357dcc
cab/Scenes/Scene_027.abi	8592	5c3142f8da880fa538bda905aaebdd49
cab/Scenes/Scene_027.scn	8756	4061d9f08b3f5a80bb27d979f5eb58ec
cab/Scenes/Scene_030.abi	5519	406805d0071b80bd9c5c6c99ea702d21
cab/Scenes/Scene_030.scn	16124	f2e62c2197b0d496b84d2084269edc37
cab/Scenes/Scene_031.abi	7831	ef7e472621d3b3d7b30fcef976be4c4b
cab/Scenes/Scene_031.scn	15128	968f32aa3396fdfcc912be7a4960a292
cab/Scenes/Scene_032.abi	3488	c3c21c161acecf0f42afad574f4a849b
cab/Scenes/Scene_032.scn	4072	0f41d4ddff9398c8ef8e5e03f1f8d16f
cab/Scenes/Scene_033.abi	6400	1dbc97767a43afc7528a4680a608d3f8
cab/Scenes/Scene_033.scn	26020	e5b84e213d27bc15334c7387974a5339
cab/Scenes/Scene_034.abi	8930	0e2c86f7e22531825297901eaf04ed13
cab/Scenes/Scene_034.scn	43924	2e1780fbebc31c0019fb05e6a732a902
cab/Scenes/Scene_035.abi	5577	097158937b70fb74e487715a8301f1d2
cab/Scenes/Scene_035.scn	24684	bd1bbcb9f55738900e70bef18d756afc
cab/Scenes/Scene_036.abi	4729	89d997364fa55d76d4ddb06d605dfacc
cab/Scenes/Scene_036.scn	10032	4d06a517be4925c77c0600817ea3df7a
cab/Scenes/Scene_037.abi	5150	ec709b8ce2b302ea029d692911e44e33
cab/Scenes/Scene_037.scn	19756	a018bf45292134ac1b734b309b43e35a
cab/Scenes/Scene_039.abi	2415	e6a7e11aac7a2d62a0f58d546cc64c69
cab/Scenes/Scene_039.scn	6740	1bbded12e4b9f5cefaefeeb53ba33ac4
cab/Scenes/Scene_040.abi	4072	1a6d9e656d8d1e2de72f0fadd460f71a
cab/Scenes/Scene_040.scn	6220	f80457977e781cdb60b60d3e67723a76
cab/Scenes/Scene_041.abi	2493	010875c668a0029d1538231e751a853d
cab/Scenes/Scene_041.scn	11116	187556a39803e7582f814b07152afdb8
cab/Scenes/Scene_050.abi	5698	85e2d77436b6efc3aa2c12a4848c43ca
cab/Scenes/Scene_050.scn	17380	bf18cdc971a063f6064abb2624d970bd
cab/Scenes/Scene_051.abi	2449	4af33efed3902a123110943e9b1f78b5
cab/Scenes/Scene_051.scn	23344	97a7163fdbc2a6514e4d816c72ad1326
cab/Scenes/Scene_053.abi	2732	4bec37b7a66c1656a681d080c3b56fa6
cab/Scenes/Scene_053.scn	20008	81359861a1f14126bcf39fce3e5920d2
cab/Scenes/Scene_054.abi	5199	bcf7ccd30b50aacafc5b7dfebc0407e1
cab/Scenes/Scene_054.scn	8120	d9b40eb2615a8afa152c4175b98810ce
cab/Scenes/Scene_055.abi	2493	debee4edf0b354394881771d007e7ee5
cab/Scenes/Scene_055.scn	11448	4696c31faa2f83bbd38f9015060b7556
cab/Scenes/Scene_056.abi	4027	521bcd26a8a06e0c193febaa2df241af
cab/Scenes/Scene_056.scn	11916	5338bb54c1bfcc9d4abf8e78e5c6b857
cab/Scenes/Scene_057.abi	1006	c30a41bfa16dfce30b5eac8df43eb1c0
cab/Scenes/Scene_057.scn	13076	96c1ef237708e47b861857b0d5090aef
cab/Scenes/Scene_058.abi	2998	8d9d12e73d1051a1afe8d7effe11ec7d
cab/Scenes/Scene_058.scn	27652	a97e8e893cf3b0e6f1cac92a7a044ae8
cab/Scenes/Scene_060.abi	2430	858cf3e2663c6b5218b3401f6387ced4
cab/Scenes/Scene_060.scn	8296	c8f45f4d9e077455e6c392b898604721
cab/Scenes/Scene_061.abi	6026	45ecc2ddfd3d4260bbfa5d81a896745f
cab/Scenes/Scene_061.scn	3196	8d5bb00bb504046a5488a7752f7e4c4e
cab/Scenes/Scene_063.abi	2388	d4c5c4fb80497476eb0d74b2941328ef
cab/Scenes/Scene_063.scn	3248	fbb3bcfc8336cb7d1ab40a296a7d5dc9
cab/Scenes/Scene_065.abi	1994	c16a742c87d18c2998242a8d1aeb0df7
cab/Scenes/Scene_065.scn	3248	7adead176729df81215bbec81171a4ce
cab/Scenes/Scene_066.abi	1970	9b0cb5b67591990ce8dd9285b47cb843
cab/Scenes/Scene_066.scn	3248	5356101c32cee42eebef70fd70cdf7b9
cab/Scenes/Scene_069.abi	3468	c31c494f3b78b17bd525235a05f450bf
cab/Scenes/Scene_069.scn	1200	8a922709cf39fe66aea9fc623f222afe
cab/Scenes/Scene_070.abi	833	3fd45f4ee68b6e4312181eb5f443c573
cab/Scenes/Scene_070.scn	4508	4d6be75201588ccd71232aa5c2a7a074
cab/Scenes/Scene_071.abi	1757	113bb8ef76fe96bfd38f902cff1a29d5
cab/Scenes/Scene_071.scn	20480	23ec6e1c0de236043f81f72da502aff0
cab/Scenes/Scene_072.abi	1489	7a17f88575f6b2e854ce65592e6acd9d
cab/Scenes/Scene_072.scn	5600	9c3fe51207ea686f60486c9821d2eb13
cab/Scenes/Scene_073.abi	1632	53dddcf486b91c5cd0b67885b1a8bdbb
cab/Scenes/Scene_073.scn	7208	b91584545950efe7aa0bb41e601b358a
cab/Scenes/Scene_074.abi	1013	bc3c14028c999dda91f6ba74bd247aae
cab/Scenes/Scene_074.scn	14804	517c6ec92b116e3fca6fc8bb9c8ec8a8
cab/Scenes/Scene_075.abi	834	20b068965b21f37b265309d73ad482f3
cab/Scenes/Scene_075.scn	21492	b4f1ed6778895aa0752c62c3a105e825
cab/Scenes/Scene_080.abi	1579	487a079e11c4957de0480e7b7f844d5d
cab/Scenes/Scene_080.scn	6720	163991dac15961752ea081e17d15daa3
cab/Scenes/Scene_081.abi	1781	1773f25e8388aa3eb7d485ef7d1b0092
cab/Scenes/Scene_081.scn	3992	52572f8bc70b42eaec533ec951c6cc25
cab/Scenes/Scene_082.abi	1189	01bdaad6d84bcb4bce76290451da7c11
cab/Scenes/Scene_082.scn	984	b3a73dfa05a05f7809565937667b5f6e
cab/Scenes/Scene_083.abi	1189	8a55a0ac687387250bae76cf1b13a8d8
cab/Scenes/Scene_083.scn	2064	c17f7039efcaf8f6effb9a4c45303bf1
cab/Scenes/Scene_084.abi	1011	af5eee675ad75f65653b72d26f64b1ca
cab/Scenes/Scene_084.scn	4040	e900b5592e811f4eb4acfa89e906884c
cab/Scenes/Scene_085.abi	659	92ede51df1da4422491f1dd43937e963
cab/Scenes/Scene_085.scn	2064	dc19a51eda4408edfa872335d0f98b2a
cab/Scenes/Scene_086.abi	659	cd28c73ce652120ad7bc5f9a7607c80c
cab/Scenes/Scene_086.scn	2920	8de56b4d8977bc46babfbe8c5a50a2eb
cab/Scenes/Scene_087.abi	509	cf36af1f21d1821ca95a9d0f742223bf
cab/Scenes/Scene_087.scn	34660	3fcb07e8ed908219b48ab0c3948307f7
cab/Scenes/Scene_090.abi	5700	4669a88f50cec00dc89a5733ff39fb52
cab/Scenes/Scene_090.scn	18972	bab7b110921dd20fd1c6f3d889f85ceb
cab/Scenes/Scene_096.abi	1130	f8b651dc4db53a9061d361e03ea594b3
cab/Scenes/Scene_096.scn	1316	2f437ac032ed2637ed16dbfe3ba72ec7
cab/Scenes/Scene_100.abi	8788	4fae937137ce7c4cecad4cc407d001ac
cab/Scenes/Scene_100.scn	826	f2e196051ec71788502eb87800f68db2
cab/Scenes/Scene_101.abi	2771	6628400cb38f823fb08706c2621c04ff
cab/Scenes/Scene_101.scn	1226	fe20963dd5c7b09c1b90090a81211a2a
cab/Scenes/Scene_102.abi	2908	3e381305011b579515710bfdba34f257
cab/Scenes/Scene_102.scn	7966	d75d77c2cc8184dca24537102882a1c8
cab/Scenes/Scene_104.abi	9383	e1572b1398f83a2cd0673ef252fd34e9
cab/Scenes/Scene_104.scn	15818	083781b4284526ba6827a2967e4fcd41
cab/Scenes/Scene_105.abi	2212	47265a3ff8aaaf27c068f9a0bffa9e3e
cab/Scenes/Scene_105.scn	3278	212f88e624f63cb8ddd07d2f55f98dd7
cab/Scenes/Scene_106.abi	780	66ee05a32ba6731634dc302c7152b206
cab/Scenes/Scene_106.scn	1370	2f3c1df2955c35a6ad14de5752df2ae3
cab/Scenes/Scene_107.abi	13127	f35c520ad4ba5c627544922cea4cf95f
cab/Scenes/Scene_107.scn	898	d6a77b90b2c2098605aa68761cec29a4
cab/Scenes/Scene_108.abi	2161	02ff710b90b4a612c9ad57f971b025d1
cab/Scenes/Scene_108.scn	3062	e8fd9a7d8700ba7751017164ae7f6f30
cab/Scenes/Scene_109.abi	2778	28ec1e4d7a2cbe2d8abbf57a73ef397a
cab/Scenes/Scene_109.scn	16628	1185f57aa417243ba674484a48752a0d
cab/Scenes/Scene_114.abi	2206	cb4b6c70152314945177321dc9dda71d
cab/Scenes/Scene_114.scn	10384	4ccdc36c74fc477dfd814cf7b973a406
cab/Scenes/Scene_117.abi	4077	186d315cd300c6d9d0f4c6e239531ea1
cab/Scenes/Scene_117.scn	1846	e03e36b8c9662b71f069fdec75bca87e
cab/Scenes/Scene_118.abi	4361	965c6bff476b2f44cb6c46c3adbe934d
cab/Scenes/Scene_118.scn	3062	e4b112bb798a56dd4bcf86a4b9bbd24b
cab/Scenes/Scene_119.abi	1676	2ccbd0b3d7c1ff1a6033c6648f9e9c28
cab/Scenes/Scene_119.scn	16684	ea055a1871c85ad602796b01597e390f
cab/Scenes/Scene_211.abi	17303	14eb1c2d8d4662a4f79430ee772f614e
cab/Scenes/Scene_211.scn	17292	6623ff457f3bffd3f12e1514c030887f
cab/Scenes/Scene_212.abi	1573	11a4b7167e649c6c0376b00176d885d9
cab/Scenes/Scene_212.scn	23526	209ef21cdb0eb3d30f91849a55401485
cab/Scenes/Scene_300.abi	2989	97e760a624478721218e5867663acd0b
cab/Scenes/Scene_300.scn	24126	8802921aec29253d3304e18b7658e315
cab/Scenes/Scene_301.abi	3765	5b6e337af969b4d1a287ca6d9af7572d
cab/Scenes/Scene_301.scn	10646	9eb92422f470e03ea4fbd26851189d6e
cab/Scenes/Scene_302.abi	4070	2fc3adad63f53d64639de64b5be98e6d
cab/Scenes/Scene_302.scn	31878	8ffdd4e771e38faa34464d603e9287ae
cab/Scenes/Scene_303.abi	1454	786201b367d2cf39e09103592a2e7484
cab/Scenes/Scene_303.scn	8094	27c6396945ce4e4e0570335918772aa0
cab/Scenes/Scene_304.abi	992	be9380e14269d9222b1ee5741d9eceb4
cab/Scenes/Scene_304.scn	5438	6812adc1a14ceb0d506160032d77ecc8
cab/Scenes/Scene_305.abi	2029	72179ec95bf9ff2380a896e96dfac74a
cab/Scenes/Scene_305.scn	33742	451d049c9ff3d939d70f7886be7a446d
cab/Scenes/Scene_306.abi	1863	b73a8798fc9bd0fe0e4e7ecda145b5dc
cab/Scenes/Scene_306.scn	5526	15f36e1fea0aa857644037cb176586f0
cab/Scenes/Scene_307.abi	3241	5f79dc96b2a302adce62bf9ec0e5bd9d
cab/Scenes/Scene_307.scn	31090	294657e24d236890dc8c413dd2c10aa5
cab/Scenes/Scene_308.abi	3687	be304e0e1ac850d8bd62446c9eea3535
cab/Scenes/Scene_308.scn	1366	201062382d07117c4599cf24538b27cb
cab/Scenes/Scene_309.abi	4808	55903551ca453ec7a803a491844cbf5d
cab/Scenes/Scene_309.scn	4358	e525ba527dd3a0a13021c978b83946d3
cab/Scenes/Scene_310.abi	2340	244ce6788b7250a48f76d2262dd27a46
cab/Scenes/Scene_310.scn	7558	9ae18e793da710e983caf59923c4a9a7
cab/Scenes/Scene_320.abi	1414	65b1244a9266fa9f6f8ec8435bd2a023
cab/Scenes/Scene_320.scn	14214	b5da4544aca6367bd3558ef8ca45b370
cab/Scenes/Scene_321.abi	843	cc6082404bc4ea0c4926c0990169e0de
cab/Scenes/Scene_321.scn	11686	64f84e85dbf01e535fc4818bab8b938c
cab/Scenes/Scene_322.abi	2397	9467deb586f1f1e1fc4e2327d985bb89
cab/Scenes/Scene_322.scn	21630	cc6572aaddaea0e35703a1ac8db7ed05
cab/Scenes/Scene_323.abi	1271	938d36d53b9d059dac8a47e2f3d31bab
cab/Scenes/Scene_323.scn	21470	6c5b8f8f21343e93e479b71418d58c7a
cab/Scenes/Scene_324.abi	1254	269313035044cc6497b5f1ff8e5b5dd4
cab/Scenes/Scene_324.scn	6910	e0319ff19a5e0f784c87b82fb7ea2920
cab/Scenes/Scene_325.abi	1382	af980d0e96d8f514ab95e6e9bd1382c5
cab/Scenes/Scene_325.scn	18934	9cf41ac57d892b39a5f348b9e1f8b570
cab/Scenes/Scene_326.abi	783	6ec781f364579411a68cb89a8f057f82
cab/Scenes/Scene_326.scn	11686	c859bac8ffe90b87633f607615f23312
cab/Scenes/Scene_330.abi	1726	fc3cf67e8c85638b5c25ba2365e3c007
cab/Scenes/Scene_330.scn	30774	728051e03fc1806ab1dcbca6af847329
cab/Scenes/Scene_331.abi	1281	d3f612b3765c0e32cbd925570c905daa
cab/Scenes/Scene_331.scn	22534	95cf6c0d366b47b449864449d2a8f4c9
cab/Scenes/Scene_332.abi	1447	c8b097d2053dfea64c3df16a8fcc9ff1
cab/Scenes/Scene_332.scn	8998	ae48d3071b12b1a60eab91dbfec3f278
cab/Scenes/Scene_333.abi	1267	e54c6276e682d4ee032176d5315ea69c
cab/Scenes/Scene_333.scn	7670	fbe0125ed725bfab5b92fb47759b26ce
cab/Scenes/Scene_334.abi	571	53af1dfcf144e7f0343e552879d9bb54
cab/Scenes/Scene_334.scn	8742	0a7b38ba19def27fa77a631f96d4630a
cab/Scenes/Scene_335.abi	1190	29ad447f3562e17530427b06e9982848
cab/Scenes/Scene_335.scn	13062	8e8e62f1464a710434dc4c197d3cafc9
cab/Scenes/Scene_336.abi	1202	bbadb863558b197562afc70e79920818
cab/Scenes/Scene_336.scn	15086	aa7dd6c46ad2f029adf59a45ea988c3f
cab/Scenes/Scene_337.abi	472	0491e971d1c3ed1af5eed21df6dac95c
cab/Scenes/Scene_337.scn	14742	f83d9534d294b1065eaa7240318d3fe4
cab/Scenes/Scene_338.abi	1380	9f0b1dd5d8f085352faf87f224ec7d4d
cab/Scenes/Scene_338.scn	20406	f611b5bf13c25fb6937eee57fd5da7da
cab/Scenes/Scene_400.abi	808	3be4e181a5eefa91520b999d54536a95
cab/Scenes/Scene_400.scn	20916	83c585a7ba41a6095d48cfeea52c8bae
cab/Scenes/Scene_500.abi	216	940321df5c1f230c3391d100c41aa4af
cab/Scenes/Scene_500.scn	1298	262bf25c2159823a4d00f2eafbf73a5f
cab/Shell_Danish/click.wav	75296	79487efd5a8442ea267b9819546e38dc
cab/Shell_Danish/gast.GID	10835	bedaf136b4b3175d827316593d08044c
cab/Shell_Danish/Grumpa.cnt	559	6855226c87c6a1aefe5dacb416123f63
cab/Shell_Danish/grumpa.GID	10833	c128034454530e4204d80394ccab401e
cab/Shell_Danish/GRUMPA.HLP	29555	dfda15380edb23a46340d4cb2db84cba
cab/Shell_Danish/Grumpa.ICO	1078	f21483d71b16667d977db14191c925ec
cab/Shell_Danish/grumpa.shl	420	47ce0321c2e72151adc3a0ab3e9b7b65
cab/Shell_Danish/grumpa_24bit.bmp	921656	38beae637eb95244ee59cd97d7ba1d70
cab/Shell_Danish/hand.cur	2238	cc40df02fb0f9015778da7809c69fdcc
cab/Shell_Danish/help.btn	268	f9c61c5ab8f1cb7ff898c7bdae665d96
cab/Shell_Danish/help_hi.bmp	17456	04163f251fcf44a368a8c48f73f1692f
cab/Shell_Danish/help_lo.bmp	17456	9ed442a89887b22cb94590e3b6810efe
cab/Shell_Danish/idol.btn	263	4c1d407c99d1090cbb9c9efb75c8f8a9
cab/Shell_Danish/idol_hi.bmp	5096	c6adfd854dc76e640d03bdf5d8e3a54a
cab/Shell_Danish/idol_lo.bmp	5096	e05e43b830575ce50c7020cf40fb11f6
cab/Shell_Danish/idolfx.avi	1376774	5c5138ceea18faf975d5538704e7566f
cab/Shell_Danish/INETWH32.DLL	49152	060c9899df25d3cde3988178420348dc
cab/Shell_Danish/play.btn	253	4733f2968a465d465b0b0a64a1edde20
cab/Shell_Danish/play_hi.bmp	16928	cd35a5c12149e702a6583ac6897b42f4
cab/Shell_Danish/play_lo.bmp	16928	ac64329c8014d8ded57a0f3d6e9153c4
cab/Shell_Danish/point.cur	2238	b8f5223ff3abfb650e6a0c71e7df2e82
cab/Shell_Danish/quit.btn	249	884bbbc85afc9407b222e288b7c164a5
cab/Shell_Danish/quit_hi.bmp	11888	60c21c567ff482ca68d83bcd2df9cbb7
cab/Shell_Danish/quit_lo.bmp	11888	65b868453b39bc76dc4bd7ba871e6679
cab/Shell_Danish/ROBOEX32.DLL	1044480	53aba62c025b0e2df885cf1c445874a1
cab/Shell_Danish/swooch.wav	37804	8a537346ae94e0de9899fc1f37ab6194
cab/Shell_Danish/system.btn	268	0ca3d6ac7b06a8b78fef3cdb673b18a0
cab/Shell_Danish/system_hi.bmp	17456	389fd88dd314ff427be2f7368dcaff1e
cab/Shell_Danish/system_lo.bmp	17456	d6939435a44ab30d8788d1e3eacf57a9
cab/Shell_Danish/visionpark.btn	289	87ab79d9b349b3d428b9bd84cdcc8df5
cab/Shell_Danish/visionpark_hi.bmp	10772	1ee4f2e0d34fbc3b49935a8571147fa8
cab/Shell_Danish/visionpark_lo.bmp	10772	9a90d1ea7935c9c544f75e2cdbf0a9c5
cab/Shell_Danish/vpark.avi	3774976	8430c91f8055ccc060120208839a1ad9
cab/Shell_Finnish/click.wav	75296	79487efd5a8442ea267b9819546e38dc
cab/Shell_Finnish/gast.GID	10835	bedaf136b4b3175d827316593d08044c
cab/Shell_Finnish/Grumpa.cnt	555	e93fe9edd38d41fe27b23620e2ed6060
cab/Shell_Finnish/GRUMPA.GID	10833	80f019974baf80a56f2bbbcddb2dafef
cab/Shell_Finnish/GRUMPA.HLP	29603	76d4455076248fda3fdc5e06b39c169e
cab/Shell_Finnish/Grumpa.ICO	1078	f21483d71b16667d977db14191c925ec
cab/Shell_Finnish/grumpa.shl	420	47ce0321c2e72151adc3a0ab3e9b7b65
cab/Shell_Finnish/grumpa_24bit.bmp	921656	38beae637eb95244ee59cd97d7ba1d70
cab/Shell_Finnish/hand.cur	2238	cc40df02fb0f9015778da7809c69fdcc
cab/Shell_Finnish/help.btn	268	f9c61c5ab8f1cb7ff898c7bdae665d96
cab/Shell_Finnish/help_hi.bmp	17456	4bf1d73285c94f8866e880d908caf013
cab/Shell_Finnish/help_lo.bmp	17456	924c883c9c8f580bc11f87515cc11944
cab/Shell_Finnish/idol.btn	263	4c1d407c99d1090cbb9c9efb75c8f8a9
cab/Shell_Finnish/idol_hi.bmp	5096	c6adfd854dc76e640d03bdf5d8e3a54a
cab/Shell_Finnish/idol_lo.bmp	5096	e05e43b830575ce50c7020cf40fb11f6
cab/Shell_Finnish/idolfx.avi	1376774	5c5138ceea18faf975d5538704e7566f
cab/Shell_Finnish/INETWH32.DLL	49152	060c9899df25d3cde3988178420348dc
cab/Shell_Finnish/play.btn	253	4733f2968a465d465b0b0a64a1edde20
cab/Shell_Finnish/play_hi.bmp	17964	fddf43c24f34dc3dc75c8f550d55439e
cab/Shell_Finnish/play_lo.bmp	17964	90cb431b1a5e16356a7b68c478a8ea60
cab/Shell_Finnish/point.cur	2238	b8f5223ff3abfb650e6a0c71e7df2e82
cab/Shell_Finnish/quit.btn	249	884bbbc85afc9407b222e288b7c164a5
cab/Shell_Finnish/quit_hi.bmp	13976	a6d2dc6fc8976cbed8549adc8e99a9d0
cab/Shell_Finnish/quit_lo.bmp	13976	dc4d1872a198b3e893145351b74bb5a1
cab/Shell_Finnish/ROBOEX32.DLL	1044480	53aba62c025b0e2df885cf1c445874a1
cab/Shell_Finnish/swooch.wav	37804	8a537346ae94e0de9899fc1f37ab6194
cab/Shell_Finnish/system.btn	268	07f49fb3023c2cab1548efeae294c0da
cab/Shell_Finnish/system_hi.bmp	25056	e6a63f15a84a1999ab3518f68895769b
cab/Shell_Finnish/system_lo.bmp	25056	30655b0c54eca8be29d6e355f7ebbebe
cab/Shell_Finnish/visionpark.btn	289	87ab79d9b349b3d428b9bd84cdcc8df5
cab/Shell_Finnish/visionpark_hi.bmp	10772	1ee4f2e0d34fbc3b49935a8571147fa8
cab/Shell_Finnish/visionpark_lo.bmp	10772	9a90d1ea7935c9c544f75e2cdbf0a9c5
cab/Shell_Finnish/vpark.avi	3774976	8430c91f8055ccc060120208839a1ad9
cab/Shell_Norwegian/click.wav	75296	79487efd5a8442ea267b9819546e38dc
cab/Shell_Norwegian/gast.GID	10835	bedaf136b4b3175d827316593d08044c
cab/Shell_Norwegian/Grumpa.cnt	571	9096e85ed0f871ec447a6518c8c5305e
cab/Shell_Norwegian/GRUMPA.GID	10833	d8684a993b2e0b0a290ad60c997aae6c
cab/Shell_Norwegian/GRUMPA.HLP	29822	e9c34f3219edb629b940cff21ebce452
cab/Shell_Norwegian/Grumpa.ICO	1078	f21483d71b16667d977db14191c925ec
cab/Shell_Norwegian/grumpa.shl	420	47ce0321c2e72151adc3a0ab3e9b7b65
cab/Shell_Norwegian/grumpa_24bit.bmp	921656	38beae637eb95244ee59cd97d7ba1d70
cab/Shell_Norwegian/hand.cur	2238	cc40df02fb0f9015778da7809c69fdcc
cab/Shell_Norwegian/help.btn	268	f9c61c5ab8f1cb7ff898c7bdae665d96
cab/Shell_Norwegian/help_hi.bmp	17456	08566cf09db700e4ed49302bff75c4b4
cab/Shell_Norwegian/help_lo.bmp	17456	0e4f04fac01d513b523c347aa3035e0e
cab/Shell_Norwegian/idol.btn	263	4c1d407c99d1090cbb9c9efb75c8f8a9
cab/Shell_Norwegian/idol_hi.bmp	5096	c6adfd854dc76e640d03bdf5d8e3a54a
cab/Shell_Norwegian/idol_lo.bmp	5096	e05e43b830575ce50c7020cf40fb11f6
cab/Shell_Norwegian/idolfx.avi	1376774	5c5138ceea18faf975d5538704e7566f
cab/Shell_Norwegian/INETWH32.DLL	49152	060c9899df25d3cde3988178420348dc
cab/Shell_Norwegian/play.btn	253	4733f2968a465d465b0b0a64a1edde20
cab/Shell_Norwegian/play_hi.bmp	16928	5e912a9c9c98a97cca80d67d030ba4f1
cab/Shell_Norwegian/play_lo.bmp	16928	31c001caec41270009993ed5b59bc346
cab/Shell_Norwegian/point.cur	2238	b8f5223ff3abfb650e6a0c71e7df2e82
cab/Shell_Norwegian/quit.btn	249	884bbbc85afc9407b222e288b7c164a5
cab/Shell_Norwegian/quit_hi.bmp	11888	c90952085c9dd9136a927fb93b9f325f
cab/Shell_Norwegian/quit_lo.bmp	11888	78c5e4267f7a74c533db41ae94a6f107
cab/Shell_Norwegian/ROBOEX32.DLL	1044480	53aba62c025b0e2df885cf1c445874a1
cab/Shell_Norwegian/swooch.wav	37804	8a537346ae94e0de9899fc1f37ab6194
cab/Shell_Norwegian/system.btn	268	0ca3d6ac7b06a8b78fef3cdb673b18a0
cab/Shell_Norwegian/system_hi.bmp	17456	389fd88dd314ff427be2f7368dcaff1e
cab/Shell_Norwegian/system_lo.bmp	17456	d6939435a44ab30d8788d1e3eacf57a9
cab/Shell_Norwegian/visionpark.btn	289	87ab79d9b349b3d428b9bd84cdcc8df5
cab/Shell_Norwegian/visionpark_hi.bmp	10772	1ee4f2e0d34fbc3b49935a8571147fa8
cab/Shell_Norwegian/visionpark_lo.bmp	10772	9a90d1ea7935c9c544f75e2cdbf0a9c5
cab/Shell_Norwegian/vpark.avi	3774976	8430c91f8055ccc060120208839a1ad9
cab/Shell_Swedish/click.wav	75296	79487efd5a8442ea267b9819546e38dc
cab/Shell_Swedish/gast.GID	10835	bedaf136b4b3175d827316593d08044c
cab/Shell_Swedish/Grumpa.cnt	645	826d5081cdb4175ba1589dcf4da87ab6
cab/Shell_Swedish/grumpa.GID	10834	0558201f4f35ae2a8c607a8ecd343a91
cab/Shell_Swedish/GRUMPA.HLP	28358	9a586cc556557f9d640a414db95b44a3
cab/Shell_Swedish/Grumpa.ICO	1078	f21483d71b16667d977db14191c925ec
cab/Shell_Swedish/grumpa.shl	420	47ce0321c2e72151adc3a0ab3e9b7b65
cab/Shell_Swedish/grumpa_24bit.bmp	921656	38beae637eb95244ee59cd97d7ba1d70
cab/Shell_Swedish/hand.cur	2238	cc40df02fb0f9015778da7809c69fdcc
cab/Shell_Swedish/help.btn	268	f9c61c5ab8f1cb7ff898c7bdae665d96
cab/Shell_Swedish/help_hi.bmp	17456	68f2fb8df773bea5dca69dcf11648308
cab/Shell_Swedish/help_lo.bmp	17456	03bb8fbb6f5e972396fed09af27efbee
cab/Shell_Swedish/idol.btn	263	4c1d407c99d1090cbb9c9efb75c8f8a9
cab/Shell_Swedish/idol_hi.bmp	5096	c6adfd854dc76e640d03bdf5d8e3a54a
cab/Shell_Swedish/idol_lo.bmp	5096	e05e43b830575ce50c7020cf40fb11f6
cab/Shell_Swedish/idolfx.avi	1376774	5c5138ceea18faf975d5538704e7566f
cab/Shell_Swedish/INETWH32.DLL	49152	060c9899df25d3cde3988178420348dc
cab/Shell_Swedish/play.btn	253	8be9df3e2de3ff3b8848d946800457bf
cab/Shell_Swedish/play_hi.bmp	12932	25d84e3f7372f66598761272052a7858
cab/Shell_Swedish/play_lo.bmp	12932	5cb61802ee222ebdc4aeb17ed3e196fc
cab/Shell_Swedish/point.cur	2238	b8f5223ff3abfb650e6a0c71e7df2e82
cab/Shell_Swedish/quit.btn	249	884bbbc85afc9407b222e288b7c164a5
cab/Shell_Swedish/quit_hi.bmp	11888	7c0f729bd9c3a7ef2ad0c2855b5e0f65
cab/Shell_Swedish/quit_lo.bmp	11888	c775139402fc9c2cb235c2eded60b9cc
cab/Shell_Swedish/ROBOEX32.DLL	1044480	53aba62c025b0e2df885cf1c445874a1
cab/Shell_Swedish/swooch.wav	37804	8a537346ae94e0de9899fc1f37ab6194
cab/Shell_Swedish/system.btn	268	0ca3d6ac7b06a8b78fef3cdb673b18a0
cab/Shell_Swedish/system_hi.bmp	17456	389fd88dd314ff427be2f7368dcaff1e
cab/Shell_Swedish/system_lo.bmp	17456	d6939435a44ab30d8788d1e3eacf57a9
cab/Shell_Swedish/visionpark.btn	289	87ab79d9b349b3d428b9bd84cdcc8df5
cab/Shell_Swedish/visionpark_hi.bmp	10772	1ee4f2e0d34fbc3b49935a8571147fa8
cab/Shell_Swedish/visionpark_lo.bmp	10772	9a90d1ea7935c9c544f75e2cdbf0a9c5
cab/Shell_Swedish/vpark.avi	3774976	8430c91f8055ccc060120208839a1ad9
cab/Sounds_/001_CS_dragonfly.wav	31092	abc0cb697595fc7af93f4c673c5758ea
cab/Sounds_/001_CS_generic.wav	14744	7f74e92f8926d4827c98f35317ec99f9
cab/Sounds_/001_CS_piranha_N2W_VO.wav	223230	335c71e0fbe9ffdcfbc1673e2e0fde32
cab/Sounds_/001_CS_Scorpion_N2W_VO.wav	120736	19237a5982bca202cc346815c976bc69
cab/Sounds_/001_sch hurry_VS.wav	49980	0792857d0a33d2f8077b98edebf5e831
cab/Sounds_/001_sch_hurry_VS.wav	49980	0792857d0a33d2f8077b98edebf5e831
cab/Sounds_/002_CS_generic.wav	20624	90d7641c073b8f9c5d2780a38feb3e83
cab/Sounds_/002_CS_grumpainboat_walk_VO.wav	43492	da9ddfe89b61833984145ae3721aab4a
cab/Sounds_/003_CS_generic.wav	14744	7f74e92f8926d4827c98f35317ec99f9
cab/Sounds_/003_sch beware cannonball_VS.wav	31284	80eeae285e4688cf3d40b60b3d25d41b
cab/Sounds_/003_sch_beware_cannonball_VS.wav	31284	80eeae285e4688cf3d40b60b3d25d41b
cab/Sounds_/004_CS_generic.wav	14744	7f74e92f8926d4827c98f35317ec99f9
cab/Sounds_/004_CS_piranha_W2R_VO.wav	223230	335c71e0fbe9ffdcfbc1673e2e0fde32
cab/Sounds_/004_CS_Scorpion_W2R_VO.wav	120736	19237a5982bca202cc346815c976bc69
cab/Sounds_/004_sch jump rocks_VS.wav	16724	319658a32cbd307f8b689c150e6de461
cab/Sounds_/004_sch nasty crocs_VS.wav	29236	0a9f96960f721781c9b1222de89c8775
cab/Sounds_/004_sch_jump_rocks_VS.wav	16724	319658a32cbd307f8b689c150e6de461
cab/Sounds_/004_sch_nasty_crocs_VS.wav	29236	0a9f96960f721781c9b1222de89c8775
cab/Sounds_/005_CS_generic.wav	20624	90d7641c073b8f9c5d2780a38feb3e83
cab/Sounds_/005_CS_grumpainboat_run_VO.wav	43492	da9ddfe89b61833984145ae3721aab4a
cab/Sounds_/005_monkey guard thanks_VS.wav	27444	41afb10e30bfa7ec02463658c00f22b3
cab/Sounds_/005_monkey guard_VS.wav	23112	a613ecd3a9e69dff1b382c08882a2ec7
cab/Sounds_/005_monkey sound HI_VS.wav	15778	c896897dd1814d5dc8c403b46e43bec5
cab/Sounds_/005_monkey sound_VS.wav	7092	c849fd5285e3c0c81aba90a6640c16f9
cab/Sounds_/005_monkey_guard_thanks_VS.wav	27444	41afb10e30bfa7ec02463658c00f22b3
cab/Sounds_/005_monkey_guard_VS.wav	23112	a613ecd3a9e69dff1b382c08882a2ec7
cab/Sounds_/005_monkey_sound_HI_VS.wav	15778	c896897dd1814d5dc8c403b46e43bec5
cab/Sounds_/005_sch not allowed entry_VS.wav	37002	63c0b44342f9aeb3acd0cac769797f23
cab/Sounds_/005_sch seems hungry_VS.wav	37002	2dc48dc947d8cc5464acdb3ebfd5a3dc
cab/Sounds_/005_sch_not_allowed_entry_VS.wav	37002	63c0b44342f9aeb3acd0cac769797f23
cab/Sounds_/005_sch_seems_hungry_VS.wav	37002	2dc48dc947d8cc5464acdb3ebfd5a3dc
cab/Sounds_/006_champ_bring_your_friend_VS.wav	42996	04ea131b61e5216e0871a8e7b2c4104e
cab/Sounds_/006_champ_defeated_VS.wav	56052	4bb43831e3139a31232ae4dfe222927e
cab/Sounds_/006_champion challenge result_VS.wav	63476	37b927301761ef15c41c632581930840
cab/Sounds_/006_champion challenge_VS.wav	114292	3fd834356def9fc84179aa67723eb85e
cab/Sounds_/006_champion leave sword_VS.wav	35252	d777120e6ceae3ddd230b85b5379fb47
cab/Sounds_/006_champion scream_VS.wav	20980	d9f9b4fcc1df389859ef7ba72627ec2a
cab/Sounds_/006_champion_challenge_result_VS.wav	63476	37b927301761ef15c41c632581930840
cab/Sounds_/006_champion_challenge_VS.wav	114292	3fd834356def9fc84179aa67723eb85e
cab/Sounds_/006_champion_leave_sword_VS.wav	35252	d777120e6ceae3ddd230b85b5379fb47
cab/Sounds_/006_champion_scream_VS.wav	20980	d9f9b4fcc1df389859ef7ba72627ec2a
cab/Sounds_/006_CS_generic.wav	11804	cc9b45b19f98e59352102fea68a7062f
cab/Sounds_/006_king acidflaska_VS.wav	77428	f045a88febaa0d54dce1c30b2f3aa172
cab/Sounds_/006_king antidote_VS.wav	58794	dafc670bf45b97b623c8737e20759f3c
cab/Sounds_/006_king attacked_VS.wav	37556	804a9725d6e5d45ee9eb4545469ee9cb
cab/Sounds_/006_king happy with son_VS.wav	53736	007b15fe8e76deb65016d5c07e0f02d0
cab/Sounds_/006_king help me_VS.wav	141172	28c91cb7d88d48524d87d795e97e269e
cab/Sounds_/006_king light fire_VS.wav	54004	dfa8aa84be45c7b541f3c4738484760c
cab/Sounds_/006_king put in cauldron_VS.wav	76020	e51823218205c578983e8b2f6ad9f20f
cab/Sounds_/006_king strength potion_VS.wav	62580	8ef8f7f82d54a58024a12d940caa64dc
cab/Sounds_/006_king_acidflaska_VS.wav	77428	f045a88febaa0d54dce1c30b2f3aa172
cab/Sounds_/006_king_antidote_VS.wav	58794	dafc670bf45b97b623c8737e20759f3c
cab/Sounds_/006_king_happy_with_son_VS.wav	53736	007b15fe8e76deb65016d5c07e0f02d0
cab/Sounds_/006_king_help_me_VS.wav	141172	28c91cb7d88d48524d87d795e97e269e
cab/Sounds_/006_king_light_fire_VS.wav	54004	dfa8aa84be45c7b541f3c4738484760c
cab/Sounds_/006_king_put_in_cauldron_VS.wav	76020	e51823218205c578983e8b2f6ad9f20f
cab/Sounds_/006_king_son_champion_VO.wav	75618	42b462ecf52e0cf5a013acbfbb2663d2
cab/Sounds_/006_king_strength_potion_VS.wav	62580	8ef8f7f82d54a58024a12d940caa64dc
cab/Sounds_/006_son_playing_VS.wav	34554	1044dfa2cff2faa0267eb02965ceaea7
cab/Sounds_/007_CS_generic.wav	52964	dfc10241293bb4b064c726394c34ccbb
cab/Sounds_/007_sch_dead_end_VS.wav	62654	eed34c00171f396828e19a3ca58024fb
cab/Sounds_/008_CS_generic.wav	152924	890a2ed37380b27fdd9243d45e75bb2a
cab/Sounds_/008_sch lazy_VS.wav	50548	8cc04b056ccfd8d7791923bd9b5c9ec4
cab/Sounds_/008_sch_lazy_VS.wav	50548	8cc04b056ccfd8d7791923bd9b5c9ec4
cab/Sounds_/009_CS_generic.wav	9600	f1cf3ff1109b7063eed83a6fdd1d690c
cab/Sounds_/010_CS_generic.wav	152924	890a2ed37380b27fdd9243d45e75bb2a
cab/Sounds_/010_sch snake_VS.wav	26926	4e113033012555f410fdc28b10b9f3f9
cab/Sounds_/010_sch_look_a_path_VS.wav	45876	4719ac0b1dd54dae62f0054bdfb06908
cab/Sounds_/010_sch_snake_VS.wav	26926	4e113033012555f410fdc28b10b9f3f9
cab/Sounds_/011_CS_generic.wav	152924	890a2ed37380b27fdd9243d45e75bb2a
cab/Sounds_/012_Bear_Wakeup_SX.wav	47382	bd4506fbf88c982166a2f04d121583f8
cab/Sounds_/012_rat woken up_SX.wav	24970	dd54bbc86baf6cb6d3d6728821107d68
cab/Sounds_/012_rat zzzz_SX.wav	25338	4bf064f73027cbf7b3b913db5594a1c8
cab/Sounds_/012_rat_woken_up_SX.wav	24970	dd54bbc86baf6cb6d3d6728821107d68
cab/Sounds_/012_rat_zzzz_SX.wav	25338	4bf064f73027cbf7b3b913db5594a1c8
cab/Sounds_/012_sch rat wakes up_VS.wav	32050	671c52e535d6199c80268457c6b02118
cab/Sounds_/012_sch_rat_wakes_up_VS.wav	32050	671c52e535d6199c80268457c6b02118
cab/Sounds_/013_CS_generic.wav	7394	89adadd215a4acdf7055d32c5f715306
cab/Sounds_/013_Hammer.wav	102372	ffa5299d65d000384ca83aa97af25fd2
cab/Sounds_/013_rat_giveitup_VS.wav	14264	ec504b73b9192b374e73f303c3f75dbe
cab/Sounds_/013_sch rat stuck_VS.wav	37856	8f822812a23f068a70b1ec1fd20edeb4
cab/Sounds_/013_sch_rat_stuck_VS.wav	37856	8f822812a23f068a70b1ec1fd20edeb4
cab/Sounds_/014_CS_generic.wav	105884	05a7151a944d129f09a7471f364ac36d
cab/Sounds_/014_Pirateboss_Yell.wav	16564	3c7bc93221fa78c04da20c1109ffeb5c
cab/Sounds_/014_sch scared_VS.wav	39790	2a04178baa396063b0ced9735e6b93dd
cab/Sounds_/014_Sch_A Hole_VO.wav	52598	2d696155200534adf3a0a4fcbba9106c
cab/Sounds_/014_Sch_A_Hole_VO.wav	52598	2d696155200534adf3a0a4fcbba9106c
cab/Sounds_/014_sch_scared_VS.wav	39790	2a04178baa396063b0ced9735e6b93dd
cab/Sounds_/014_turtle hole_VS.wav	45108	32555a99e67c10f7f9d708bd4fcab0da
cab/Sounds_/014_turtle welcome_VS.wav	32116	64548669497ef1cc3f4fe9977e8abbf5
cab/Sounds_/014_turtle_hole_VS.wav	45108	32555a99e67c10f7f9d708bd4fcab0da
cab/Sounds_/014_turtle_welcome_VS.wav	32116	64548669497ef1cc3f4fe9977e8abbf5
cab/Sounds_/015_bee needs flower_VS.wav	13628	97c3484c07be4d309ce7ff6782d6bfa9
cab/Sounds_/015_bee show flower_VS.wav	73680	92456d33096010c1f1780df98484eeb1
cab/Sounds_/015_bee thanks flower_VS.wav	44028	f28cf4eafb3328185715d4ac3e774f95
cab/Sounds_/015_bee_needs_flower_VS.wav	13628	97c3484c07be4d309ce7ff6782d6bfa9
cab/Sounds_/015_bee_show_flower_VS.wav	73680	92456d33096010c1f1780df98484eeb1
cab/Sounds_/015_bee_thanks_flower_VS.wav	44028	f28cf4eafb3328185715d4ac3e774f95
cab/Sounds_/015_CS_generic.wav	64724	7d65664b548a221355411d05330850cd
cab/Sounds_/015_sch watch out_VS.wav	31708	7c8c0963f6bfcbf61e82829fd9c37641
cab/Sounds_/015_sch_watch_out_VS.wav	31708	7c8c0963f6bfcbf61e82829fd9c37641
cab/Sounds_/016_CS_generic.wav	100004	3286adffb7f9464bb49a5dca999e6344
cab/Sounds_/016_sch boats_VS.wav	84814	64a6939c5d993ae5e34eb65f0668b2cb
cab/Sounds_/016_sch_boats_VS.wav	84814	64a6939c5d993ae5e34eb65f0668b2cb
cab/Sounds_/017_CS_generic.wav	141164	9232e631cb1f38ad7589e00ee714396f
cab/Sounds_/017_sch piranhas in the water_VO.wav	43604	c7dec4170d1356c8cefcb8462d214216
cab/Sounds_/017_sch_piranhas_in_the_water_VO.wav	43604	c7dec4170d1356c8cefcb8462d214216
cab/Sounds_/018_attack1_PirateRat1_SX.wav	4140	51b40b59e3769aa2ca2581a82c5ff056
cab/Sounds_/018_attack1_PirateRat2_SX.wav	4140	51b40b59e3769aa2ca2581a82c5ff056
cab/Sounds_/018_attack1_PirateRat3_SX.wav	4140	51b40b59e3769aa2ca2581a82c5ff056
cab/Sounds_/018_attack1_SleepyRat_SX.wav	4140	51b40b59e3769aa2ca2581a82c5ff056
cab/Sounds_/018_attack1_snake_SX.wav	6784	f8351ce402d5ca13d8aeb3b397695496
cab/Sounds_/018_attack1_SX.wav	3476	b3172015ae17d92a4d450b0dc73c394f
cab/Sounds_/018_CS_alligator_attack1_VO.wav	16244	568e1376d6f725abd0c0890e7b46aed3
cab/Sounds_/018_CS_champion_attack1_VO.wav	9540	217ee62d41ed836d021f1375c837b771
cab/Sounds_/018_CS_crocodile_attack1_VO.wav	9124	e7d654514284d65a2f583131b12c7560
cab/Sounds_/018_CS_diverrat_attack1_VO.wav	16660	12c96bdffb69e5ad8d6b375daaf643e0
cab/Sounds_/018_CS_foxy_attack1_VO.wav	7852	c6c9c9a502ab5555b0adcb47029d4cf7
cab/Sounds_/018_CS_generic.wav	105884	feb4360fad024fdd3ff2a0ae03441582
cab/Sounds_/018_CS_golem_attack1_VO.wav	9420	b3824d32948ce15eb5a1806f3b3eaa85
cab/Sounds_/018_CS_grumpaonbear_attack1_VO.wav	4532	8bef8b2b0f5ac22de2cadd2f1e7337ca
cab/Sounds_/018_CS_hulk_attack1_VO.wav	6820	7caa6d0717952136b5136ab5dcc6a84d
cab/Sounds_/018_CS_hyena_attack1_VO.wav	6652	f3763d175084cf773d9ec754a08b0bab
cab/Sounds_/018_CS_LeaderBlue_attack1_VO.wav	14644	70a97c9a62cc83f2961e9004580e2774
cab/Sounds_/018_CS_LeaderRed_attack1_VO.wav	9332	403af45cbb23632afc58793f9c854239
cab/Sounds_/018_CS_octopus_attack1_VO.wav	4372	d021e65d64872fa3c7cb387deda4dac4
cab/Sounds_/018_CS_piranha_attack1_VO.wav	3684	944448afc5a7d00a896df33c6ca384eb
cab/Sounds_/018_CS_piraterat1_attack1_VO.wav	10036	823fa6a66a4782878a78500a167323ca
cab/Sounds_/018_CS_piraterat2_attack1_VO.wav	11988	5482a613279937f75e4f431f1220308a
cab/Sounds_/018_CS_piraterat3_attack1_VO.wav	8180	f92fcb08823360d425166e902a1e6704
cab/Sounds_/018_CS_ratbeard_attack1_VO.wav	8500	1578a369acefa01d9948a362bb7bba84
cab/Sounds_/018_CS_scorpion_attack1_VO.wav	5444	eb4bb036e237fda304bc428feee16e25
cab/Sounds_/018_CS_shark_attack1_VO.wav	4756	c595bb7cf1ce805faf560500fb2ac1b2
cab/Sounds_/018_CS_skeleton_attack1_VO.wav	9252	7d22a3c1b4e27eb513feeacaa247e62a
cab/Sounds_/018_CS_spider_attack1_VO.wav	4500	41b57464534a08fb2bc71ea320f61e87
cab/Sounds_/018_CS_turtle_attack1_VO.wav	7940	689d46ec45be5c44b4acf1dcf5b10ce1
cab/Sounds_/019_attack2_PirateRat1_SX.wav	23236	847e683a978351e9f9bafae84eb30aef
cab/Sounds_/019_attack2_PirateRat2_SX.wav	23236	847e683a978351e9f9bafae84eb30aef
cab/Sounds_/019_attack2_PirateRat3_SX.wav	23236	847e683a978351e9f9bafae84eb30aef
cab/Sounds_/019_attack2_SleepyRat_SX.wav	23236	847e683a978351e9f9bafae84eb30aef
cab/Sounds_/019_attack2_SX.wav	3296	55ceef6d8f4765187b193f56f93610d1
cab/Sounds_/019_CS_generic.wav	58844	48295a8129b513f367dffa7a06b9eb67
cab/Sounds_/020_attack3_PirateRat1_SX.wav	6784	f7bc182e23487aad7abbbcc084c7740b
cab/Sounds_/020_attack3_PirateRat2_SX.wav	6784	f7bc182e23487aad7abbbcc084c7740b
cab/Sounds_/020_attack3_PirateRat3_SX.wav	6784	f7bc182e23487aad7abbbcc084c7740b
cab/Sounds_/020_attack3_SleepyRat_SX.wav	6784	f7bc182e23487aad7abbbcc084c7740b
cab/Sounds_/020_attack3_SX.wav	2428	5457b4b31e06f97f2519c6d2fd7111b2
cab/Sounds_/020_CS_generic.wav	94124	cc91ef593a1ccab7020efced4bcc37d0
cab/Sounds_/020_sch dragonfly_VO.wav	48726	9d7cea5b223686700fe282133e631f55
cab/Sounds_/020_sch_dragonfly_VO.wav	48726	9d7cea5b223686700fe282133e631f55
cab/Sounds_/021_Blood_Orange_Legend_VS.wav	176244	9444d90a9f7e609f65cfaea676662fde
cab/Sounds_/021_CS_generic.wav	14744	7f74e92f8926d4827c98f35317ec99f9
cab/Sounds_/021_Nosferatu_Bjong.wav	31198	66e58c4b19ec48cfa24c0962d2aca7b9
cab/Sounds_/021_Nosferatu_Talk_VS.wav	100468	ba4afc623bcc0f19c3f7652580096f7e
cab/Sounds_/021_sch uncle_VS.wav	46222	8276732fc4ed0fb1a64f12ef20f499e9
cab/Sounds_/021_Slurp.wav	18768	c2f068cf191d900517f9771a5be78b16
cab/Sounds_/021_Slurp_Ta_En_Apelsin_VS.wav	149364	5afde7bd3a98c4480c8af1d7b42da19a
cab/Sounds_/022_sch fooled_VS.wav	42808	3e04c1c9d7b5725cd2fecf00382af71e
cab/Sounds_/022_sch_fooled_VS.wav	42808	3e04c1c9d7b5725cd2fecf00382af71e
cab/Sounds_/022_witch cauldron_VS.wav	122740	208de3850186d6af803ac3bdff21ba61
cab/Sounds_/022_witch_cauldron_VS.wav	122740	208de3850186d6af803ac3bdff21ba61
cab/Sounds_/023_CS_alligator_hit_VO.wav	9176	964a952126aadf4a9a35e6a165b7dc49
cab/Sounds_/023_CS_champion_hit_VO.wav	6740	8ec4fb0d8b9c2b29f08dd78b8dbd4827
cab/Sounds_/023_CS_crocodile_hit_VO.wav	3572	a7222567330340fc0ef195da87ed18c8
cab/Sounds_/023_CS_diverrat_hit_VO.wav	12036	421a8f9425cb6e5b92a238f3f0759c1e
cab/Sounds_/023_CS_foxy_hit_VO.wav	4764	2e743f0a030687c519ce329e86173419
cab/Sounds_/023_CS_generic.wav	82364	9cba5158d8c48f628c8bd50ff1dba521
cab/Sounds_/023_CS_golem_hit_VO.wav	3196	27d8bda29e8cc633686ab6252e1dc648
cab/Sounds_/023_CS_grumpaonbear_hit_VO.wav	10196	fdedf2dda871981de3991f0ec123aa21
cab/Sounds_/023_CS_hulk_hit_VO.wav	27828	8dc3ca5647aa9b8fbe50bf1274910209
cab/Sounds_/023_CS_hyena_hit_VO.wav	4844	28de35e9c7ca1e556f79c2fc299137b3
cab/Sounds_/023_CS_LeaderBlue_hit_VO.wav	6868	c90c049eca44b4fa49a09ae23c324814
cab/Sounds_/023_CS_LeaderRed_hit_VO.wav	6996	87d47ded5169ad140977bd13b0d7b171
cab/Sounds_/023_CS_octopus_hit_VO.wav	6404	023e07f3322951e043929cfee39dde07
cab/Sounds_/023_CS_piranha_hit_VO.wav	3252	03194fbafc5fc9e3b29c3efb89e8005a
cab/Sounds_/023_CS_piraterat_hit_VO.wav	6868	8871af16c948a87141602161d6f6e088
cab/Sounds_/023_CS_ratbeard_hit_VO.wav	5044	d966a3ca9e3819d4b23d9da3a76491d5
cab/Sounds_/023_CS_scorpion_hit_VO.wav	6692	9a01b8d0bd9edd8f96bc01f7c1bf2f67
cab/Sounds_/023_CS_shark_hit_VO.wav	2748	a9bf5377b07528ab00055bf432c95de9
cab/Sounds_/023_CS_skeleton_hit_VO.wav	7748	ac4721785d5c7d1f68ff36122745c570
cab/Sounds_/023_CS_snake_hit_VO.wav	5014	063a6d16f556544df75b3f111cf882bd
cab/Sounds_/023_CS_spider_hit_VO.wav	9092	1d8a13dfacd2ddd390109073af377224
cab/Sounds_/023_CS_turtle_hit_VO.wav	6228	525be148bb913d3f70e11f59200d7d28
cab/Sounds_/023_sch termites_VS.wav	47474	3626b6184f10e49299ea64e43cb37853
cab/Sounds_/023_sch_termites_VS.wav	47474	3626b6184f10e49299ea64e43cb37853
cab/Sounds_/024_sch plant_VS.wav	57152	8948ca24359599d7490033d4f1552dd1
cab/Sounds_/024_sch_plant_VS.wav	57152	8948ca24359599d7490033d4f1552dd1
cab/Sounds_/025_sch ooh_VS.wav	56810	4320244e6612f57d4ba95216cdffa69b
cab/Sounds_/025_sch_ooh_VS.wav	56810	4320244e6612f57d4ba95216cdffa69b
cab/Sounds_/026_sch ghost.wav	41782	765c85dc73ae8327d4f20f1e5323f28c
cab/Sounds_/026_sch_ghost.wav	41782	765c85dc73ae8327d4f20f1e5323f28c
cab/Sounds_/027_sch ants_VS.wav	40986	8edc377efcc93ac0e4291aa87f996bf9
cab/Sounds_/027_sch scared_VS.wav	40986	73b9096481f286dc622b176c724c69c1
cab/Sounds_/027_sch_ants_VS.wav	40986	8edc377efcc93ac0e4291aa87f996bf9
cab/Sounds_/027_sch_scared_VS.wav	40986	73b9096481f286dc622b176c724c69c1
cab/Sounds_/030_sch help_VS.wav	26484	3dcdb7db1f204764a1c83cacfcc456b9
cab/Sounds_/030_sch_help_VS.wav	26484	3dcdb7db1f204764a1c83cacfcc456b9
cab/Sounds_/031_sch_moving_in_sand_VS.wav	42108	780968a8dad62ef7d16d8d2d2f32187b
cab/Sounds_/032_CS_champion_tired_VO.wav	35104	0759b53c4e1f673b349a3768cf976b17
cab/Sounds_/032_CS_foxy_tired_VO.wav	21436	6a87e33b549d6fc6406da17d186332fb
cab/Sounds_/032_CS_golem_tired_VO.wav	23468	ff83b225e96e611ac110fd0a20b7b850
cab/Sounds_/032_CS_grumpaonbear_tired_VO.wav	20084	6c1ff9bbcbb04d035ae57773e9a7d91f
cab/Sounds_/032_CS_grumpaondragonfly_tired_VO.wav	52724	dbb3eb73509ba3704bb44d1afe1ef543
cab/Sounds_/032_CS_grumpaonseahorse_tired_VO.wav	27892	b48365393f710897c0c27aa22f2f309a
cab/Sounds_/032_CS_hulk_tired_VO.wav	31412	d14d043b2a3ea3aad007f49eb946edc1
cab/Sounds_/032_CS_kraken_tired_VO.wav	18114	7f9248318d1bc0efe2c13fbb2313b8ce
cab/Sounds_/032_CS_parrot_tired_VO.wav	38132	f7190435297b17f3d37bc8c8b8d94929
cab/Sounds_/033_HyenaBoss_Scream.wav	9680	4dc80092f25233e6cb7c5391e678a5f5
cab/Sounds_/033_sch hyena_VS.wav	38766	78db425755cfbf5fc9f4a3f74ddf02d7
cab/Sounds_/033_sch_hyena_VS.wav	38766	78db425755cfbf5fc9f4a3f74ddf02d7
cab/Sounds_/034_elephant_thanks_VS.wav	71924	6550ce5f0c1fc28caa90f54e2ace2389
cab/Sounds_/039_sch_who_lives_here_VS.wav	50420	5d2566f1f671869a20d9db76433b2003
cab/Sounds_/040_Bear_ Zzz_SX.wav	30098	8babf80eed119b33ad8141377fba21b1
cab/Sounds_/040_Bear__Zzz_SX.wav	30098	8babf80eed119b33ad8141377fba21b1
cab/Sounds_/040_Bear_Growl.wav	23052	5e7e359416d1a112ea8a537d8336c6a9
cab/Sounds_/040_sch wake.wav	36488	f109319b35710f5616841cdafca20a90
cab/Sounds_/040_sch_wake.wav	36488	f109319b35710f5616841cdafca20a90
cab/Sounds_/050_CS_generic.wav	82364	9cba5158d8c48f628c8bd50ff1dba521
cab/Sounds_/051_CS_generic.wav	288164	b2d7541127673a6cd7233cf30b135fbf
cab/Sounds_/052_CS_generic.wav	464564	ff089f9cdd50492e61b3042740bcd033
cab/Sounds_/054_sch inside.wav	61940	d6ae8b2862b04bab23927545b2e80350
cab/Sounds_/060_CS_bear_mount_VO.wav	40692	142d6e84fc35587d029cb54dd9c12d7a
cab/Sounds_/060_CS_boat_mount_VO.wav	5162	c1e49b8ffa2f8acc7872f5464a1b1858
cab/Sounds_/060_CS_champion_release_VO.wav	19444	9fcb31457883128dc9682378ec96bbd3
cab/Sounds_/060_CS_dragonfly_mount_VO.wav	47910	9370342d9016f5278bae6e3e134af122
cab/Sounds_/060_CS_foxy_release_VO.wav	19356	9855e8c44d4b869b1243d12b78330d00
cab/Sounds_/060_CS_golem_release_VO.wav	44460	8f2dd06664361d41890f649b8b9af084
cab/Sounds_/060_CS_grumpainboat_release_VO.wav	695212	2662bf0ecdb6c0bc9fc8ba6e100e13c4
cab/Sounds_/060_CS_grumpaonbear_release_VO.wav	33012	73c6b71b93f803f1c268ddf633721f31
cab/Sounds_/060_CS_grumpaondragonfly_release_VO.wav	37556	b3b2c7e92c4d76a95cb7951edbcff8e6
cab/Sounds_/060_CS_grumpaonseahorse_release_VO.wav	35060	c6dc8127c0c2de49d4619d08020686a4
cab/Sounds_/060_CS_hulk_release_VO.wav	39392	53f0a0b389cc2e15af2339603412d867
cab/Sounds_/060_CS_Hulk_VO.wav	32112	af6a467e2694e79d500a429305bd1f54
cab/Sounds_/060_CS_kraken_release_VO.wav	33416	8ed6318da05808b97559238abfe26d39
cab/Sounds_/060_CS_parrot_release_VO.wav	23076	30a30183d2bc0afc483bcea5bfae1815
cab/Sounds_/060_CS_seahorse_mount_VO.wav	27700	1622eb2edbb4cdf539f794d03e7d1fac
cab/Sounds_/060_sch_who_lives_here_VS.wav	41012	d264d61b389169bee9e066e70471e015
cab/Sounds_/061_CS_bear_idle_VO.wav	26544	2691ab96b1d38eaf05b00e64af8d6f2f
cab/Sounds_/061_CS_boat_idle_VO.wav	43616	50643b3897c29587acb4e06dec4668d3
cab/Sounds_/061_CS_dragonfly_idle_VO.wav	25332	dc829a565fc9cb2ffaa3ff6678885cdb
cab/Sounds_/061_CS_foxy_scream_VO.wav	8060	facb1d7de6fd4c717efa3928f4544087
cab/Sounds_/061_CS_grumpainboat_death_VO.wav	42966	088e875190f626eca60feb9a44e9431d
cab/Sounds_/061_CS_grumpainboat_idle_VO.wav	695212	2662bf0ecdb6c0bc9fc8ba6e100e13c4
cab/Sounds_/061_CS_parrot_scream_VO.wav	9236	7eb3cf68d6fd658abfac85fa330e9db8
cab/Sounds_/061_CS_seahorse_idle_VO.wav	33268	8cab632425d3338221e074ff7c31b33e
cab/Sounds_/062_CS_grumpainboat_death_VO.wav	104868	42fa2e88e754f7d16262d2ce9282b4ed
cab/Sounds_/063_CS_champion_careful_VO.wav	30068	b19a0b068f9ff2641e4f6c6b95d3e9ff
cab/Sounds_/063_CS_foxy_careful_VO.wav	34940	92141f6c29cfa8c84b26c7b44f18d42e
cab/Sounds_/063_CS_golem_careful_VO.wav	28332	5fff9fc693ec52a3b88cd7281758d30b
cab/Sounds_/063_CS_grumpaonbear_careful_VO.wav	39220	3a1d6c90e77f4f0f53d090f15e8094ec
cab/Sounds_/063_CS_grumpaondragonfly_careful_VO.wav	70026	909332ff61fbabb4e15e2afd752aa2d6
cab/Sounds_/063_CS_hulk_careful_VO.wav	44660	3e4cddfbfb63944648a18852b049945f
cab/Sounds_/063_CS_kraken_careful_VO.wav	35578	f8318c51dddd19116d1a514a8e0a5f35
cab/Sounds_/063_CS_parrot_careful_VO.wav	37812	164bb9c858ab21851c2b5e9f12da700e
cab/Sounds_/063_grumpaonseahorse_careful_VO.wav	16654	0bca3e3de87ba3e7657021100161f134
cab/Sounds_/064_CS_champion_rightway_VO.wav	23348	1e221a0888b8555da15800666b006e84
cab/Sounds_/064_CS_foxy_rightway_VO.wav	32444	b4b924e1eecfcaef9131b40c0a8b1d80
cab/Sounds_/064_CS_golem_rightway_VO.wav	31084	4cecd042bd63f7ddfea346f5468aa434
cab/Sounds_/064_CS_grumpaonbear_rightway_VO.wav	29044	67876014ee00ca5f2aa8cd86280f4027
cab/Sounds_/064_CS_grumpaondragonfly_rightway_VO.wav	68980	aa33a96c5788d1e4650f8efd039a2d6a
cab/Sounds_/064_CS_hulk_rightway_VO.wav	51316	7d208038bc44549b8047d421235a72ea
cab/Sounds_/064_CS_kraken_rightway_VO.wav	37228	0415b472dff6629973a9d057ec76a476
cab/Sounds_/064_CS_parrot_rightway_VO.wav	41396	aee874e32bdb983ca62881667c34d753
cab/Sounds_/064_grumpaonseahorse_rightway_VO.wav	16654	0bca3e3de87ba3e7657021100161f134
cab/Sounds_/065_CS_champion_spawnpoint1_VO.wav	22304	4e42cac4dc7511c0700dba7a80d4b954
cab/Sounds_/065_CS_foxy_spawnpoint1_VO.wav	16380	b75dce6e2ce48b9d0effbefd8bbc24a4
cab/Sounds_/065_CS_golem_spawnpoint1_VO.wav	25900	7cbcf64d884b01dc0adc79ac475cfdb2
cab/Sounds_/065_CS_grumpaonbear_spawnpoint1_VO.wav	49780	53358a353dcc7ef646ce8d6b533c8096
cab/Sounds_/065_CS_hulk_spawnpoint1_VO.wav	43636	df3069245afb681875986d38af17f576
cab/Sounds_/065_CS_kraken_spawnpoint1_VO.wav	13936	42e321f2db069c469a825f2736226f8b
cab/Sounds_/065_CS_kraken_spawnpoint_VO.wav	25908	c433f787b4c0a13a11e2bc69bf65bc17
cab/Sounds_/065_CS_parrot_spawnpoint1_VO.wav	25268	3c94bfcea8be5b081e9d5e8c57f5e404
cab/Sounds_/066_CS_champion_spawnpoint2_VO.wav	30900	7a12e969990089fa4a4afab924c30fd1
cab/Sounds_/066_CS_foxy_spawnpoint2_VO.wav	22268	50c8efb9a11cb706cd07ba05b24de132
cab/Sounds_/066_CS_golem_spawnpoint2_VO.wav	28716	fda730feb4cb99570b8e5b5ba9761be6
cab/Sounds_/066_CS_grumpaonbear_spawnpoint2_VO.wav	28212	915ab5b1a4858e767b65d106253cea62
cab/Sounds_/066_CS_hulk_spawnpoint2_VO.wav	28276	bf7ccb03b69128ca8db51d4c0306a5f8
cab/Sounds_/066_CS_kraken_spawnpoint2_VO.wav	17192	4e681dfc24460b798466ef5bcda18195
cab/Sounds_/066_CS_parrot_spawnpoint2_VO.wav	14484	9c8f0b45b1930431daa178471200b051
cab/Sounds_/067_CS_diverrat_taunt_VO.wav	27060	2fea5ade08b37d5628ab0415c409a061
cab/Sounds_/067_CS_hulk_transform_VO.wav	83628	22e4c2743df1cdfc1ad268cbd22ff17a
cab/Sounds_/067_CS_kraken_transform_VO.wav	102304	ee3441f08faa09bf3ea4b437bb09c972
cab/Sounds_/067_CS_Parrot_VO.wav	25388	c163516ecd8e525785db9c47e87fcfc0
cab/Sounds_/067_CS_piraterat1_taunt_VO.wav	34612	a7cf6fabd25c0877b1f4dd5bf934508d
cab/Sounds_/067_CS_piraterat2_taunt_VO.wav	16596	6a2ed3ac332cd5eb74b7790941f6f705
cab/Sounds_/067_CS_piraterat3_taunt_VO.wav	19508	7419de511eb14bf76b19061ae7a60dfb
cab/Sounds_/069_Get_Scarletwretch_VS.wav	77172	d70f22588c9f131da9e89354dec4105c
cab/Sounds_/069_sch hello_VS.wav	27040	4db5d6438d6b07399a8889205585acbd
cab/Sounds_/069_sch_hello_VS.wav	27040	4db5d6438d6b07399a8889205585acbd
cab/Sounds_/090_sch_look_out_VS.wav	28980	33ed67929bd9e6139070697344f01f2d
cab/Sounds_/096_end_VS.wav	112756	ffb414f022c018add307f63b8ba20080
cab/Sounds_/0hiss.wav	21476	e3aa410f0016e177e41368ba86ce3bc7
cab/Sounds_/102_ratbeard_final_VS.wav	844720	c22cfc6b6744675670f67e98c98437ce
cab/Sounds_/104_rat_taunt_VS.wav	32052	5c21541520282eb0a5aae044f0e35b85
cab/Sounds_/108_rat_taunt_VS.wav	37812	4adcea3643a27dea9e3aa80ffe89aadf
cab/Sounds_/109_pullout.wav	3774	23339be77c7154f509eecd094e57497f
cab/Sounds_/118_CS_Diverrat_VO.wav	29056	2080d2da3520ccbef90e8619fc7aa7cc
cab/Sounds_/211_Hut Plaza.wav	56436	3f059efe84202f60edb8729c72b1976a
cab/Sounds_/211_Hut_Plaza.wav	56436	3f059efe84202f60edb8729c72b1976a
cab/Sounds_/211_Sch_Forgot_VO.wav	29056	2080d2da3520ccbef90e8619fc7aa7cc
cab/Sounds_/211_SWE gate is locked.wav	17236	56da3f4204bab063212e8282527ad786
cab/Sounds_/211_SWE hut door sealed.wav	32500	fe5668d62b0dd429b5e5c6a8e1a91107
cab/Sounds_/211_SWE sch find key.wav	34420	63e398a90a2477fe3d314624c9ee205f
cab/Sounds_/211_SWE sch flying ramp.wav	58228	a0f4dc76907e44c3eccd74bc96047c15
cab/Sounds_/211_SWE sch hut doors locked.wav	42612	0aa586f2148158a933ff5782fd19f334
cab/Sounds_/211_SWE sch water in well.wav	24250	6d9a4b960842e92393acc971879e994f
cab/Sounds_/211_SWE_gate_is_locked.wav	17236	56da3f4204bab063212e8282527ad786
cab/Sounds_/211_SWE_hut_door_sealed.wav	32500	fe5668d62b0dd429b5e5c6a8e1a91107
cab/Sounds_/211_SWE_sch_find_key.wav	34420	63e398a90a2477fe3d314624c9ee205f
cab/Sounds_/211_SWE_sch_flying_ramp.wav	58228	a0f4dc76907e44c3eccd74bc96047c15
cab/Sounds_/211_SWE_sch_hut_doors_locked.wav	42612	0aa586f2148158a933ff5782fd19f334
cab/Sounds_/211_SWE_sch_water_in_well.wav	24250	6d9a4b960842e92393acc971879e994f
cab/Sounds_/Aaa.wav	14808	ce08b511af5f3471ddad0f5dcccad046
cab/Sounds_/alligator_static_idle.wav	17364	eb3a9c3a303d625101c73d2f43a8f770
cab/Sounds_/ambient_alternativ2.wav	2412216	114e08aeac361d52faf520da862eebdd
cab/Sounds_/ambient_combat.wav	622672	c26e8ddbe6550718c9f30cec311c4e27
cab/Sounds_/ambient_desert2.wav	2412216	ad088fc56c5a43588db97605bc766b6d
cab/Sounds_/ambient_indoor2.wav	4287588	7b81481f3e8ebef3f50fcb0f46eb30d0
cab/Sounds_/ambient_jungle2.wav	2411696	76ecdfb754a3f26056eca09c7fbd8131
cab/Sounds_/ambient_monkey2.wav	2411696	76ecdfb754a3f26056eca09c7fbd8131
cab/Sounds_/ambient_ship2.wav	2605348	49527f17543fb7d93e408e6fbc03cf26
cab/Sounds_/ambient_ShipUnderWater2.wav	2605348	49527f17543fb7d93e408e6fbc03cf26
cab/Sounds_/ambient_surface2.wav	2412420	fe5c4ac2b69e7fe047c5157267857efc
cab/Sounds_/ambient_swamp2.wav	2411696	37bd2321cf4d58d49c2e63083771c8e6
cab/Sounds_/ambient_undersea2.wav	2412420	fe5c4ac2b69e7fe047c5157267857efc
cab/Sounds_/apeson_talking.wav	62274	b0c66c5b8f3b147035498e975c50485b
cab/Sounds_/babycry.wav	18464	d1de2207bf59c1218e1b2fb8c21a76b9
cab/Sounds_/Bird.wav	36146	fb7d1756494e09bae795846a737c1f3e
cab/Sounds_/Birds.wav	51056	de1f819748f04dedcfb0db81bca7dc3e
cab/Sounds_/birds2.wav	17810	01728dc0c40fef1069639382d08d36a7
cab/Sounds_/bite.wav	2832	72fd80a080c391ca83c00d7d20a52440
cab/Sounds_/Blip.wav	980	2e5e629cfe07ee04b30cfc60180725fd
cab/Sounds_/Boiling.wav	34972	e5c3c47a57420fb40e74b1549cec36f5
cab/Sounds_/Boing.wav	4082	19b85282bbd0e5b289d72c80a5fd16f3
cab/Sounds_/Boulder Impact.wav	17244	6ec5808a793737aaa670124366cf4793
cab/Sounds_/boulder_to_lock_SX.wav	16950	e9d050f2b67d461da2532a3589a52019
cab/Sounds_/Brygden_Klar_SV.wav	91764	d5f064a4abbf4d5e0f128e937f01286a
cab/Sounds_/Bubble 1.wav	16596	41d9d9c6802e66937e73492815d0405f
cab/Sounds_/Bubble 2.wav	19622	f944f83c047c65ca3134b45fff17cf4f
cab/Sounds_/Bubble 3.wav	17814	a8a75e8ea1665ab73672484180f405d6
cab/Sounds_/Bubble_1.wav	16596	41d9d9c6802e66937e73492815d0405f
cab/Sounds_/Bubble_2.wav	19622	f944f83c047c65ca3134b45fff17cf4f
cab/Sounds_/Bubble_3.wav	17814	a8a75e8ea1665ab73672484180f405d6
cab/Sounds_/Bubbles_underwater_A.wav	19926	c6fe885a11c8c4901d58c945aadf0627
cab/Sounds_/Bubbles_underwater_B.wav	16264	4a3047ce3083ef84c9bb894e7149ceb2
cab/Sounds_/build_laddder_SX.wav	17808	30c2ba05fcf8869b458397fbd58bfd0d
cab/Sounds_/cannonshoots.wav	48112	2ada7d96e09344e1de223f85ea83eac7
cab/Sounds_/Chewing_VO.wav	198204	fb9be1726d3c9de4d200943d365d8bcb
cab/Sounds_/clicklock_SX.wav	6292	708c8d20d42df509042aa005d70383ed
cab/Sounds_/connonhit.wav	48922	cd852ba080a88eb03fdd96b05c09f6d3
cab/Sounds_/Corcodileboss_Talk_VS.wav	40436	1d08522af0d5f68124adbcbce5ed848b
cab/Sounds_/crabbig_talk.wav	217340	6e3605a44411916ceaf7bcacf0b9b501
cab/Sounds_/crabbig_talk_award.wav	189436	cfc7b3d6f578f1c8348e4ac5aa5ea003
cab/Sounds_/creak.wav	5006	4f382fe1511060bf051670aa422abe5a
cab/Sounds_/creak_onboat_A.wav	13312	3bbc3d1b8623c3781901b6c437524555
cab/Sounds_/Creak_onboat_B.wav	17960	1b21403452000437110c5dd51d867453
cab/Sounds_/Creak_Reverberated.wav	14780	70ead326b480993779056970290ad17e
cab/Sounds_/CS_challenge_follower_VO.wav	42996	04ea131b61e5216e0871a8e7b2c4104e
cab/Sounds_/CS_champion_breathing_VO.wav	35104	42430a6652552aa5b726e463c7209416
cab/Sounds_/CS_champion_followagain_VO.wav	26804	cca60e5ddb9ab31ded212a4b03f29704
cab/Sounds_/CS_kraken_breathing_VO.wav	18114	7f9248318d1bc0efe2c13fbb2313b8ce
cab/Sounds_/CS_kraken_followagain_VO.wav	15372	d48077b2f4b02f5f54c1088567f00f45
cab/Sounds_/deadfather.wav	57332	e6cf98b85d8e39d09be8d031326cddc8
cab/Sounds_/dimondlight.wav	16880	6922465f3d8b9e81e69ccdf4be48504a
cab/Sounds_/Djungelnoise.wav	76560	be56adef2be74523bf9a12bafeddd725
cab/Sounds_/Door_Creaking2.wav	32164	3c1ea407db32593311872ddedf33a190
cab/Sounds_/Doorcreak.wav	11140	fdbc15dccec06226bcafb74f368a1d23
cab/Sounds_/drip.wav	1000	16b2131d8edb180363228753783f3052
cab/Sounds_/eat.wav	7762	0d219de32f303b5fb74e4cf80a8196e0
cab/Sounds_/effect_item.wav	14500	d71d932652c0b760602aa0486c95772b
cab/Sounds_/electrocution.wav	71652	62525a90e332fbde774fbeb3f3f6581f
cab/Sounds_/elephant_talking_quest.wav	96884	5be480c1f562ff6d8edbd6ef73df3ba7
cab/Sounds_/elephnt1.wav	19514	b3fc96d27373221101b44e449fbd5613
cab/Sounds_/end_succesful_VS.wav	118132	b4090965f8ce17656a5cbaebc04bc74d
cab/Sounds_/Fall and Crash.wav	37280	3d0f0f8a0226b801ffa17cc60025a50b
cab/Sounds_/Fall_and_Crash.wav	37280	3d0f0f8a0226b801ffa17cc60025a50b
cab/Sounds_/falling_boulder_SX.wav	27606	ee02a014c2d129e6ca63918029e99e9d
cab/Sounds_/fallinganddie.wav	41702	3a8f4dd54f76fde70f50c8283273a5ab
cab/Sounds_/FallingBarrels.wav	41460	c63e5f480c9aa6d830edcb1f7f9ca7bd
cab/Sounds_/fallingdown.wav	13616	646e9d746ad69be483b84d6058cd92d9
cab/Sounds_/fart.wav	7254	070d297d99399d7e61e44a84c8949825
cab/Sounds_/fart2.wav	18712	546b4f3486ef58900a95ab04a6b7065c
cab/Sounds_/Fatbastard_Heavy_Breathing.wav	48502	f7a28bc95bf31fca04ab1aac38b5b8bc
cab/Sounds_/Fatbastard_Shouldnt_have_eaten.wav	41076	b26042f2f644192208b66e21a5f49833
cab/Sounds_/Fatbastard_Struggling.wav	27380	9ad88bcfd74885cced888e45258cd794
cab/Sounds_/fire.wav	97432	9d19a475a1bf9539f6ec93591cb21eb4
cab/Sounds_/flying1.wav	674	26604c5f3e3865e6141854b4f5278431
cab/Sounds_/flying2.wav	32212	58ac10cafcf70454ff10a55e86b998a6
cab/Sounds_/flying3.wav	1816	8d7090277cc3d6983b04092f6a4b2106
cab/Sounds_/flying4.wav	16622	313f1a7f6d5663b627a124d55204e889
cab/Sounds_/giggle.wav	8204	9cd80c64446e2a61b187d765af92af42
cab/Sounds_/GolemCreation.WAV	35702	8cfe3fae814507e091b60c9307791aa3
cab/Sounds_/Grandfather_Talk_VS.wav	160764	ac37346fd47001937adf0489f9557a8a
cab/Sounds_/grump.wav	341576	5d06a53d10ac857f2ca7c5bea00b7311
cab/Sounds_/grump2.wav	341208	b6001495954260db797ea3c33cccb0da
cab/Sounds_/Grumpa.wav	341576	ed007d722ee14659525a83c81d2d4320
cab/Sounds_/Grumpa_becomes_grandfather.wav	33118	5ee46e59236d275389dba12ea2e20400
cab/Sounds_/grumpa_landing.wav	47084	eec1cb1ef2210fe7b4de631b3199ec27
cab/Sounds_/grumpaflying away.wav	15354	ff724218536113b980f327a31be855f5
cab/Sounds_/grumpaflying_away.wav	15354	ff724218536113b980f327a31be855f5
cab/Sounds_/grumpHI.wav	341576	4a6daca1faebdb3bb0fe475c12a208d2
cab/Sounds_/Happy_Bee.wav	50776	5d18a3aafe2a959557c23d6a6660e360
cab/Sounds_/heartbeat.wav	12956	ff0685a66188d644e472de9a5e74eb48
cab/Sounds_/hyena_static_idle.wav	15508	e08d3eb233833d6656ccfb64aaa80ffe
cab/Sounds_/hyena_talking.wav	76660	0a04bf33a12d5e51dfa4fd4a70c4ff93
cab/Sounds_/I_Have_Repaired_Your_Sword_SV.wav	66292	6451339e21a4557b87c5be53b81f2ae4
cab/Sounds_/Impact.wav	17808	4099f05042fcb1764eb3ff0dfafc740c
cab/Sounds_/InventoryIsFull_VS.wav	58356	ce9a3569244c2ed8c2b7c66e6917ce05
cab/Sounds_/IS_Ancestor Fruitpunch.wav	24372	5e3103728101d7ea75368606c024adee
cab/Sounds_/IS_Ancient Map.wav	135540	6770e52d7e361a8004f85466112e5b27
cab/Sounds_/IS_Antidote Potion.wav	20276	efd25c081f7ea7a8a90172b986921705
cab/Sounds_/IS_Ape Kings Jungle Mixture.wav	20340	21c4e8e3761054e6017f36d4bb2689a8
cab/Sounds_/IS_Ape Kings Son.wav	18868	6e53b017904b54ad74e8e66d7b1fe7c2
cab/Sounds_/IS_Banana 2.wav	13748	8245679f3092cc6d4a6a3a783675363c
cab/Sounds_/IS_Banana.wav	13748	8245679f3092cc6d4a6a3a783675363c
cab/Sounds_/IS_Bee Bottle.wav	23284	78ce35f0bd856c27d9f1cda2db273cac
cab/Sounds_/IS_Bee Jar.wav	22420	eb1a3e397b26efb7fab741dd58a00e30
cab/Sounds_/IS_Bee Pot.wav	21236	40a39ef508cfb6dc341e44eccbc8482f
cab/Sounds_/IS_Belt of Strength.wav	24756	b8706fb80921483384221b1ab1dae910
cab/Sounds_/IS_Belt_of_Strength.wav	24756	b8706fb80921483384221b1ab1dae910
cab/Sounds_/IS_Blood Orange Nosferatu.wav	19316	f6b31000643a7dc102e3b1a05e342d21
cab/Sounds_/IS_Blood Orange Oasis.wav	19316	f6b31000643a7dc102e3b1a05e342d21
cab/Sounds_/IS_Blood Orange.wav	19316	f6b31000643a7dc102e3b1a05e342d21
cab/Sounds_/IS_Bottle of Rum.wav	27380	45e00655a4432782d750f02b9fc41d8b
cab/Sounds_/IS_Branches.wav	26484	34f43121241717205886171f195e70b7
cab/Sounds_/IS_Coconut.wav	17524	82b28aed7525a9fd617e69fbfd1ab6fe
cab/Sounds_/IS_Coin 1.wav	12596	04a0bd93322c3d0bf3caa5367837d82d
cab/Sounds_/IS_Coin 2.wav	12596	04a0bd93322c3d0bf3caa5367837d82d
cab/Sounds_/IS_Coin 3.wav	12596	04a0bd93322c3d0bf3caa5367837d82d
cab/Sounds_/IS_Empty Bottle.wav	18548	2fdf211018c7d6378519731530b860dd
cab/Sounds_/IS_Empty Jar.wav	18004	2458d42502bf8765e1737f57ffed3402
cab/Sounds_/IS_Empty Pot.wav	18004	5d4a0c9120ac9d345a775244647d2ad3
cab/Sounds_/IS_Fathers Sword Broken.wav	31924	b42036dba37d6b08d220dbb9397a4128
cab/Sounds_/IS_Fathers Sword.wav	17332	d7c862a84f00edac56fbb2861f0387e7
cab/Sounds_/IS_Fishing Net.wav	15572	470bb7002ce5ad4de494a97ae1c47862
cab/Sounds_/IS_Flowers.wav	12212	4521452d7476156007cf3704f892d189
cab/Sounds_/IS_Fruit Cube.wav	16820	52c7ae69ed30c532e594944c7e7c3269
cab/Sounds_/IS_Fruit Star.wav	19252	878c3b45d86f5c2522760e7c6741abab
cab/Sounds_/IS_Fruit Triangle.wav	18900	cd9fc74774e5d0f2775dcbc10f2d16ec
cab/Sounds_/IS_Gate Key.wav	11316	cc16f3c29fd6bfee221f44df361f25eb
cab/Sounds_/IS_Gauntlets of Power.wav	23860	3ab3628c9d35be4bc3e0bc15acd2a0c1
cab/Sounds_/IS_Gauntlets_of_Power.wav	23860	3ab3628c9d35be4bc3e0bc15acd2a0c1
cab/Sounds_/IS_Green Flea.wav	20276	efd25c081f7ea7a8a90172b986921705
cab/Sounds_/IS_Hammer.wav	13268	1948e196c5a2d0a6f8984d13e1bf7dbe
cab/Sounds_/IS_Honey Bottle.wav	23668	997ecb8dd3ede05258540133dda132f7
cab/Sounds_/IS_Honey Jar.wav	21684	3bce82ab01034cb0ac00de8aadb5b0bd
cab/Sounds_/IS_Honey Pot.wav	21396	9abfcca7db3609f8a5d02f2f34a80c68
cab/Sounds_/IS_Jungle Liana.wav	92532	6243c89b47e17798015213af4e927f55
cab/Sounds_/IS_Key Blue.wav	20596	edc0959d233c67a92d244cded0d8ce6e
cab/Sounds_/IS_Key Green.wav	21236	1dbef955b9f34ab756a279b619901587
cab/Sounds_/IS_Key Red.wav	20340	6b1d4afb789382adb413b21adae06ec0
cab/Sounds_/IS_Lock Shaped Diamond.wav	27764	f5fe50be4f6f7d13d8f4e479e5927192
cab/Sounds_/IS_Lock Shaped Stone.wav	27444	0b41fdeca910d05d45e1f608c5d2a3a6
cab/Sounds_/IS_Long Planks.wav	20276	efd25c081f7ea7a8a90172b986921705
cab/Sounds_/IS_Magical Flying Dust.wav	19252	923da856064ac8339f36b710e24d83f2
cab/Sounds_/IS_Makeshift Ladder.wav	117644	5e0606dfa88ec99aa38f29a53eba9da2
cab/Sounds_/IS_Message in a Bottle.wav	20276	efd25c081f7ea7a8a90172b986921705
cab/Sounds_/IS_Moveable Ladder.wav	15060	bb882f0159b8ba4012c181fbdb46a598
cab/Sounds_/IS_Oars.wav	20852	79f83aff94f2c5fc8482ab6763bcc7d4
cab/Sounds_/IS_Octagon Diamond.wav	15668	2cfcbbc40ff6c69ade86ba7f6654ded1
cab/Sounds_/IS_Planks.wav	20276	efd25c081f7ea7a8a90172b986921705
cab/Sounds_/IS_Rope Ladder.wav	20276	efd25c081f7ea7a8a90172b986921705
cab/Sounds_/IS_Rope.wav	13684	7d79285345294f24cd465bf0426f6b8c
cab/Sounds_/IS_Seed Cube.wav	19060	89290330cb9d637dacbf32d4ab21dff2
cab/Sounds_/IS_Seed Star.wav	20308	ed60cc106cb56b2e220d69e80e1ccbb1
cab/Sounds_/IS_Seed Triangle.wav	21684	16f5f1970dc43b4aceed1cfff2b97591
cab/Sounds_/IS_Shield of Protection.wav	24500	313382d27283f87862dc4fc5c52dfad1
cab/Sounds_/IS_Shield.wav	18422	b3c37965d74f642c4872ff8afa6ed8d5
cab/Sounds_/IS_Summon Golem Scroll.wav	30452	4e7fe5fbce05bf8b538e05a7dad90c3c
cab/Sounds_/IS_Sword of Might.wav	26036	db653c1f3b62258d0b17f32c8eb532fe
cab/Sounds_/IS_Termite Bottle.wav	24820	12d533cb6d63bb460cbab744ac7b2304
cab/Sounds_/IS_Termite Jar.wav	23028	3eb57a272548955ef05d2ba815687045
cab/Sounds_/IS_Termite Pot.wav	23860	106376b7ddec9960204a2f0c6b16ca19
cab/Sounds_/IS_Water Bottle.wav	23028	1e3e1155300a393e4139fcd5b18bc3d4
cab/Sounds_/IS_Water Drop.wav	28732	23bd122358f6ea569e182402b46ba14e
cab/Sounds_/IS_Water Jar.wav	21332	b05793d3ff2f3fa6bba2bba8d78c2630
cab/Sounds_/IS_Water Pot.wav	22132	89985bfd8cf344b53b9a9ad65de461ec
cab/Sounds_/IS_Wood Splinter On Fire.wav	24564	6de5d615611bf7784369cd689d2206b7
cab/Sounds_/IS_Wood Splinters.wav	18612	89ec0d9fd9c684b032f69b3ccce50c55
cab/Sounds_/LevelUp.wav	29056	2080d2da3520ccbef90e8619fc7aa7cc
cab/Sounds_/Lid_Sliding.wav	21910	d063fe2af6861299d475478fd519cd79
cab/Sounds_/Lid_Sliding2.wav	22034	65942f2e2eae73aafabe58245f390916
cab/Sounds_/longfart.wav	31934	c9e09423c52bbd7486eb58f048f14ccf
cab/Sounds_/longfart2.wav	20402	8d0f60be529c6da9521267fc1d9bab14
cab/Sounds_/ny creak.wav	4946	1c0fe41fd87a507203e0ea07b52ce38e
cab/Sounds_/oceanwaves1.wav	138618	adef4a79d4276db7bdba067321ec6598
cab/Sounds_/Open Gate_SX.wav	16950	e9d050f2b67d461da2532a3589a52019
cab/Sounds_/Open_Gate_SX.wav	16950	e9d050f2b67d461da2532a3589a52019
cab/Sounds_/platform_move_SX.wav	54434	57c7c61f6635f370d5a22d72365aac76
cab/Sounds_/PU_wDrop.wav	12996	65a4352800c00d648861ee4dfd1b787d
cab/Sounds_/Rolling Boulders.wav	40360	636e801e1561ec2f6dd9d1ad1531e3cb
cab/Sounds_/Rolling_Boulders.wav	40360	636e801e1561ec2f6dd9d1ad1531e3cb
cab/Sounds_/rustle1.wav	16652	c0b6c419fb1e6f30295164dbd41e5e24
cab/Sounds_/rustle2.wav	14010	d163928a06ca124e59d3e6ec629d6cf7
cab/Sounds_/rustle3.wav	16186	2168f4486d70c6dcdd5f940e0f57a5ba
cab/Sounds_/rustle4.wav	20282	e28167ecb4be4a21e68ef02511ce2915
cab/Sounds_/rustleA_SX.wav	8988	c60250b87a3d8d91ada3e9ae7ffdf306
cab/Sounds_/rustleB_SX.wav	17316	7a8bed8fcefe0a073f7f80b441f3655e
cab/Sounds_/rustleC_SX.wav	17440	269a62aec6177a7b68f50f901ecb5bb6
cab/Sounds_/rustleD_SX.wav	21850	534dfb54cead6c50cc87b8301bbf4fab
cab/Sounds_/sandwormappears.wav	22094	c2a1a804484027fe2848e3ac89000881
cab/Sounds_/Sch_ctrlleft_VO.wav	496892	7c34e9621e8f8dfd531a8489d0439c78
cab/Sounds_/Sch_ctrlright_VO.wav	459516	f11ba3b39d735fa261691b06a4ca156b
cab/Sounds_/Sch_rightclick_VO.wav	301820	f785f48863c247cd982c33f91503f853
cab/Sounds_/Sch_shift_VO.wav	537340	f9f658e8ac1d9895d2673ea19d1d9884
cab/Sounds_/Sch_space_VO.wav	461052	7b733db17183996876db0c5b2e920451
cab/Sounds_/Scorpionwalk.wav	120736	19237a5982bca202cc346815c976bc69
cab/Sounds_/seagulls.wav	885788	9e26d1e64f9e5050b2adf980c58db12f
cab/Sounds_/setfire.wav	15478	f14e00fc31ae930b47544a896506edd4
cab/Sounds_/skeleton_talking.wav	82420	a9adbbc0b11c7b3fc1ae0485cb0e7275
cab/Sounds_/Sl_pp_L_s_mig_SV.wav	20468	6b14b10aa3a3213c28e59e67b4aeb6e8
cab/Sounds_/snakeattack.wav	6660	613fd5768b0cee90e489a6be5c867c66
cab/Sounds_/splash.wav	18694	00a63ac7d6c41bfc0526a73e52bc1d8e
cab/Sounds_/splash1.wav	29144	56fbe95fe32854b7c206a88c876bfabf
cab/Sounds_/splash_plaza.wav	17316	d39dffb99ce1da6b601aaaff21f01e8e
cab/Sounds_/splash_witch.wav	17452	38806420fe97dd4e49778a51c712856c
cab/Sounds_/spooky.wav	143960	8c1dd09cdf04b42f295b23ebe17c3f33
cab/Sounds_/squirt.wav	6700	1e3c207963e96eee77d91353c1d446df
cab/Sounds_/Sten Explosion.wav	45958	8b0b66ad7e81f813b086557ea78f9e93
cab/Sounds_/Sten_Explosion.wav	45958	8b0b66ad7e81f813b086557ea78f9e93
cab/Sounds_/stream.wav	53902	e0ef8454184f6d12caa931994f89afb2
cab/Sounds_/StreamLow.wav	108456	7ba7dc47e8afa442aa5b147617642fe7
cab/Sounds_/surf.wav	20786	4e9dc20006176d270eb04f4a0a5cfc3a
cab/Sounds_/Tack_F_r_Hj_lpen_SV.wav	44852	00d8aa7df89398d48f30da22d00ba199
cab/Sounds_/Take_This_Scroll_SV.wav	122484	8780f9edb024bbe567d26d78295d7fe4
cab/Sounds_/Tchooo.wav	17164	4db571b4816f6dbbb3802e0f5b062a81
cab/Sounds_/temp.wav	28040	c795f39fb0c7a4ea55bb0e455365f660
cab/Sounds_/Termites.wav	7086	5dc31be669621e606363b3039044cc35
cab/Sounds_/TrapDoor_Open.wav	8874	a07d53c5542024c54b01d79cbf9ad40e
cab/Sounds_/TrapDoor_Slam.wav	5130	8e942778790f627868f5c63c796edbf7
cab/Sounds_/triggersound.wav	23040	3bd34e42f19a7996b21f7fd31b69b249
cab/Sounds_/Trumpets_Fanfare_01161027.aiff.wav	25834	c29d25a8d636281c6df758c4f090bc98
cab/Sounds_/unlocking.wav	16478	1322a82679a7dcfcd3a5e0d3f549e855
cab/Sounds_/unplug.mpg	1394692	6f983ab77bd3e30b91b1f82769e6ae3c
cab/Sounds_/vevaned.wav	44636	1778fbc289b485fd9e5abec5f9542f47
cab/Sounds_/vevaupp.wav	60806	3c438f4af6b0ac9b941e397c74fe4dd5
cab/Sounds_/VO_captain.wav	63904	2f0c4f7796a27f49c46db672a0edc3aa
cab/Sounds_/wasp_SX.wav	79792	b79b533672e0b77853a1781e3e851564
cab/Sounds_/waspLow.wav	68346	08abeb09be650f7d7ecdc54f3735d1e8
cab/Sounds_/waspLow_SX.wav	68346	08abeb09be650f7d7ecdc54f3735d1e8
cab/Sounds_/WIND2.WAV	79512	5d2c11b6e5991f8e12c90eb965e46ba9
cab/Sounds_/Windtest.WAV	635754	5d5c804135042947e4f1118a1e5b44f1
cab/Sounds_/Witch_Handla.wav	119156	4b8306692d518fcfe890c58bf5551631
cab/Sounds_/Witch_Talk1_SV.wav	218740	21694ee19a7a25bd76fd1c3fbe557032
cab/Sounds_/Woosh.wav	15810	3b09d113a3b45bde5ffcd1136ba03543
cab/Sounds_/X021_CS_generic.wav	2740	b0e7714dd4469ffc2643d4cd47e20b93
cab/Sounds_/XStreamLow.wav	115930	18cf74bf6a7ebc6956db3b2e1adba902
cab/Sounds_/XX020_CS_generic.wav	3080	2c13f71489e2d6739f8884128319bc40
cab/Sounds_/You_Have_To_Pay_First_SV.wav	42292	ad2ffdc2a9a1d963787fd347ca5f3acc
cab/Sounds_/Zoom.wav	9684	d154dd966aa8d48c5792b4e3a23f22c8
cab/Sounds_Danish/001_sch_hurry_VS.wav	71154	9c64b20a46c7061ec5c3137537f88f22
cab/Sounds_Danish/003_sch_beware_cannonball_VS.wav	95410	ab83fa91f5282f25d43c659fddec9a2b
cab/Sounds_Danish/004_sch_jump_rocks_VS.wav	44694	f6fdfe2faf5489bd4cf8895f0cf78d9d
cab/Sounds_Danish/004_sch_nasty_crocs_VS.wav	55720	3f768407f7bb51df6deadc2fdced6fb4
cab/Sounds_Danish/005_monkey_guard_thanks_VS.wav	91000	7fc8d26de16720402601aaf88ff913b8
cab/Sounds_Danish/005_monkey_guard_VS.wav	71154	fc27c500ce9d126b8a6a1d530367d132
cab/Sounds_Danish/005_sch_not_allowed_entry_VS.wav	38080	4c6d455a6821733f9134b42268b392f9
cab/Sounds_Danish/005_sch_seems_hungry_VS.wav	53514	58f0b879d697390092e3a59979073656
cab/Sounds_Danish/006_champ_bring_your_friend_VS.wav	82180	debd5afb0091f8de3dcc490c0b3d0354
cab/Sounds_Danish/006_champ_defeated_VS.wav	106434	cb9791fc69a39f5f8264b2686545d289
cab/Sounds_Danish/006_champion_challenge_result_VS.wav	110844	293c3a798985ab941ada70b2eb1240bb
cab/Sounds_Danish/006_champion_challenge_VS.wav	210070	4592bc33de2ac5237225dac575668092
cab/Sounds_Danish/006_champion_leave_sword_VS.wav	53514	da38f798700e3ccf32284ae92c252744
cab/Sounds_Danish/006_champion_scream_VS.wav	20440	e3fda8076fcd89384931522384ced073
cab/Sounds_Danish/006_king_acidflaska_VS.wav	115254	b148e2f72bd015036e497fa489a4fde4
cab/Sounds_Danish/006_king_antidote_VS.wav	86590	9c14582e973c1c1271ea6d4f8b2884bc
cab/Sounds_Danish/006_king_attacked_VS.wav	91000	e2c00f8db71752bd161ae52180526bd5
cab/Sounds_Danish/006_king_happy_with_son_VS.wav	91000	35b480a064df5aaf93a804e733d391ec
cab/Sounds_Danish/006_king_help_me_VS.wav	221094	c03644c1a323b950b505b6fe4cc6c389
cab/Sounds_Danish/006_king_light_fire_VS.wav	88794	6c25a7b269b12ba0066fc8166ae50748
cab/Sounds_Danish/006_king_put_in_cauldron_VS.wav	146124	6e05164f3a3f72e2fc75945f617a622a
cab/Sounds_Danish/006_king_son_champion_VO.wav	141714	acdb83d29f9bcbb5e0c0829ed448b76a
cab/Sounds_Danish/006_king_strength_potion_VS.wav	139510	f5a39b0d54ddd3d63de519795cd44381
cab/Sounds_Danish/007_sch_dead_end_VS.wav	84384	21b715d7ed18bb7b12160a57cb9a668a
cab/Sounds_Danish/008_sch_lazy_VS.wav	86590	488a473d59d94b674f725c7577d14c92
cab/Sounds_Danish/010_sch_look_a_path_VS.wav	57924	c647213c59465726e441a4d74bdfa477
cab/Sounds_Danish/010_sch_snake_VS.wav	31464	21f80fbab16107a30f2ce90897a4b03c
cab/Sounds_Danish/012_sch_rat_wakes_up_VS.wav	77770	d3746b8d57a6764ab8fe7fdfd243af94
cab/Sounds_Danish/013_rat_giveitup_VS.wav	27054	40e378ca4d1ad256868c4016ce23c301
cab/Sounds_Danish/013_sch_rat_stuck_VS.wav	132894	19ad4266c342272384b7f63653e047ed
cab/Sounds_Danish/014_Sch_A_Hole_VO.wav	88794	8b393adde91f9ff6843cea4843922196
cab/Sounds_Danish/014_sch_scared_VS.wav	95410	41385dbfccb3fe3c4f4a28bf46b08a53
cab/Sounds_Danish/014_turtle_hole_VS.wav	79974	43b348741f76f1e3c0c47f577eb020f1
cab/Sounds_Danish/014_turtle_welcome_VS.wav	62334	6e7d727d6fd00b2a5837f7ccfcb508b6
cab/Sounds_Danish/015_bee_needs_flower_VS.wav	68950	131a9ee25756cec04fe2752dd42b9cd0
cab/Sounds_Danish/015_bee_show_flower_VS.wav	199044	cf518b7c234f71248e2781cac8cf43c7
cab/Sounds_Danish/015_bee_thanks_flower_VS.wav	196840	fd2c12c78e47950b5123ca7bb4f76a9b
cab/Sounds_Danish/015_sch_watch_out_VS.wav	60130	277f8d32f9094946fba6e0b3612be54f
cab/Sounds_Danish/016_sch_boats_VS.wav	117460	f93134f4e9483f024261f4e71b5e3924
cab/Sounds_Danish/017_sch_piranhas_in_the_water_VO.wav	66744	4ed9fbe600c801c779ba0e9ed66d6281
cab/Sounds_Danish/018_CS_Ape_Champion_VO.wav	33670	048c70e0b5a1a5813e89b1eeba4a735a
cab/Sounds_Danish/018_CS_champion_attack1_VO.wav	33670	f1c20977d2fa739d6f8950f96d87e28a
cab/Sounds_Danish/018_CS_foxy_attack1_VO.wav	22644	359465b2781378cf367cd9d57e3b2b7a
cab/Sounds_Danish/018_CS_golem_attack1_VO.wav	29260	3f9b56882ff4c346407fa76eecdd1e48
cab/Sounds_Danish/018_CS_grumpaonbear_attack1_VO.wav	22644	ecc8703a08742c7a4bf57adb65d8b9c6
cab/Sounds_Danish/018_CS_hulk_attack1_VO.wav	27054	2a38c27b81bcd7c4c53f6c5996b0c963
cab/Sounds_Danish/018_CS_Hulk_VO.wav	18234	7f587503e5c6116e7d38a99fe2d5becf
cab/Sounds_Danish/018_CS_hyena_attack1_VO.wav	29260	3c3eaa0ff15eead9380edb547552d3fe
cab/Sounds_Danish/018_CS_LeaderBlue_attack1_VO.wav	38080	a3dd3bf5c6756bb55c012d7138a31c51
cab/Sounds_Danish/018_CS_LeaderRed_attack1_VO.wav	18234	612acb9aa8bf9bdcedcf35f9a23a046b
cab/Sounds_Danish/018_CS_piraterat1_attack1_VO.wav	31464	941d2a344b4593017028246330f574bd
cab/Sounds_Danish/018_CS_piraterat2_attack1_VO.wav	33670	f9cd418413fe88ef52d0e95015072e03
cab/Sounds_Danish/018_CS_piraterat3_attack1_VO.wav	29260	6a46aeef320608f49d0add8168fe3331
cab/Sounds_Danish/018_CS_ratbeard_attack1_VO.wav	24850	4deedef6f73065d05fb025ad78576076
cab/Sounds_Danish/018_CS_skeleton_attack1_VO.wav	42490	102bc3acc44e525d9d022c6f26982f04
cab/Sounds_Danish/018_CS_Skeleton_Captain_VO.wav	22644	ee54d0e683c70237d04cf48b9eaf7459
cab/Sounds_Danish/018_CS_turtle_attack1_VO.wav	27054	43cfdf6038ecf555d3a1a19e01a5ecac
cab/Sounds_Danish/018_CS_Turtle_VO.wav	22644	add35eaf365270b30a3b891649680412
cab/Sounds_Danish/020_sch_dragonfly_VO.wav	62334	a5e0ddb2872ae31f8e48ad965643f443
cab/Sounds_Danish/021_Blood_Orange_Legend_VS.wav	271810	d2983b3d4e76c832eb818d29cc1bce73
cab/Sounds_Danish/021_Nosferatu_Talk_VS.wav	194634	419eb34b401d56a8c2f9ea1c497f14a4
cab/Sounds_Danish/021_sch_uncle_VS.wav	68950	376048df792490f528cbffe5207a7f36
cab/Sounds_Danish/021_Slurp_Ta_En_Apelsin_VS.wav	192430	cde6bdd6f5eb4420ee3643bf232608fa
cab/Sounds_Danish/022_sch_fooled_VS.wav	57924	2162dc504165d9a14a84fb6c04bb9d13
cab/Sounds_Danish/022_witch_cauldron_VS.wav	262990	019231fd8ec370cd8e91be63a69c9fd0
cab/Sounds_Danish/023_CS_Alligator_VO.wav	75564	f01482aa28a5d4d33041dc5935babec8
cab/Sounds_Danish/023_CS_Bear_VO.wav	35874	2334ae4123a340df8da73656a164362b
cab/Sounds_Danish/023_CS_champion_hit_VO.wav	20440	5f2db831559dbe227bf38e0756de4d27
cab/Sounds_Danish/023_CS_foxy_hit_VO.wav	11620	a08a878b349c624b452493cdadee0e6e
cab/Sounds_Danish/023_CS_golem_hit_VO.wav	16030	f8a30021320a70e7170b7b4d15413f30
cab/Sounds_Danish/023_CS_grumpaonbear_hit_VO.wav	19888	7aa1c6b02f0a69c87d4f58fd996d9335
cab/Sounds_Danish/023_CS_hulk_hit_VO.wav	57924	d218f95dbf3b3fe80ce6bd140e92fb7c
cab/Sounds_Danish/023_CS_hyena_hit_VO.wav	27054	240a9b12ffab8c65924b6de0f83a3856
cab/Sounds_Danish/023_CS_LeaderBlue_hit_VO.wav	16030	39956330d3dcf7dd5d70e52b57b54c30
cab/Sounds_Danish/023_CS_LeaderRed_hit_VO.wav	16030	3cecf62b34b83fbbe3306d7632a01dd5
cab/Sounds_Danish/023_CS_piraterat_hit_VO.wav	18234	0bc6ebe4ffb1a534bc59bbd574893795
cab/Sounds_Danish/023_CS_ratbeard_hit_VO.wav	24850	fafa41533d1bc0b209157553fffaa24e
cab/Sounds_Danish/023_CS_skeleton_hit_VO.wav	18234	1a00cf4d192961fc3a6897e3132547ac
cab/Sounds_Danish/023_CS_turtle_hit_VO.wav	16030	c92ac427506d625aa4c6e563fa4cc8fa
cab/Sounds_Danish/023_sch_termites_VS.wav	66744	2a4d86f854d32a64e2c9d5f836e343bd
cab/Sounds_Danish/024_sch_plant_VS.wav	75564	00dc3ae8f84088566f1a4155cb5326a0
cab/Sounds_Danish/025_sch_ooh_VS.wav	97614	a7c5c5b89addbecb5fd436b2385bdb80
cab/Sounds_Danish/026_sch_ghost.wav	55720	d65f92eb02058faf908a26e5fc761c73
cab/Sounds_Danish/027_sch_ants_VS.wav	93204	5dfa72c87d3be8186b3448b729ef7309
cab/Sounds_Danish/027_sch_scared_VS.wav	88794	ec13d07f008d550ed2d7194fdd10ae54
cab/Sounds_Danish/030_sch_help_VS.wav	31464	b9baa95c55710c3517d31319cbbe1804
cab/Sounds_Danish/031_sch_moving_in_sand_VS.wav	64540	172d4277d511d86289b717abe4b6a81b
cab/Sounds_Danish/032_CS_champion_scream_VO.wav	31464	9b9a7d0da64fb49c0900373c5930ccb1
cab/Sounds_Danish/032_CS_champion_tired_VO.wav	40284	3aaa11017e72985a59951f371f6e7c08
cab/Sounds_Danish/032_CS_foxy_tired_VO.wav	42490	d843bb27d672e24a20bd2266a2fea6ae
cab/Sounds_Danish/032_CS_golem_tired_VO.wav	35874	f108d44fba380334e7bd1aa7acd09249
cab/Sounds_Danish/032_CS_grumpaonbear_tired_VO.wav	66744	3ed1a9b54f44bad69f8c4bde3d53e99a
cab/Sounds_Danish/032_CS_grumpaondragonfly_tired_VO.wav	49104	6256ef754fc329682b6d3464e2a47e31
cab/Sounds_Danish/032_CS_grumpaonseahorse_tired_VO.wav	49104	7bd651bbc66b9be1c2a1033b69bf4c41
cab/Sounds_Danish/032_CS_hulk_tired_VO.wav	71156	caff0a8597390cc68cf501a095c5422a
cab/Sounds_Danish/032_CS_parrot_tired_VO.wav	53514	72afba67c14459055979a78e86229de1
cab/Sounds_Danish/033_HyenaBoss_Scream.wav	42490	f7e777e3f4d7575671c3a00aa332d4de
cab/Sounds_Danish/033_sch_hyena_VS.wav	77770	34f96edb6466372b783cf0fa41ad1f80
cab/Sounds_Danish/034_elephant_thanks_VS.wav	152740	fcd0188134bf467ffed31bb66d9d06fe
cab/Sounds_Danish/039_sch_who_lives_here_VS.wav	99820	9e69f9c1a70a588f489bd95c9abae722
cab/Sounds_Danish/040_Bear_Growl.wav	55720	7772b1020d74ecb7604cb1c09b0c496a
cab/Sounds_Danish/040_sch_wake.wav	49104	0c2c8da4407797a96e78b0fd5cfeb0d9
cab/Sounds_Danish/054_sch_inside.wav	119664	ed6a3275205a8bdef04d86b25c82bc53
cab/Sounds_Danish/060_CS_bear_mount_VO.wav	64540	e0938adcbac2d360b2d6aaafaa52f4c2
cab/Sounds_Danish/060_CS_champion_release_VO.wav	27056	b2a1cf402554cb2ed971a819afbc2705
cab/Sounds_Danish/060_CS_dragonfly_mount_VO.wav	29260	c2237b16689b73250b7f6b389955c1cc
cab/Sounds_Danish/060_CS_foxy_release_VO.wav	38080	b3a1588c3f66a3e1f58c766eab7a4177
cab/Sounds_Danish/060_CS_golem_release_VO.wav	53514	50936f90751dea70f9e5cf684eb4f677
cab/Sounds_Danish/060_CS_grumpaonbear_release_VO.wav	38080	054994cbc1b8e2553a07525b37aca05f
cab/Sounds_Danish/060_CS_grumpaondragonfly_release_VO.wav	51310	0cbe42a08d728fa903651e6f7ca41d85
cab/Sounds_Danish/060_CS_grumpaonseahorse_release_VO.wav	53514	e796528cfb6fc97c3b09f57955508c1f
cab/Sounds_Danish/060_CS_hulk_release_VO.wav	62334	b510f667bf62cb4607b650a712c1961f
cab/Sounds_Danish/060_CS_kraken_release_VO.wav	42490	befde09c5fe094346fe53933281755c2
cab/Sounds_Danish/060_CS_parrot_release_VO.wav	46900	29c824dfc1c6daaa525ba42e917ca3b4
cab/Sounds_Danish/060_CS_seahorse_mount_VO.wav	44694	92b2c5feab6fb6218f942f98ac8beeda
cab/Sounds_Danish/060_sch_who_lives_here_VS.wav	46900	abbadd61ffa8cc96fd7ac60187804c2a
cab/Sounds_Danish/061_CS_bear_idle_VO.wav	55720	3e79f74cfa8f8d94d60b69a3971b0671
cab/Sounds_Danish/061_CS_champion_scream_VO.wav	46900	a452a8222cf161e37647f0eab4180d96
cab/Sounds_Danish/061_CS_dragonfly_idle_VO.wav	79974	2920bb5f2b057e16248b4760cfdf8135
cab/Sounds_Danish/061_CS_earthgolem_scream_VO.wav	16030	d9833af5256b77ef6f39b41ae0f1d5ff
cab/Sounds_Danish/061_CS_foxy_scream_VO.wav	11620	052f8f4fb9616fed62fd0fc5fed2ee9c
cab/Sounds_Danish/061_CS_kraken_scream_VO.wav	46900	39c751b48b6a88aed6923da1fa853beb
cab/Sounds_Danish/061_CS_parrot_scream_VO.wav	18234	b10ce6c14c354b4562295afa1804d3ac
cab/Sounds_Danish/061_CS_seahorse_idle_VO.wav	38080	bab7e2537f6b22fd5ddcc615e29954c8
cab/Sounds_Danish/061_CS_stonegolem_scream_VO.wav	18234	56bd002a06f7500f87fb011270623013
cab/Sounds_Danish/061_CS_watergolem_scream_VO.wav	48554	807d02d8fc40e045563ce6d6e169b00b
cab/Sounds_Danish/063_CS_champion_careful_VO.wav	60130	f56c3c1ff0133a4217cc8cb3ab26a305
cab/Sounds_Danish/063_CS_foxy_careful_VO.wav	68950	ea24a6c332b9ff599e81d62ccb4081fd
cab/Sounds_Danish/063_CS_golem_careful_VO.wav	49104	f1b37aa56ee1f00c92436089ecbffcb2
cab/Sounds_Danish/063_CS_grumpaonbear_careful_VO.wav	82180	0623fb448937874c3e1ffc2b613c6d46
cab/Sounds_Danish/063_CS_grumpaondragonfly_careful_VO.wav	117460	1b883b518a908c81d8004aecd909ddbe
cab/Sounds_Danish/063_CS_hulk_careful_VO.wav	79974	a3b381e231ed34eefc3a8eb0e3975e95
cab/Sounds_Danish/063_CS_kraken_careful_VO.wav	46900	cb880e0c0cc178f170150bd481075697
cab/Sounds_Danish/063_CS_parrot_careful_VO.wav	75564	fe5bd71a91ab161228a749b84dbd96d3
cab/Sounds_Danish/064_CS_champion_rightway_VO.wav	53514	1c948961abc92d61704b28ebf621c2cd
cab/Sounds_Danish/064_CS_foxy_rightway_VO.wav	82180	02f2d7022a4882c188b1cc6270ed1412
cab/Sounds_Danish/064_CS_golem_rightway_VO.wav	24850	c25b18b5a0ea43e6c0f899af0aed04f6
cab/Sounds_Danish/064_CS_grumpaonbear_rightway_VO.wav	73360	17dd63cc82a39e0b865f26d891820cf6
cab/Sounds_Danish/064_CS_grumpaondragonfly_rightway_VO.wav	154944	6e10cf4e2cfc881c4a9a117e09878732
cab/Sounds_Danish/064_CS_hulk_rightway_VO.wav	86590	17cb091fe5ef359e64beac09042e778a
cab/Sounds_Danish/064_CS_kraken_rightway_VO.wav	46900	1036661322f0eb44a7ce142cbe093210
cab/Sounds_Danish/064_CS_parrot_rightway_VO.wav	71154	71ccc4c3a2254f80992e4cf97948a18c
cab/Sounds_Danish/065_CS_champion_spawnpoint1_VO.wav	38080	2474b29baf7b2153a70e8e696f025cae
cab/Sounds_Danish/065_CS_foxy_spawnpoint1_VO.wav	33670	89918748bf838a4b91f8eb2ab60936a4
cab/Sounds_Danish/065_CS_golem_spawnpoint1_VO.wav	35874	bfa03c3c046488d3e8bea05ad85ef688
cab/Sounds_Danish/065_CS_grumpaonbear_spawnpoint1_VO.wav	73360	3d4bc73de827d66a563e0508409d5ac2
cab/Sounds_Danish/065_CS_hulk_spawnpoint1_VO.wav	64540	05bfdb6dd50c33f94ddf45f84c8d3c27
cab/Sounds_Danish/065_CS_kraken_spawnpoint1_VO.wav	42490	c08dedb149e9815c680b3b43a34bb1ca
cab/Sounds_Danish/065_CS_parrot_spawnpoint1_VO.wav	40284	6b7b2264a16c66f276f1311cb83b66c1
cab/Sounds_Danish/066_CS_champion_spawnpoint2_VO.wav	73360	80c1b424a06e1de48d6dcdd323309e58
cab/Sounds_Danish/066_CS_foxy_spawnpoint2_VO.wav	46900	50d355f32534e2b5abc9520d0ad9949f
cab/Sounds_Danish/066_CS_golem_spawnpoint2_VO.wav	33670	e7a7aa7d528ee93ea2a77affab25c050
cab/Sounds_Danish/066_CS_grumpaonbear_spawnpoint2_VO.wav	53514	1af4f37d054e244501e041044489e684
cab/Sounds_Danish/066_CS_hulk_spawnpoint2_VO.wav	49104	a53c45fe0dbb89abacc60eada3376ddd
cab/Sounds_Danish/066_CS_kraken_spawnpoint2_VO.wav	29260	9ca5d707500f870981bb41b3d04c69b8
cab/Sounds_Danish/066_CS_parrot_spawnpoint2_VO.wav	29260	311679cbdcb501e9f45d22ef644be0c9
cab/Sounds_Danish/067_CS_diverrat_taunt_VO.wav	29260	00301e42f9e6428e58a6e27310c5bd74
cab/Sounds_Danish/067_CS_hulk_transform_VO.wav	93192	b14a58287527e69456654299b3c1d063
cab/Sounds_Danish/067_CS_kraken_transform_VO.wav	175342	79bbf6a17643a93c32fcad359d320218
cab/Sounds_Danish/067_CS_Parrot_VO.wav	44694	1b3d293bd7faf10b146e5a186770d340
cab/Sounds_Danish/067_CS_piraterat1_taunt_VO.wav	71154	fdb4087621fcc58e3d0d10e881908b13
cab/Sounds_Danish/067_CS_piraterat2_taunt_VO.wav	49104	5a0999e47b53f1b0eb55fe4b18dc979a
cab/Sounds_Danish/067_CS_piraterat3_taunt_VO.wav	60130	f806be7e062dbe4f91b7ee3b0a6502a0
cab/Sounds_Danish/069_Get_Scarletwretch_VS.wav	174790	5eb41e9f74982d895c5858f85b01877a
cab/Sounds_Danish/069_sch_hello_VS.wav	60130	029a30de31489dc4530d792e1c85c544
cab/Sounds_Danish/06help_VO.wav	57924	c468b4799d8166bb4a4b35b9eb8a847b
cab/Sounds_Danish/07help_VO.wav	62334	ec37b1d9f0087f7114d59368087ce7e3
cab/Sounds_Danish/090_sch_look_out_VS.wav	33670	1dc19043466ed2de429f08444d306441
cab/Sounds_Danish/096_end_VS.wav	170380	31a7b4ddccd85518cd03054dec52c442
cab/Sounds_Danish/102_ratbeard_final_VS.wav	172584	9bc47256973c473c733a320e3bf7ef06
cab/Sounds_Danish/104_rat_taunt_VS.wav	51310	30341da059f4da66925805b9ce732284
cab/Sounds_Danish/108_rat_taunt_VS.wav	66744	fd526c43ee032cc7d8668c9709e0b6e5
cab/Sounds_Danish/211_Hut_Plaza.wav	75564	bc5488ec00c3e4dfdb78fb756ea8b44d
cab/Sounds_Danish/211_SWE_gate_is_locked.wav	18234	d50365a0fde4c837d0f5e594fc59c667
cab/Sounds_Danish/211_SWE_hut_door_sealed.wav	38080	8a00c53e8ecd4dbfc01d1cae8285414b
cab/Sounds_Danish/211_SWE_sch_find_key.wav	42490	62e57eb22be8ff3a3b4c41f24cd729a9
cab/Sounds_Danish/211_SWE_sch_flying_ramp.wav	77770	06a7b2d8f668b7d0ce491a6de6a8c4dd
cab/Sounds_Danish/211_SWE_sch_hut_doors_locked.wav	60130	7830d3b393ffda7853db63111725bfe4
cab/Sounds_Danish/211_SWE_sch_water_in_well.wav	22644	90bfe8875b8768250f279e7d4eede78b
cab/Sounds_Danish/ALT_006_king_strength_potion_VS.wav	139510	f5a39b0d54ddd3d63de519795cd44381
cab/Sounds_Danish/apeson_talking.wav	91000	7a050de91e55a79a44ae232915f3c83c
cab/Sounds_Danish/Brygden_Klar_SV.wav	212274	c69946fba4ce8e0cdb142da8fb65c2dd
cab/Sounds_Danish/Corcodileboss_Talk_VS.wav	97614	f579ad7b232e344a3eabceca068abd2b
cab/Sounds_Danish/crabbig_talk.wav	307090	b0b0b001d5ed0319d3b44aba4b55e3d2
cab/Sounds_Danish/crabbig_talk_award.wav	212274	31dec70ea5f4b652411bf77f5f939b32
cab/Sounds_Danish/CS_champion_followagain_VO.wav	55720	f7a84b9fe9a4a01cabd5440098f179aa
cab/Sounds_Danish/CS_kraken_followagain_VO.wav	30914	6bbb5748e3df6145a3e8d196b804f1bf
cab/Sounds_Danish/deadfather.wav	113050	0d1718025273f83026aacff3a6692798
cab/Sounds_Danish/elephant_talking_quest.wav	157150	28744a504ad2e55d0ed86b620d036cfa
cab/Sounds_Danish/end_succesful_VS.wav	203454	220cbf648aaa8530fcc1092ad696e2a6
cab/Sounds_Danish/Fatbastard_Shouldnt_have_eaten.wav	77770	b7ee83ef01dc576f69bfd2bf25223755
cab/Sounds_Danish/Fatbastard_Struggling.wav	40284	d2eaedc764beba0e098d3ba08eb3b816
cab/Sounds_Danish/Grandfather_Talk_VS.wav	348986	8415409e9660c4021ccfc6c19cf3d979
cab/Sounds_Danish/Happy_Bee.wav	170380	fc30ce4eddebd710f1fe8596aec8466e
cab/Sounds_Danish/hyena_talking.wav	190224	9ab9b891cbed5ad809d74b3d229d875c
cab/Sounds_Danish/I_Have_Repaired_Your_Sword_SV.wav	115254	6375013cb55e06a79bdb20902ecb004b
cab/Sounds_Danish/InventoryIsFull_VS.wav	113050	15d3e2bc7f0d80c70bd9969d6e9827b9
cab/Sounds_Danish/IS_Ancestor_Fruitpunch.wav	40284	c68cfc913b2d9a28264906d02239e6e5
cab/Sounds_Danish/IS_Antidote_Potion.wav	29260	2cdc9372eaefa9b776732dc235a4e0b4
cab/Sounds_Danish/IS_Ape_Kings_Jungle_Mixture.wav	27054	defbf10510e15e6a6a227568beef394b
cab/Sounds_Danish/IS_Ape_Kings_Son.wav	27054	81d0d44cd95ed48fda1693c380154fd6
cab/Sounds_Danish/IS_Banana.wav	18234	34d0a0b313f873240fa1f70d731ef81b
cab/Sounds_Danish/IS_Banana_2.wav	18234	dbf5275d3f28e1ccd323713a369350b0
cab/Sounds_Danish/IS_Bee_Bottle.wav	33670	4e270dfbf1d7872d82f306256a6621ad
cab/Sounds_Danish/IS_Bee_Jar.wav	33670	cd02ee6a489f5196b83bb464c9f101fd
cab/Sounds_Danish/IS_Bee_Pot.wav	31464	60b074b54764ccb600d202f1891d0e47
cab/Sounds_Danish/IS_Belt_of_Strength.wav	27054	7370e11221dbc4c514f0df6e95ff648b
cab/Sounds_Danish/IS_Blood_Orange.wav	27054	5c758818414435aea22de0a285903a06
cab/Sounds_Danish/IS_Blood_Orange_Nosferatu.wav	27054	03a3905f85a1e8ed3cc2451b8006f8b5
cab/Sounds_Danish/IS_Blood_Orange_Oasis.wav	27054	b73a8e056fe70b276b1977bef9b24405
cab/Sounds_Danish/IS_Bottle_of_Rum.wav	27054	a941f27f6e8c187916368a80ff50bc72
cab/Sounds_Danish/IS_Branches.wav	33670	9bdda5f195fb5a11b644f0bd0ccaa666
cab/Sounds_Danish/IS_Coconut.wav	22644	7152eb27fd451e7cdbf3289e30f4243b
cab/Sounds_Danish/IS_Coin_1.wav	18234	1da402fe821e8dfdfedfc0c612613728
cab/Sounds_Danish/IS_Coin_2.wav	18234	2c8f97c6d3b024df15024024ec119dbc
cab/Sounds_Danish/IS_Coin_3.wav	18234	5025276a3b9148ce24b9ad3762fbf60b
cab/Sounds_Danish/IS_Empty_Bottle.wav	27054	1454c697dd6d2723eb5f4a5bb21b7be2
cab/Sounds_Danish/IS_Empty_Jar.wav	29260	33d029586f835d70eb7a889c1c3d72e4
cab/Sounds_Danish/IS_Empty_Pot.wav	22644	79e22761925bfd82475feac9f3a7ca82
cab/Sounds_Danish/IS_Fathers_Sword.wav	22644	4714f1e54594f30acaef1a0587165558
cab/Sounds_Danish/IS_Fathers_Sword_Broken.wav	51310	c2cffe1b6b75b2725757149910c4f661
cab/Sounds_Danish/IS_Fishing_Net.wav	13824	aff8e7fdc982feaeb6269c5727057edc
cab/Sounds_Danish/IS_Flowers.wav	18234	b9a030d17f7bb3216c7314416822a925
cab/Sounds_Danish/IS_Fruit_Cube.wav	22644	74d8c0581676a13a8b9300e0ea616c66
cab/Sounds_Danish/IS_Fruit_Star.wav	29260	9b4794cc93aa08f24aabd169cddbb2a0
cab/Sounds_Danish/IS_Fruit_Triangle.wav	29260	d22705cb317d9afe0bd6b061f8355186
cab/Sounds_Danish/IS_Gate_Key.wav	18234	9eed1f1c20534c30303a15a0b8fe926e
cab/Sounds_Danish/IS_Gauntlets_of_Power.wav	27054	83543023f8603e0351cd753ee4e9b313
cab/Sounds_Danish/IS_Green_Flea.wav	29260	0269151b289ecae7fcd1f19f12a711ca
cab/Sounds_Danish/IS_Hammer.wav	16030	7ea2b27c019caf11f9cfe35728d2c0e8
cab/Sounds_Danish/IS_Honey_Bottle.wav	27054	5314212561a75e676db24e9018b62f9e
cab/Sounds_Danish/IS_Honey_Jar.wav	27054	739424c93baa1fb8d7a5b2ae2847ed61
cab/Sounds_Danish/IS_Honey_Pot.wav	24850	b2f881ee8dcfc8c77f96b70affe380fd
cab/Sounds_Danish/IS_Jungle_Liana.wav	18234	b5e328a269dc3c4f30d70e92516b66c2
cab/Sounds_Danish/IS_Key_Blue.wav	27054	97820cd0092a3cee527b06fff2937cb4
cab/Sounds_Danish/IS_Key_Green.wav	27054	78299d9d864a9415801cc4edbec2c70b
cab/Sounds_Danish/IS_Key_Red.wav	24850	8d35c219f2f208e9da136730660662a3
cab/Sounds_Danish/IS_Lock_Shaped_Diamond.wav	44694	5fd0ac5d8dd7b50ec5ba7838f47edb40
cab/Sounds_Danish/IS_Lock_Shaped_Stone.wav	42490	7f3f364a96d2f185247425e311cba529
cab/Sounds_Danish/IS_Long_Planks.wav	27054	b96a1401296db47b43a3e521019aa62c
cab/Sounds_Danish/IS_Magical_Flying_Dust.wav	31464	1155fb54e7114f19a950430cf3b30890
cab/Sounds_Danish/IS_Message_in_a_Bottle.wav	29260	4b0d66d146c4857531e429756750be13
cab/Sounds_Danish/IS_Moveable_Ladder.wav	18234	3611a0acafb9f7f41ee88fa1d8246381
cab/Sounds_Danish/IS_Oars.wav	22644	b35672d4ab45b7560b701051eb343e1c
cab/Sounds_Danish/IS_Octagon_Diamond.wav	22644	d5116b0ebde08b165ca5ae5f42161bb4
cab/Sounds_Danish/IS_Planks.wav	29260	5eceb09f48decae1bef9d8cfbe565ee8
cab/Sounds_Danish/IS_Rope.wav	13824	d633633cf81bfc8e700ff11cc4f26329
cab/Sounds_Danish/IS_Rope_Ladder.wav	29260	1085a2de8f17ac749a7a6dfa65242bf0
cab/Sounds_Danish/IS_Seed_Cube.wav	20440	c1318e3bb1617faa4db42377bf42f106
cab/Sounds_Danish/IS_Seed_Star.wav	27054	9dd1252424cf92e1f6b2debe2c6ff6c8
cab/Sounds_Danish/IS_Seed_Triangle.wav	27054	3ac3213552e548d93ff7d39f7d2c003d
cab/Sounds_Danish/IS_Shield.wav	22644	1318b29784002e9c058052af72e3502d
cab/Sounds_Danish/IS_Shield_of_Protection.wav	35874	ca5d83c30010d04fc2584008ce2fe89f
cab/Sounds_Danish/IS_Summon_Golem_Scroll.wav	33670	40ab5b0d1e88417efa42daf833c85f39
cab/Sounds_Danish/IS_Sword_of_Might.wav	29260	b3df8e2b5f9436400011e9114251dad5
cab/Sounds_Danish/IS_Termite_Bottle.wav	27054	8abe2f9a1f3f47a978f1246f149dea87
cab/Sounds_Danish/IS_Termite_Jar.wav	27054	7110985e2a6882e39e4a589309d60b2e
cab/Sounds_Danish/IS_Termite_Pot.wav	27054	703759063099a11eea5f7af6aaafdb75
cab/Sounds_Danish/IS_Water_Bottle.wav	20440	1bacf958207e9eb933f011a747c9421b
cab/Sounds_Danish/IS_Water_Drop.wav	40284	cf71280ea4a0a7268ec88323a06e0ec8
cab/Sounds_Danish/IS_Water_Jar.wav	20440	2537b6fd87b7f5d767da2dfa734b3b37
cab/Sounds_Danish/IS_Water_Pot.wav	22644	4feb5c23408c5ae71cab3ad3d4ca7da1
cab/Sounds_Danish/IS_Wood_Splinter_On_Fire.wav	31464	a24f6958502a3df2adcfa92ba8bdca3d
cab/Sounds_Danish/IS_Wood_Splinters.wav	20440	77d940253dae96b709906ee87c979173
cab/Sounds_Danish/IS_Wood_Splinters_wav.wav	20440	58b4381aef8a51c842dffb6e0f72c4aa
cab/Sounds_Danish/Sch_ctrlleft_VO.wav	95410	6225d45678df2d9d38581e78e3d60ac5
cab/Sounds_Danish/Sch_ctrlright_VO.wav	106434	0c1f1f2c222afe95f33f4536d2967c03
cab/Sounds_Danish/Sch_rightclick_VO.wav	77770	046ac15501446f4ef6a39f406f00eb1e
cab/Sounds_Danish/Sch_shift_VO.wav	104230	72c0a658c35a3ff066d359312cce957a
cab/Sounds_Danish/Sch_space_VO.wav	139510	ef69c4ba887e67b2db532243dd3724d3
cab/Sounds_Danish/skeleton_talking.wav	280630	ae3f0e05f1704726bd321a1f7e38e100
cab/Sounds_Danish/Sl_pp_L_s_mig_SV.wav	38080	b6c1228384fe9f7a9c0cdcbaf20854bb
cab/Sounds_Danish/Tack_F_r_Hj_lpen_SV.wav	104230	f3577dc8dc675691e52a5dd40bd69c63
cab/Sounds_Danish/Take_This_Scroll_SV.wav	190224	641b3c3f8073c78161291bb2b279f439
cab/Sounds_Danish/VO_bear_rightway.wav	73360	c5a82d75f4b6dd155da0ef4538fe7131
cab/Sounds_Danish/VO_bear_scream.wav	16030	38aa13e5eb694531b658d75844a5bdd3
cab/Sounds_Danish/VO_captain.wav	132894	8fa6fccef0179fe24756ba43cc2a7632
cab/Sounds_Danish/Witch_Handla.wav	221094	e39b9a78043fba9fe8907f9efcee17c1
cab/Sounds_Danish/Witch_Talk1_SV.wav	430570	cb9347a7e94195c3ee7bc22f948bf018
cab/Sounds_Danish/You_Have_To_Pay_First_SV.wav	75564	c6288b949b42fa92c19b51dcf21b43f1
cab/Sounds_Finnish/001_sch_hurry_VS.wav	70482	8bf9f7ac4dd9b87ca433dc9d4a3e6f9e
cab/Sounds_Finnish/003_sch_beware_cannonball_VS.wav	68154	4a235a47b9583abd68697451c674d573
cab/Sounds_Finnish/004_sch_jump_rocks_VS.wav	33180	daf2157d4132b7fc3d419285894d5f56
cab/Sounds_Finnish/004_sch_nasty_crocs_VS.wav	45604	e3ad182a42636b9e7435f02370c8662a
cab/Sounds_Finnish/005_monkey_guard_thanks_VS.wav	95408	f40903a6f408ce27f4d681a98b70877b
cab/Sounds_Finnish/005_monkey_guard_VS.wav	61646	871cd7a8d54cb958b610d406091fddc7
cab/Sounds_Finnish/005_sch_not_allowed_entry_VS.wav	65392	3ee9f2c5760675fd6b8cc3b1223a558c
cab/Sounds_Finnish/005_sch_seems_hungry_VS.wav	67234	2d9d699dc8164480e921b5cd840f504d
cab/Sounds_Finnish/006_champ_bring_your_friend_VS.wav	68938	63073f18281d79f13896bd8228a0705e
cab/Sounds_Finnish/006_champ_defeated_VS.wav	89916	9e9684fc01a4c88765e9c06a4987fc3e
cab/Sounds_Finnish/006_champion_challenge_result_VS.wav	97362	f38ac461d86c35627b7f248b42a0657e
cab/Sounds_Finnish/006_champion_challenge_VS.wav	175594	384a0aed40f3df48d7945736fc9000de
cab/Sounds_Finnish/006_champion_leave_sword_VS.wav	46332	09857d4ecaf72bd881702feb8f60a2fe
cab/Sounds_Finnish/006_champion_scream_VS.wav	24000	88e8c8612e46a6cdb6d22890a125dc72
cab/Sounds_Finnish/006_king_acidflaska_VS.wav	100970	9d568ce019b2d98512e2163ac5b672b1
cab/Sounds_Finnish/006_king_antidote_VS.wav	61094	ff4646f50d352693326ed46c45dc247c
cab/Sounds_Finnish/006_king_attacked_VS.wav	60436	497720dd9f0d5b8a0f0f69bcecc93638
cab/Sounds_Finnish/006_king_happy_with_son_VS.wav	75370	1e6ce720f828f0fa5b6825ee9f03c3e3
cab/Sounds_Finnish/006_king_help_me_VS.wav	223072	5619ab6442197ed160c0483589eeb21c
cab/Sounds_Finnish/006_king_light_fire_VS.wav	78324	d0a68922c421c0887cd2b693ced90a3d
cab/Sounds_Finnish/006_king_put_in_cauldron_VS.wav	118038	9182c5e2d3b7c06b0216ca221d2edc86
cab/Sounds_Finnish/006_king_son_champion_VO.wav	115086	866c930efbd84db197e2cc50adc4394f
cab/Sounds_Finnish/006_king_strength_potion_VS.wav	100480	89836db91015b035675c8c89e07fce94
cab/Sounds_Finnish/007_sch_dead_end_VS.wav	96688	d3f0ff34258920879585878f9f9952ba
cab/Sounds_Finnish/008_sch_lazy_VS.wav	66314	9d25a6bd67b2e67ce35f88140d98df0e
cab/Sounds_Finnish/010_sch_look_a_path_VS.wav	60790	313652088a01a74c6bfff61349b1ae57
cab/Sounds_Finnish/010_sch_snake_VS.wav	36400	cb844a7a58814e0afd61c45e51d0c087
cab/Sounds_Finnish/012_sch_rat_wakes_up_VS.wav	44222	23d207199d72fe107b387e72c68873db
cab/Sounds_Finnish/013_rat_giveitup_VS.wav	13554	050e19d62850de39b277c6387d5f5b9d
cab/Sounds_Finnish/013_sch_rat_stuck_VS.wav	67694	baa6b31668469e38700b5ab16a822052
cab/Sounds_Finnish/014_Sch_A_Hole_VO.wav	74598	b197cdce42c61b04af226b9082129766
cab/Sounds_Finnish/014_sch_scared_VS.wav	64932	774db7fb2ad177e9e79ff0e9170bb7a1
cab/Sounds_Finnish/014_turtle_hole_VS.wav	110446	bb231e605d6e0a5eb59d25203f12ec0b
cab/Sounds_Finnish/014_turtle_welcome_VS.wav	77714	e7b11b9e9d7c5b1e164ca6baccc840ca
cab/Sounds_Finnish/015_bee_needs_flower_VS.wav	38180	28f956f2bcbda630e578f1848c60ea27
cab/Sounds_Finnish/015_bee_show_flower_VS.wav	127866	361437af0466d88883078a76e9eb2717
cab/Sounds_Finnish/015_bee_thanks_flower_VS.wav	97586	5d6eb2c18b5ef12129b7b407f1632577
cab/Sounds_Finnish/015_sch_watch_out_VS.wav	54704	1b3e9c0e5ae924db1685b0a8bb696f29
cab/Sounds_Finnish/016_sch_boats_VS.wav	110788	d9828262e480b6b39ee1ffaa3803b30e
cab/Sounds_Finnish/017_sch_piranhas_in_the_water_VO.wav	62152	daf603e9c14717ce6286b9578c2e6752
cab/Sounds_Finnish/018_CS_foxy_attack1_VO.wav	18368	e1a7347c8bd4331eaba4b9ed48633163
cab/Sounds_Finnish/018_CS_LeaderBlue_attack1_VO.wav	16130	8e09d7a48bdc5025126b6fbb48b8f1bc
cab/Sounds_Finnish/018_CS_LeaderRed_attack1_VO.wav	11282	80b760137c736e7c7be808facafc1b7e
cab/Sounds_Finnish/018_CS_piraterat1_attack1_VO.wav	25386	893548ec55db39c61a030d0f177e798b
cab/Sounds_Finnish/018_CS_piraterat2_attack1_VO.wav	15250	b33351727c0709ff489f694da81bd266
cab/Sounds_Finnish/018_CS_piraterat3_attack1_VO.wav	14368	0fcc4b438ad6db9b52638316015587db
cab/Sounds_Finnish/020_sch_dragonfly_VO.wav	78584	e31423cd30c431565b5cf8c43471b702
cab/Sounds_Finnish/021_Blood_Orange_Legend_VS.wav	258290	3e9628317cf9904957e7bfb167a457c0
cab/Sounds_Finnish/021_Nosferatu_Talk_VS.wav	137254	7dd9a8aa1c2077fc77e6defaf966691a
cab/Sounds_Finnish/021_sch_uncle_VS.wav	61166	f6b4cca864d9feef7b765b0d8434ed7d
cab/Sounds_Finnish/021_Slurp_Ta_En_Apelsin_VS.wav	255502	526dbd488bdd3f9412a157f255073fe6
cab/Sounds_Finnish/022_sch_fooled_VS.wav	56894	e2f1bd98dd3352955a50af5f5e01df7a
cab/Sounds_Finnish/022_witch_cauldron_VS.wav	181488	3c2861f100ef5f2e355818b9ec3de2cb
cab/Sounds_Finnish/023_CS_Alligator_VO.wav	37946	21ef83d542eadff8617f9cf6d5517da0
cab/Sounds_Finnish/023_CS_foxy_hit_VO.wav	13412	42be685ec804b0fefffed13881a080ac
cab/Sounds_Finnish/023_CS_hulk_hit_VO.wav	38920	48ac6baa944a375fce7346fb4550ca68
cab/Sounds_Finnish/023_sch_termites_VS.wav	78584	87af274535e1c7869f86632f6acd5284
cab/Sounds_Finnish/024_sch_plant_VS.wav	100272	06892165200aede346a4e4831665b583
cab/Sounds_Finnish/025_sch_ooh_VS.wav	102572	911d43d22cc7e5c2824e8d12887e089b
cab/Sounds_Finnish/026_sch_ghost.wav	57552	6e02b56ba1c423c69ff15df0eb2d3a3d
cab/Sounds_Finnish/027_sch_ants_VS.wav	83840	9954ccc5351991e5315e524341fa7ab5
cab/Sounds_Finnish/027_sch_scared_VS.wav	46378	d482a3775ad6a56d099ff58f9d49ae9d
cab/Sounds_Finnish/030_sch_help_VS.wav	40134	aa59c13e90fc93a16d670ea6a3b2f3d4
cab/Sounds_Finnish/031_sch_moving_in_sand_VS.wav	44406	1bc0b9d356b67fd29a701cbdf2c5994c
cab/Sounds_Finnish/032_CS_foxy_tired_VO.wav	38794	f33cdaf14e4f7bb50983567400ffa311
cab/Sounds_Finnish/032_CS_golem_tired_VO.wav	40290	e66f09762e66ec74db08d5274be72d28
cab/Sounds_Finnish/032_CS_grumpaonbear_tired_VO.wav	54390	eacbe14f5697a7118512304cde97f0f8
cab/Sounds_Finnish/032_CS_grumpaondragonfly_tired_VO.wav	70724	e4e0fbfcd752ba836b74a8ae3ccd0110
cab/Sounds_Finnish/032_CS_grumpaonseahorse_tired_VO.wav	37338	a2a86a01169de50772812c71ae2f2da0
cab/Sounds_Finnish/032_CS_hulk_tired_VO.wav	52958	56e80b7785d39608f812a80f04000476
cab/Sounds_Finnish/032_CS_parrot_tired_VO.wav	55262	0ea38d23f9c9a52790e63a83e01f73e4
cab/Sounds_Finnish/033_sch_hyena_VS.wav	62810	05cf6b6c4718568d8abd2578895e6005
cab/Sounds_Finnish/034_elephant_thanks_VS.wav	147488	42b418cd7e1a6cc51012f77b63bdc2e5
cab/Sounds_Finnish/039_sch_who_lives_here_VS.wav	79568	2202ac1690ce844f165a4f82b72588d9
cab/Sounds_Finnish/040_Bear_Growl.wav	43022	5d9145511d19ecde8bafd11543177270
cab/Sounds_Finnish/040_sch_wake.wav	59852	8f6ad1ea9fcd86bbbc422bc1cf1ce013
cab/Sounds_Finnish/054_sch_inside.wav	76940	2df7a1d475be6acba223f14a14d670d7
cab/Sounds_Finnish/060_CS_bear_mount_VO.wav	74636	864c6e1c7650abf894d712db2638b74d
cab/Sounds_Finnish/060_CS_champion_release_VO.wav	26978	ab2c9080884413f4993d1db2bebd19a7
cab/Sounds_Finnish/060_CS_dragonfly_mount_VO.wav	57134	29d9d30d48387ea585ebcc7b7bccfdad
cab/Sounds_Finnish/060_CS_foxy_release_VO.wav	39696	8c76377ef623f7759d00e559e753d7f7
cab/Sounds_Finnish/060_CS_golem_release_VO.wav	75930	497dc2598310d19032d5562ad2cc6b2d
cab/Sounds_Finnish/060_CS_grumpaonbear_release_VO.wav	54744	c5348bda719c0bc4cdb52230178b0337
cab/Sounds_Finnish/060_CS_grumpaondragonfly_release_VO.wav	51696	5da0621ad91d0b30264ef340d6854255
cab/Sounds_Finnish/060_CS_grumpaonseahorse_release_VO.wav	62918	d616128a5229e0f8ee3e76ef85bc4950
cab/Sounds_Finnish/060_CS_hulk_release_VO.wav	47162	850ea96a64c5fb142dc7cc88bcece363
cab/Sounds_Finnish/060_CS_kraken_release_VO.wav	53750	15efb877980f0ac529d7ba36c1366dfd
cab/Sounds_Finnish/060_CS_parrot_release_VO.wav	38374	8397bba66f8d9017cdbc5a7755b98c13
cab/Sounds_Finnish/060_CS_seahorse_mount_VO.wav	43554	d3ca68243091c6f294a8574605c02f0b
cab/Sounds_Finnish/060_sch_who_lives_here_VS.wav	48312	7ec025bb693a1b673410e9dffa092f50
cab/Sounds_Finnish/061_CS_bear_idle_VO.wav	49416	3d73039c0da11157cb29dc7862b7ea6c
cab/Sounds_Finnish/061_CS_dragonfly_idle_VO.wav	38374	97a8b49d96be8aa7e3edf5748601dc70
cab/Sounds_Finnish/061_CS_foxy_scream_VO.wav	17316	54c4061575de87ab4ddedadfc409e893
cab/Sounds_Finnish/061_CS_kraken_scream_VO.wav	16722	8762c365a56d677ae5638dab24322898
cab/Sounds_Finnish/061_CS_parrot_scream_VO.wav	10480	5154a21f80377d052bf25ea4f5c619d0
cab/Sounds_Finnish/061_CS_seahorse_idle_VO.wav	45228	077f461e78d9cf7d61868338f8cad535
cab/Sounds_Finnish/063_CS_champion_careful_VO.wav	49174	35beeb3a4a4d8037444b18b7cc91378c
cab/Sounds_Finnish/063_CS_foxy_careful_VO.wav	68084	09034b3584c4186b2d97df0900582716
cab/Sounds_Finnish/063_CS_golem_careful_VO.wav	73472	ebece97e448a134113b6833378d9f23f
cab/Sounds_Finnish/063_CS_grumpaonbear_careful_VO.wav	69664	ec76c0f11d85a3753ffdf7bcfedb2e4d
cab/Sounds_Finnish/063_CS_grumpaondragonfly_careful_VO.wav	90568	1312701db15636d2107e060e72b0e859
cab/Sounds_Finnish/063_CS_hulk_careful_VO.wav	52770	7ef05b5ce4a2949bcb45c3d074e1fab7
cab/Sounds_Finnish/063_CS_kraken_careful_VO.wav	61228	89e400b2e3f4f90738d180c9ce851a1d
cab/Sounds_Finnish/063_CS_parrot_careful_VO.wav	53744	f69bfb6ecde7b5b6eec8ed8c38a2fd7f
cab/Sounds_Finnish/064_CS_champion_rightway_VO.wav	43084	6c3f2c284a906be282bf4ede8c3f330e
cab/Sounds_Finnish/064_CS_foxy_rightway_VO.wav	87460	bf3ff49afb432f63d9c79baa79b66134
cab/Sounds_Finnish/064_CS_golem_rightway_VO.wav	51966	a9046b8de77f2bbe8fc480898ae06374
cab/Sounds_Finnish/064_CS_grumpaonbear_rightway_VO.wav	59008	d3206f540337fc9eb06757fcdb1e846c
cab/Sounds_Finnish/064_CS_grumpaondragonfly_rightway_VO.wav	97912	dfcbafd93d970acf5fb5e8232ba24994
cab/Sounds_Finnish/064_CS_hulk_rightway_VO.wav	51648	e6f9e060ef1929d1f4f5db604b8c75d9
cab/Sounds_Finnish/064_CS_kraken_rightway_VO.wav	51712	d31598b50d1d0600248d167e8ff1f34a
cab/Sounds_Finnish/064_CS_parrot_rightway_VO.wav	55452	0d45f2aa79bc3997b1cbeec8b42352f7
cab/Sounds_Finnish/065_CS_champion_spawnpoint1_VO.wav	34016	7ebddf5168b767a45bdfe33624c34c0f
cab/Sounds_Finnish/065_CS_foxy_spawnpoint1_VO.wav	38044	38f1020177090824f4dc818641b4ec79
cab/Sounds_Finnish/065_CS_golem_spawnpoint1_VO.wav	61490	70266044117ca142c736ec1296ac37a3
cab/Sounds_Finnish/065_CS_grumpaonbear_spawnpoint1_VO.wav	65046	5385599609c4d23928024a36d8d77c57
cab/Sounds_Finnish/065_CS_hulk_spawnpoint1_VO.wav	44730	b0257b3bd3e23623735094541ddf8dcd
cab/Sounds_Finnish/065_CS_kraken_spawnpoint1_VO.wav	31316	fe1d51185d9f834ad1c2898895886573
cab/Sounds_Finnish/065_CS_parrot_spawnpoint1_VO.wav	34956	b8a2acdb3b876624b37fc4cbd2c1436f
cab/Sounds_Finnish/066_CS_champion_spawnpoint2_VO.wav	40920	b7e2040df114e841f50c2d929d86ad5c
cab/Sounds_Finnish/066_CS_foxy_spawnpoint2_VO.wav	51500	143656ff4e5f8c82914f5c406e281a0b
cab/Sounds_Finnish/066_CS_golem_spawnpoint2_VO.wav	68556	871d2fa1c81eb1817db8831a5771d767
cab/Sounds_Finnish/066_CS_grumpaonbear_spawnpoint2_VO.wav	89554	e4bd0c212b4a6af11acabdf6d77106d4
cab/Sounds_Finnish/066_CS_hulk_spawnpoint2_VO.wav	39122	1a81aa5520d0a98bea66bc8ea78ba7c9
cab/Sounds_Finnish/066_CS_kraken_spawnpoint2_VO.wav	32674	98471b316db05ab91eba225305af16d7
cab/Sounds_Finnish/066_CS_parrot_spawnpoint2_VO.wav	29456	4e70163b4ff6bfc113906c7365dd765a
cab/Sounds_Finnish/067_CS_diverrat_taunt_VO.wav	32436	9695321d3064d46fc68e32a5ed1e9d5e
cab/Sounds_Finnish/067_CS_hulk_transform_VO.wav	154130	75b3e3019dd1eaae2a2887c3c59da8a9
cab/Sounds_Finnish/067_CS_kraken_transform_VO.wav	170754	f603d0db736f1eae6af04dfe01a638d4
cab/Sounds_Finnish/067_CS_Parrot_VO.wav	30594	8f367ec65d577b196edb1d2b026b0a7b
cab/Sounds_Finnish/067_CS_piraterat1_taunt_VO.wav	48910	460e7911a4f475bc4d57748d8a51fca4
cab/Sounds_Finnish/067_CS_piraterat2_taunt_VO.wav	27638	4d751071c394802695ea2bb2545b6ef8
cab/Sounds_Finnish/067_CS_piraterat3_taunt_VO.wav	36454	a50aafdb6bb249ddc326705c9c4d8a9a
cab/Sounds_Finnish/069_Get_Scarletwretch_VS.wav	124022	86784975717941eebf250a5a41263f3e
cab/Sounds_Finnish/069_sch_hello_VS.wav	52954	ecd02fe18a3b0f5a44756915c22e7226
cab/Sounds_Finnish/06help_VO.wav	66762	b339279986a072bca215004a2f276469
cab/Sounds_Finnish/07help_VO.wav	67162	64f81ca71850ec384333bd9c90b3c1c1
cab/Sounds_Finnish/090_sch_look_out_VS.wav	31262	a6cfd6885a93498636884a90b4b623c0
cab/Sounds_Finnish/096_end_VS.wav	165442	da7100b7a2f8516b0cbc97da89d97749
cab/Sounds_Finnish/102_ratbeard_final_VS.wav	203538	a3afdd4388679b458aeae8e13ba5690b
cab/Sounds_Finnish/104_rat_taunt_VS.wav	29134	0050402a4739766d04006dfb3d008af3
cab/Sounds_Finnish/108_rat_taunt_VS.wav	43238	c38cdc84b7f0a8b1f82e06bfaf21c362
cab/Sounds_Finnish/211_Hut_Plaza.wav	62164	19672918de9cf8cbcee5fe97f80e5e5d
cab/Sounds_Finnish/211_SWE_gate_is_locked.wav	15684	d7b42738105c1f3208f169ce86744472
cab/Sounds_Finnish/211_SWE_hut_door_sealed.wav	30122	4b9c6a7895ff712f14c28c7e0400d22e
cab/Sounds_Finnish/211_SWE_sch_find_key.wav	43750	9048ba49ed6f4598cd90f0ae98220be9
cab/Sounds_Finnish/211_SWE_sch_flying_ramp.wav	101584	6ecc489a25cc6a1cb7f9353a96d27443
cab/Sounds_Finnish/211_SWE_sch_hut_doors_locked.wav	56238	80f6925f531ae514c3d629f10345a72c
cab/Sounds_Finnish/211_SWE_sch_water_in_well.wav	26004	64b5bd59e22f9bf5e82d10dce6d254f6
cab/Sounds_Finnish/apeson_talking.wav	108932	906173227e96accca206fc93ecb5f45f
cab/Sounds_Finnish/Brygden_Klar_SV.wav	130742	e36209cf37191ffcd32547fca7108bef
cab/Sounds_Finnish/Corcodileboss_Talk_VS.wav	84408	a52ce2f34874f48c4c47ed210a27aa1f
cab/Sounds_Finnish/crabbig_talk.wav	334436	4a46b3c2ac4309783b6f50808531af00
cab/Sounds_Finnish/crabbig_talk_award.wav	230106	80d0d30a4fa7828d2147a46762c4169b
cab/Sounds_Finnish/CS_champion_followagain_VO.wav	43490	a6bdee83d889272f240d1378c6db2160
cab/Sounds_Finnish/CS_kraken_followagain_VO.wav	29290	5aed9cb3d6ed769633c53617125428c3
cab/Sounds_Finnish/deadfather.wav	110332	63c7fab6ac00b260731a906cd328cc8a
cab/Sounds_Finnish/elephant_talking_quest.wav	206304	d94fc260b6c2c53e1de9bcdb94801805
cab/Sounds_Finnish/end_succesful_VS.wav	186934	724127857db7d8e88b4afedbfa37ab33
cab/Sounds_Finnish/Fatbastard_Shouldnt_have_eaten.wav	49960	3127421e5aa1feaa5bd2f8182f06ec75
cab/Sounds_Finnish/Fatbastard_Struggling.wav	33838	49c08ad303479935e50fe61a4bbdd453
cab/Sounds_Finnish/Grandfather_Talk_VS.wav	305228	111535ce0b0d76c3acde60975e4e9166
cab/Sounds_Finnish/Happy_Bee.wav	95094	20258cdf7c84788810d89ff09a0c99f2
cab/Sounds_Finnish/hyena_talking.wav	172020	6e601448777f95d736e17a56aafc2cfb
cab/Sounds_Finnish/I_Have_Repaired_Your_Sword_SV.wav	65392	0be5de417be619f14c5612e3c74008c7
cab/Sounds_Finnish/InventoryIsFull_VS.wav	123968	7d40723c8f4d9d3c1a944a1277e75a0d
cab/Sounds_Finnish/IS_Ancestor_Fruitpunch.wav	26112	cd2536bd631b6ee922bb72519628fc5b
cab/Sounds_Finnish/IS_Antidote_Potion.wav	18090	b39445b20b4976ceec05929349c1df47
cab/Sounds_Finnish/IS_Ape_Kings_Jungle_Mixture.wav	18894	c9b150d63e64c6a5ca9968e7c5aba2b3
cab/Sounds_Finnish/IS_Ape_Kings_Son.wav	30524	f05421ed348bf339ffafbeb158d5cd5d
cab/Sounds_Finnish/IS_Banana.wav	16086	2192d8de77b205db9c4dcaa40eeefb9e
cab/Sounds_Finnish/IS_Banana_2.wav	16086	2192d8de77b205db9c4dcaa40eeefb9e
cab/Sounds_Finnish/IS_Bee_Bottle.wav	23304	2c473d9f6084a09b95ed7627a47bb034
cab/Sounds_Finnish/IS_Bee_Jar.wav	26514	632e46f2a674aac3f9da05ce44c6e619
cab/Sounds_Finnish/IS_Bee_Pot.wav	26112	560895b5117c476adb3699a581dec11a
cab/Sounds_Finnish/IS_Belt_of_Strength.wav	18092	78e7a0a7fd95737f0e429fd1a63d48be
cab/Sounds_Finnish/IS_Blood_Orange.wav	25710	261a4f1046db25b7d520cbd34a253422
cab/Sounds_Finnish/IS_Blood_Orange_Nosferatu.wav	25710	9b059e7d5e2c129319f4603d702e21fb
cab/Sounds_Finnish/IS_Blood_Orange_Oasis.wav	25712	562bfbac6c2dd8b8968d7a17d79bee5c
cab/Sounds_Finnish/IS_Bottle_of_Rum.wav	24508	f113b6e01fb81a6a30b3b3bbf95ac8d0
cab/Sounds_Finnish/IS_Branches.wav	33732	f5cdcac0b902028f2c37898d186fcb79
cab/Sounds_Finnish/IS_Coconut.wav	18090	09a7dee2ae6e344480a240ae476fafd1
cab/Sounds_Finnish/IS_Coin_1.wav	13278	74a9b0504e173c630b38f0d8ff574491
cab/Sounds_Finnish/IS_Coin_2.wav	13278	74a9b0504e173c630b38f0d8ff574491
cab/Sounds_Finnish/IS_Coin_3.wav	13278	74a9b0504e173c630b38f0d8ff574491
cab/Sounds_Finnish/IS_Empty_Bottle.wav	16888	eda7657a73ec34f765437cbe37f275a2
cab/Sounds_Finnish/IS_Empty_Jar.wav	18894	cf14652f20de46340707989d3bcfcbce
cab/Sounds_Finnish/IS_Empty_Pot.wav	18892	061a425bd9fdab5dcdefe4edec8471a0
cab/Sounds_Finnish/IS_Fathers_Sword.wav	19294	d96ec902ebba901ca98015b7c64346e0
cab/Sounds_Finnish/IS_Fathers_Sword_Broken.wav	36940	c3c90f75e530c6e6105b676f6ddd5101
cab/Sounds_Finnish/IS_Fishing_Net.wav	12074	b606232de158394e104565b5d4f327e6
cab/Sounds_Finnish/IS_Flowers.wav	11274	a2a7d0c3b5704d9086c2f2784dc75579
cab/Sounds_Finnish/IS_Fruit_Cube.wav	19696	b1ce9c5917c9c8dcf32dd72a1c639514
cab/Sounds_Finnish/IS_Fruit_Star.wav	18490	35d1012d41629d7e56d77eb4781946e9
cab/Sounds_Finnish/IS_Fruit_Triangle.wav	18892	1184ba9570c088792b321c0fcccb5e4c
cab/Sounds_Finnish/IS_Gate_Key.wav	11274	d422ed1e7c93ad008d7c9e2882e9a8f4
cab/Sounds_Finnish/IS_Gauntlets_of_Power.wav	25710	ebe13287012faf5f8a00383f9ff1fcf3
cab/Sounds_Finnish/IS_Green_Flea.wav	18894	9ada7525f02eb9109598b6feb033e9c0
cab/Sounds_Finnish/IS_Hammer.wav	11674	b2ef8c22e7fba80d00dc1a1c63f9b860
cab/Sounds_Finnish/IS_Honey_Bottle.wav	24908	9ca73892c938239cc9f5fac651bf0870
cab/Sounds_Finnish/IS_Honey_Jar.wav	25890	57432b26f9605c9db0bb91bfa1e67a51
cab/Sounds_Finnish/IS_Honey_Pot.wav	27850	47d1f5b2f5fa8f8e3552aff1a5b0e138
cab/Sounds_Finnish/IS_Jungle_Liana.wav	12342	84be78343f4823e9146d5bdb8c2e574c
cab/Sounds_Finnish/IS_Key_Blue.wav	21968	eea36a23007162f7cfd87aca409a0055
cab/Sounds_Finnish/IS_Key_Green.wav	19962	0d038965802e6c9e83062c4c9b197303
cab/Sounds_Finnish/IS_Key_Red.wav	20498	a9d1afa75b4dadc3f7cfd5e90baedf78
cab/Sounds_Finnish/IS_Lock_Shaped_Diamond.wav	34534	572f800cf00784960d1a7970077041be
cab/Sounds_Finnish/IS_Lock_Shaped_Stone.wav	25844	592ee6c17a9388c04e319e205788f564
cab/Sounds_Finnish/IS_Long_Planks.wav	17156	28731403a6dddba0bc7324915b6c6b35
cab/Sounds_Finnish/IS_Magical_Flying_Dust.wav	28652	0408b3edbd06473e2263f99ade668a8a
cab/Sounds_Finnish/IS_Message_in_a_Bottle.wav	17022	c7837657844e225a1fee9a291444e657
cab/Sounds_Finnish/IS_Moveable_Ladder.wav	13144	cdf22332a8b6706b6f4f919803ca6a51
cab/Sounds_Finnish/IS_Oars.wav	11942	c250eff995b57a286b288f4be2735521
cab/Sounds_Finnish/IS_Octagon_Diamond.wav	11942	61e1da24c42b0a8767c893eed51fc228
cab/Sounds_Finnish/IS_Planks.wav	16754	e551603fc8e5773d451444aab110b16e
cab/Sounds_Finnish/IS_Rope.wav	9402	14b2404ad2d02473c0ce5ce177d3fb04
cab/Sounds_Finnish/IS_Rope_Ladder.wav	16754	e551603fc8e5773d451444aab110b16e
cab/Sounds_Finnish/IS_Seed_Cube.wav	19294	a039607ed6b8d57f2c33d9b9b6dbeace
cab/Sounds_Finnish/IS_Seed_Star.wav	17156	359b547277b9e087838f1988a53ab9d3
cab/Sounds_Finnish/IS_Seed_Triangle.wav	19160	dc594edbb3fc9add546329e751427c83
cab/Sounds_Finnish/IS_Shield.wav	14748	581453bf31628cdd4ed371285e99fb7a
cab/Sounds_Finnish/IS_Shield_of_Protection.wav	18492	04b2d92076138c94f5191d7dc4172c6f
cab/Sounds_Finnish/IS_Summon_Golem_Scroll.wav	23706	16e637e7ca1eb24dbc6373a63d51f93a
cab/Sounds_Finnish/IS_Sword_of_Might.wav	18090	68845c0702e0d8cae6282ddbbf0cae3b
cab/Sounds_Finnish/IS_Termite_Bottle.wav	28918	95e458626af94e91d5b53766d93f6fc5
cab/Sounds_Finnish/IS_Termite_Jar.wav	29186	a65e2e1463de88db54bac570f8399259
cab/Sounds_Finnish/IS_Termite_Pot.wav	33330	2870637f987dd8382f3b3208d0ad2751
cab/Sounds_Finnish/IS_Water_Bottle.wav	21166	4fcc7d5ffdb471937d32daeb93daeb23
cab/Sounds_Finnish/IS_Water_Drop.wav	31056	dbf0bc58b85ace72099152d96764b42e
cab/Sounds_Finnish/IS_Water_Jar.wav	23038	26c47584bc1c9721b1ae71988e0dea52
cab/Sounds_Finnish/IS_Water_Pot.wav	26246	9431dd05117aaf53d79642e2e06d664e
cab/Sounds_Finnish/IS_Wood_Splinter_On_Fire.wav	16352	1bcc206c7316dfcf364aae09a76d6ede
cab/Sounds_Finnish/IS_Wood_Splinters.wav	9536	fd5f935a94ad725fa732796d1f4a0e2d
cab/Sounds_Finnish/Sch_ctrlleft_VO.wav	125890	9a4f88b01cd49d9f232317920f9af0c1
cab/Sounds_Finnish/Sch_ctrlright_VO.wav	130284	2067ae8eb8fa205fb0649dffd158908e
cab/Sounds_Finnish/Sch_rightclick_VO.wav	87936	da1b2162ba4b5bd09b31989d05040b34
cab/Sounds_Finnish/Sch_shift_VO.wav	139074	d0d63cd4f540ab8559b116aedf704220
cab/Sounds_Finnish/Sch_space_VO.wav	106314	d861c93e91bd694c6cae05ab2b833d7f
cab/Sounds_Finnish/skeleton_talking.wav	176656	005333a6085008f4fd76a60fb61e4228
cab/Sounds_Finnish/Sl_pp_L_s_mig_SV.wav	44654	4cf36e942138537864e287d0fa72e8f4
cab/Sounds_Finnish/Tack_F_r_Hj_lpen_SV.wav	97824	315e47b763f4ddf8512a51457bda2ceb
cab/Sounds_Finnish/Take_This_Scroll_SV.wav	159942	356ca33658c6be12db704e946338575f
cab/Sounds_Finnish/VO_bear_rightway.wav	46576	21d368b7bae55dd8b7cfaba9dd928807
cab/Sounds_Finnish/VO_bear_scream.wav	14250	6fc191840d3fe6c4bcd9f2de1bd4d20d
cab/Sounds_Finnish/VO_captain.wav	140190	07ba144b9ce738e6b00a35ebb16d3a03
cab/Sounds_Finnish/Witch_Handla.wav	167588	1435d59269fa037901c6185533eb1ef6
cab/Sounds_Finnish/Witch_Talk1_SV.wav	403700	72afbc244e612d4acfc2264729220eaf
cab/Sounds_Finnish/You_Have_To_Pay_First_SV.wav	59538	cc8f591ada592f2b1e430704851f18fe
cab/Sounds_Norwegian/001_sch_hurry_vs.WAV	78910	6be64dac24d469d9a1688835bcee2e1e
cab/Sounds_Norwegian/003_sch_beware_cannonball_vs.WAV	60416	b9220b789586259661d85c976c2fd289
cab/Sounds_Norwegian/004_sch_jump_rocks_vs.WAV	33544	8f536da3c09ca9504a93eeefabf948c0
cab/Sounds_Norwegian/004_sch_nasty_crocs_vs.WAV	33894	9abe4a20307ff7e2ecd5100a195744e0
cab/Sounds_Norwegian/005_monkey_guard_thanks_vs.WAV	86730	7d21f48344c09c686a99e1cb97fe6ec9
cab/Sounds_Norwegian/005_monkey_guard_vs.WAV	56920	585333ac90ccb7688914e18cc347ec15
cab/Sounds_Norwegian/005_sch_not_allowed_entry_vs.WAV	62858	3cd5b5727a16a5944d36806c4ebe583f
cab/Sounds_Norwegian/005_sch_seems_hungry_vs.WAV	42966	c1089a0e56cf92c7467ad558e1083ef0
cab/Sounds_Norwegian/006_champ_bring_your_friend_VS.wav	83084	22092370d89c81f485c35ab783c3c842
cab/Sounds_Norwegian/006_champ_defeated_VS.WAV	149282	5f0b3d068c2307f32954963d4787bfb4
cab/Sounds_Norwegian/006_champion_challenge_result_VS.WAV	99544	292e8636d55cb40aeb0cada7996784d9
cab/Sounds_Norwegian/006_champion_challenge_VS.WAV	193374	41376c04335d7610e12a57157785560e
cab/Sounds_Norwegian/006_champion_leave_sword_VS.WAV	61910	363a8ce3b4e3469b9a575f7f89343a4c
cab/Sounds_Norwegian/006_champion_scream_VS.WAV	35102	ba491598ba12fece64bbd74c31d5832d
cab/Sounds_Norwegian/006_king_acidflaska_VS.WAV	94206	b9afa106425a4b997a3f8eacf73e67f5
cab/Sounds_Norwegian/006_king_antidote_VS.WAV	57378	de6d6a5188a00459be65c070f872b8e6
cab/Sounds_Norwegian/006_king_attacked_VS.WAV	73940	fe38b4f012ec40881bec9aff7f49c18f
cab/Sounds_Norwegian/006_king_happy_with_son_VS.WAV	90504	dc9a77037941694a2e34fdd86936c89a
cab/Sounds_Norwegian/006_king_help_me_VS.WAV	225556	d987da694b2c5f8316d56afc96f97418
cab/Sounds_Norwegian/006_king_light_fire_VS.WAV	69694	18675317bf9293ce59d23ea35040ac9c
cab/Sounds_Norwegian/006_king_put_in_cauldron_VS.WAV	141892	18ff6a354843d5c44dce467765d35d3b
cab/Sounds_Norwegian/006_king_son_champion_VO.WAV	137250	b1af1de03578182c4c9a2c4cc562ede9
cab/Sounds_Norwegian/006_king_strength_potion_VS.WAV	127112	4d01a00d8fe628a53caf65cbe2b9ca68
cab/Sounds_Norwegian/007_sch_dead_end_vs.WAV	117296	44fb756aaf2afe17f586d1f5bad74676
cab/Sounds_Norwegian/008_sch_lazy_vs.WAV	65300	fee8e3a6e515208f95d26deed2f30844
cab/Sounds_Norwegian/010_sch_look_a_path_vs.WAV	60764	e0e370db919f7d695b55e7c90e70fd9f
cab/Sounds_Norwegian/010_sch_snake_vs.WAV	28660	ab632566e037d0d88debff7d90f34be0
cab/Sounds_Norwegian/012_sch_rat_wakes_up_vs.WAV	49248	e9031172944ab7c92e97e083d9aba1c9
cab/Sounds_Norwegian/013_rat_giveitup_VS.WAV	21956	ee369447e37833464f794821d83040dc
cab/Sounds_Norwegian/013_sch_rat_stuck_vs.WAV	84258	76e46d63958c38601fc83c04110053c7
cab/Sounds_Norwegian/014_sch_a_hole_vo.WAV	78898	9eee0410a621ed677339a6f45294119e
cab/Sounds_Norwegian/014_sch_scared_vs.WAV	64070	2e7caaf5b2faad3419caa91af5aa0864
cab/Sounds_Norwegian/014_turtle_hole_VS.WAV	53034	ac5ca7f119260fab9152ba87a4b9fbe9
cab/Sounds_Norwegian/014_turtle_welcome_VS.WAV	51506	55ebe949509f997bd42da54b87c7b374
cab/Sounds_Norwegian/015_bee_needs_flower_vs.WAV	48340	067b8ba1d3ac857a39c75fb71103d577
cab/Sounds_Norwegian/015_bee_show_flower_vs.WAV	175088	838b1d0b332315adee763418924d0ee5
cab/Sounds_Norwegian/015_bee_thanks_flower_vs.WAV	164986	a5f7e5950f3168a8441a7449131f910b
cab/Sounds_Norwegian/015_sch_watch_out_vs.WAV	49918	fc3badb5cd9c1085275b46d955116778
cab/Sounds_Norwegian/016_sch_boats_vs.WAV	131804	7036cac9bfc32d53a061cc0d23ad068c
cab/Sounds_Norwegian/017_sch_piranhas_in_the_water_vo.WAV	67778	f2e25f1520fd43527dde89068c33d7d1
cab/Sounds_Norwegian/018_CS_Ape_Champion_VO.WAV	33524	afad1775d06e536f6224addb98c9eb4f
cab/Sounds_Norwegian/018_CS_champion_attack1_VO.WAV	36688	4ddaa114930788822e6968d9b384636a
cab/Sounds_Norwegian/018_cs_foxy_attack1_vo.WAV	13802	7548df66701f389be592abc6968b01cf
cab/Sounds_Norwegian/018_CS_golem_attack1_VO.WAV	27084	39ebbafce780c0dbe674bb6d55a3e198
cab/Sounds_Norwegian/018_CS_grumpaonbear_attack1_VO.WAV	27816	fd837efd6eff96a6341198bd247f1fba
cab/Sounds_Norwegian/018_CS_hulk_attack1_VO.WAV	22268	de5fd7cb0c550c69f5cd1ce06c683665
cab/Sounds_Norwegian/018_CS_Hulk_VO.WAV	16568	522263a7e52cb77246ecfb28f6a6c890
cab/Sounds_Norwegian/018_CS_hyena_attack1_VO.WAV	30358	26f9e915e77b2aa4eb1cedd84c87880a
cab/Sounds_Norwegian/018_CS_LeaderBlue_attack1_VO.WAV	31670	6ed148750132545131f7a3785341ab3c
cab/Sounds_Norwegian/018_CS_LeaderRed_attack1_VO.WAV	13066	61edc342582e9f629f673e1926a4b258
cab/Sounds_Norwegian/018_CS_piraterat1_attack1_VO.WAV	14312	ca7ccdd96a05fd20225764cf80cdf965
cab/Sounds_Norwegian/018_CS_piraterat2_attack1_VO.WAV	20746	4e22ae32e9127d57def916501c537a02
cab/Sounds_Norwegian/018_CS_piraterat3_attack1_VO.WAV	15670	b8ed1c2735071cb40b195fdd20fa2ccf
cab/Sounds_Norwegian/018_CS_ratbeard_attack1_VO.WAV	19836	a99eb2efcb2e204d9ae0d157023b428f
cab/Sounds_Norwegian/018_CS_skeleton_attack1_VO.WAV	32706	3bbe9bc4262cdef49dec70334fbdc357
cab/Sounds_Norwegian/018_CS_Skeleton_Captain_VO.WAV	26334	5ffd848cabe08c5e7a3ba5b607d8dabd
cab/Sounds_Norwegian/018_CS_turtle_attack1_VO.WAV	25380	cbc6f0343f2babb2d77d4c27e235e85e
cab/Sounds_Norwegian/018_CS_Turtle_VO.WAV	24636	258c582725fcf703ce1a6c74a841da15
cab/Sounds_Norwegian/020_sch_dragonfly_vo.WAV	102824	c9ea8527df65d8525dc91d8a294b1fa3
cab/Sounds_Norwegian/021_blood_orange_legend_vs.WAV	279014	7114a6de9026d9d074de7d3c7649f91b
cab/Sounds_Norwegian/021_nosferatu_talk_vs.WAV	146192	cc4b320dc1ab7b1e318279957a737d03
cab/Sounds_Norwegian/021_sch_uncle_vs.WAV	66092	44afe0ad34b0feed79298fa2b6d88dbb
cab/Sounds_Norwegian/021_slurp_ta_en_apelsin_vs.WAV	298294	2ecf87496e165bcb00a27a213728afff
cab/Sounds_Norwegian/022_sch_fooled_vs.WAV	49244	a6c9c4074440a4a556cd2f096cad02c8
cab/Sounds_Norwegian/022_witch_cauldron_vs.WAV	261918	33da26d08b8cc3809666e172612f61c6
cab/Sounds_Norwegian/023_CS_Alligator_VO.WAV	62738	623bae05afe6985cdb784235afb73eb4
cab/Sounds_Norwegian/023_CS_Bear_VO.WAV	27848	25121935a5a7a5801eeef8c9be72e9fd
cab/Sounds_Norwegian/023_CS_champion_hit_VO.WAV	28398	6273323a7f0045b8854edcaf972ea496
cab/Sounds_Norwegian/023_cs_foxy_hit_vo.WAV	9018	c7f8f5120d47318b77d8cbe20f10f359
cab/Sounds_Norwegian/023_CS_golem_hit_VO.WAV	13216	339f28f0fd65d36e5fdef96b35fc40be
cab/Sounds_Norwegian/023_CS_grumpaonbear_hit_VO.WAV	19586	88549d4aa06911a340bb2a920698cbd0
cab/Sounds_Norwegian/023_CS_hulk_hit_VO.WAV	61586	eb0e6dde709128f171dd25ec6325de81
cab/Sounds_Norwegian/023_CS_hyena_hit_VO.WAV	19660	49ac697a816f762cfef8b8b7bc3d8b54
cab/Sounds_Norwegian/023_CS_LeaderBlue_hit_VO.WAV	7856	fa0b3a4b700db32a7cd555c003ea2a10
cab/Sounds_Norwegian/023_CS_LeaderRed_hit_VO.WAV	17532	e1e137aa38fe9a81436bc32e7f91dde4
cab/Sounds_Norwegian/023_CS_piraterat_hit_VO.WAV	10674	4456d487d906ef3d8dd7be94842a61f0
cab/Sounds_Norwegian/023_CS_ratbeard_hit_VO.WAV	15178	905921ae047c4d4ca57b21ebb3a1ae93
cab/Sounds_Norwegian/023_CS_skeleton_hit_VO.WAV	19164	12a5e3f0cfaf05e2e9ca5fcf83915ed9
cab/Sounds_Norwegian/023_CS_turtle_hit_VO.WAV	14576	4923c606d34ed018ca547a8d04d9a159
cab/Sounds_Norwegian/023_sch_termites_vs.WAV	74854	1794f908011b7d0a441628f06096dd5c
cab/Sounds_Norwegian/024_sch_plant_vs.WAV	86312	5c32e1f4585eb173d54b606322f81f40
cab/Sounds_Norwegian/025_sch_ooh_vs.WAV	77550	360a6db968acc63262617cc0126fedb7
cab/Sounds_Norwegian/026_sch_ghost.WAV	46884	a7520e6b109759e5f9a7ab09de9d65cd
cab/Sounds_Norwegian/027_sch_ants_vs.WAV	75528	7eb92a6e4d526a7044742b9817ca3807
cab/Sounds_Norwegian/027_sch_scared_vs.WAV	77214	99548e9076be929c7689e3b42d42122e
cab/Sounds_Norwegian/030_sch_help_vs.WAV	24306	a46d6b27620098101788283c54e64b62
cab/Sounds_Norwegian/031_sch_moving_in_sand_vs.WAV	51602	72434d1863ca88d6a461795c5dccfa07
cab/Sounds_Norwegian/032_CS_champion_scream_VO.WAV	27884	43362588f07685a748b76b23a4fa19c6
cab/Sounds_Norwegian/032_CS_champion_tired_VO.WAV	24790	5b25b37fd308efb46d7cbe97ae3dc3d0
cab/Sounds_Norwegian/032_cs_foxy_tired_vo.WAV	51864	e0401c308ba439fe82c22df60e6cfc7d
cab/Sounds_Norwegian/032_CS_golem_tired_VO.WAV	44816	2eb36ad445abebb505f82acdbd1352e6
cab/Sounds_Norwegian/032_CS_grumpaonbear_tired_VO.WAV	45654	dd5316b190e6b21415f6d159444cc73d
cab/Sounds_Norwegian/032_cs_grumpaondragonfly_tired_vo.WAV	57030	b8180307b2dbcdf5a47aebbc544beea6
cab/Sounds_Norwegian/032_cs_grumpaonseahorse_tired_vo.WAV	62914	e54f163894f20f2e99dc3c22fa7d0779
cab/Sounds_Norwegian/032_CS_hulk_tired_VO.WAV	51250	4e6b0039fddb48e8757ca8fc6d46b008
cab/Sounds_Norwegian/032_cs_parrot_tired_vo.WAV	61992	e6a596bbdee42bfcee9482c0f203a4bb
cab/Sounds_Norwegian/033_HyenaBoss_Scream.WAV	36600	f03ce10bbc23d6d089f56783462c3aa3
cab/Sounds_Norwegian/033_sch_hyena_vs.WAV	60364	41856f5dd3ad7a05ab1cdb9bdcd6dde3
cab/Sounds_Norwegian/034_elephant_thanks_VS.WAV	186236	e67970ee67be66ead769725c80b6b637
cab/Sounds_Norwegian/039_sch_who_lives_here_vs.WAV	118326	b6342cc6d1a609deccdbdb6b827ad562
cab/Sounds_Norwegian/040_Bear_Growl.WAV	45230	60db28c5659f3040c54264462e8f9ec3
cab/Sounds_Norwegian/040_sch_wake.WAV	39470	b6af8ee329ae8ce3977a7e0294213dad
cab/Sounds_Norwegian/054_sch_inside.WAV	109810	24ffd5e92814e19c1e968601931d927a
cab/Sounds_Norwegian/060_CS_bear_mount_VO.WAV	51220	d62918993b2a75fe4df41a1e1f46a6bf
cab/Sounds_Norwegian/060_CS_champion_release_VO.WAV	43872	6be858db7987eaf37247a0f7ec275190
cab/Sounds_Norwegian/060_cs_dragonfly_mount_vo.WAV	27326	aa7bdba4b714fcd2da146f0b80bdf877
cab/Sounds_Norwegian/060_cs_foxy_release_vo.WAV	35414	59abf002b9904aec24c26139a9df3f74
cab/Sounds_Norwegian/060_CS_golem_release_VO.WAV	54124	f22cbf08b4f3b93222c937e614bdf96a
cab/Sounds_Norwegian/060_CS_grumpaonbear_release_VO.WAV	41716	17b6a49d2cf3f38cca53fddbd133db05
cab/Sounds_Norwegian/060_cs_grumpaondragonfly_release_vo.WAV	49324	545531e3d842d1264e1da049c0e188b7
cab/Sounds_Norwegian/060_cs_grumpaonseahorse_release_vo.WAV	80380	15a8dc39fcfef0b062a067407a02c828
cab/Sounds_Norwegian/060_CS_hulk_release_VO.WAV	46764	20bd638d4a5a4a0b6c0acc35f16bdebe
cab/Sounds_Norwegian/060_cs_kraken_release_vo.WAV	56252	d77a9e435026f37f119d2c7b154217ac
cab/Sounds_Norwegian/060_cs_parrot_release_vo.WAV	26660	cc4592c48788109a03094c06a10c9795
cab/Sounds_Norwegian/060_cs_seahorse_mount_vo.WAV	50690	2c36fc42e1a6ef45f5a8a8bfb59c40bb
cab/Sounds_Norwegian/060_sch_who_lives_here_vs.WAV	72978	d2a78fdea16c5361c7b7a681743c4a12
cab/Sounds_Norwegian/061_CS_bear_idle_VO.WAV	45736	a42b05701dfd8d2d8d4340b82165991c
cab/Sounds_Norwegian/061_CS_champion_scream_VO.WAV	28712	112df8b3887114a9bc77972090c7b3dd
cab/Sounds_Norwegian/061_cs_dragonfly_idle_vo.WAV	74876	bfdd422ece639c508b117a8f290ebca4
cab/Sounds_Norwegian/061_CS_earthgolem_scream_VO.WAV	22530	f5241ba6548df6920d4df4cfb5338104
cab/Sounds_Norwegian/061_cs_foxy_scream_vo.WAV	7692	cb503bf88a3515adf8c055807dc31e70
cab/Sounds_Norwegian/061_cs_kraken_scream_vo.WAV	43316	97d6836d07b5f77ec68543e3d0c704b4
cab/Sounds_Norwegian/061_cs_parrot_scream_vo.WAV	29672	8147ca1694d7b20c6edf7db20f4cc8fd
cab/Sounds_Norwegian/061_cs_seahorse_idle_vo.WAV	79506	d6631db1a22d4469f49f11609be56e86
cab/Sounds_Norwegian/061_CS_stonegolem_scream_VO.wav	24578	115344bef37daf23155614c8fe33ea61
cab/Sounds_Norwegian/061_CS_watergolem_scream_VO.WAV	34282	9c06f17978fe435c780cad8da2e16c9a
cab/Sounds_Norwegian/063_CS_champion_careful_VO.WAV	59358	ce87fd4531460cf7a1641cbf542997e7
cab/Sounds_Norwegian/063_cs_foxy_careful_vo.WAV	81680	eca8e2d2b4b3201fa4c867fb21b2f7e0
cab/Sounds_Norwegian/063_CS_golem_careful_VO.WAV	70764	0738cfd04ca6dd3e8c53f3c6632e7e4a
cab/Sounds_Norwegian/063_CS_grumpaonbear_careful_VO.WAV	78270	92cd76247660afbd3f3b15f4677c397e
cab/Sounds_Norwegian/063_cs_grumpaondragonfly_careful_vo.WAV	94796	c229a851966a7f8d3aba03cbc4f39b18
cab/Sounds_Norwegian/063_CS_hulk_careful_VO.WAV	48632	689fcb4840885f79b429e25df442d8fc
cab/Sounds_Norwegian/063_cs_kraken_careful_vo.WAV	78910	ec78d25a661a90e0581534a930a1fc3c
cab/Sounds_Norwegian/063_cs_parrot_careful_vo.WAV	47574	b1507711ede75dd7f93d65b2decd3a6c
cab/Sounds_Norwegian/064_CS_champion_rightway_VO.WAV	62818	9dce33773be99c4f2e67ff571daba439
cab/Sounds_Norwegian/064_cs_foxy_rightway_vo.WAV	97248	22a5851e04af9b6a0dbe2123e2245d79
cab/Sounds_Norwegian/064_CS_golem_rightway_VO.WAV	44416	c35ef737b98d492a2137f214614eac81
cab/Sounds_Norwegian/064_CS_grumpaonbear_rightway_VO.WAV	51772	dbb464770cf4d824b541e1416fb050f5
cab/Sounds_Norwegian/064_cs_grumpaondragonfly_rightway_vo.WAV	121166	6d9fe2da6ed7217acb77c6d67ed4b367
cab/Sounds_Norwegian/064_CS_hulk_rightway_VO.WAV	65264	8242ebc43e2926d3902f4bc455c8381c
cab/Sounds_Norwegian/064_cs_kraken_rightway_vo.WAV	53784	f7554177b807bd592db7c04a4c537cef
cab/Sounds_Norwegian/064_cs_parrot_rightway_vo.WAV	50902	0b9ffc1107e1ae1d1b249ff1a337470e
cab/Sounds_Norwegian/065_CS_champion_spawnpoint1_VO.WAV	49474	a385892cb54d9d11362e27e5ca441717
cab/Sounds_Norwegian/065_cs_foxy_spawnpoint1_vo.WAV	46108	ac79418d84faa9ae85820272bd3ab984
cab/Sounds_Norwegian/065_CS_golem_spawnpoint1_VO.WAV	48578	fe0c4927338e1f74e81009509e03bfa1
cab/Sounds_Norwegian/065_CS_grumpaonbear_spawnpoint1_VO.WAV	40780	c7182a8919135b66fdb6fd732ebd12ff
cab/Sounds_Norwegian/065_CS_hulk_spawnpoint1_VO.WAV	70312	97ae9a8966954ddeaeb09f7cfd89f820
cab/Sounds_Norwegian/065_cs_kraken_spawnpoint1_vo.WAV	42268	8f0af1bb998d9431a42e45d1b8533a28
cab/Sounds_Norwegian/065_cs_parrot_spawnpoint1_vo.WAV	29830	657b8620b626a8bde88ceadb8c651c8a
cab/Sounds_Norwegian/066_CS_champion_spawnpoint2_VO.WAV	73200	3e0a18aefc5dd963c8a1c139e5c2c143
cab/Sounds_Norwegian/066_cs_foxy_spawnpoint2_vo.WAV	48500	7fa2d27153a6fe710ab3f9a56e6d1196
cab/Sounds_Norwegian/066_CS_golem_spawnpoint2_VO.WAV	48578	3201e93297fde15550570b226176f958
cab/Sounds_Norwegian/066_CS_grumpaonbear_spawnpoint2_VO.WAV	45306	9d92b8a4900b34fe37f1715dd810b233
cab/Sounds_Norwegian/066_CS_hulk_spawnpoint2_VO.WAV	45122	21bc4db38c73ba678f88dc1508195525
cab/Sounds_Norwegian/066_cs_kraken_spawnpoint2_vo.WAV	26216	9f726bb9935828f7cacd15fa0d493b34
cab/Sounds_Norwegian/066_cs_parrot_spawnpoint2_vo.WAV	48842	1c8bf48c09d4a53329ab196c971204b3
cab/Sounds_Norwegian/067_CS_diverrat_taunt_VO.wav	31484	022ae2810e8422f1f7ce8234b811a62b
cab/Sounds_Norwegian/067_cs_hulk_transform_VO.WAV	85036	52ae35f110fdd7a516a0e0da1f8f00bd
cab/Sounds_Norwegian/067_cs_kraken_transform_VO.WAV	156204	7de9da4e7cfa4b1cd8253e2edc03de98
cab/Sounds_Norwegian/067_cs_parrot_vo.WAV	64844	f5f2d99d0b5e4032fbce0666971c5ea7
cab/Sounds_Norwegian/067_CS_piraterat1_taunt_VO.WAV	45748	b3698dd40b91d90d8a15930ce761b9cc
cab/Sounds_Norwegian/067_CS_piraterat2_taunt_VO.WAV	30408	ff787e4280ef6ecb0c7c394655eec6cd
cab/Sounds_Norwegian/067_CS_piraterat3_taunt_VO.WAV	36892	f79cb93ee0c9227a6a7f70b79477590b
cab/Sounds_Norwegian/069_get_scarletwretch_vs.WAV	174872	1a065a822cfad75390a14878ec640467
cab/Sounds_Norwegian/069_sch_hello_vs.WAV	55080	b6606928bc012a7813982b86acc318e3
cab/Sounds_Norwegian/06help_VO.WAV	71750	1e8faf572253c15d2b3d71e2096bb3d7
cab/Sounds_Norwegian/07help_VO.WAV	66696	82ce68e9afa7f4555a4433c81189305f
cab/Sounds_Norwegian/090_sch_look_out_vs.WAV	30770	95878f530e3dc4543b7b9800ff927868
cab/Sounds_Norwegian/096_end_VS.WAV	175992	5fd4d77e1041d1ae7ca9be08220eb513
cab/Sounds_Norwegian/102_ratbeard_final_VS.WAV	121510	92a72523d3ae6b4d0dd8dc3233787b49
cab/Sounds_Norwegian/104_rat_taunt_VS.WAV	37250	d794cfab4a5b9291796cc47348c23b85
cab/Sounds_Norwegian/108_rat_taunt_VS.WAV	64106	2bfe00abbb56c8fec6578ba5bcd905ff
cab/Sounds_Norwegian/211_hut_plaza.WAV	108888	01e3c651b550134b6ad5bfd2d2b08918
cab/Sounds_Norwegian/211_SWE_gate_is_locked.WAV	21524	03ba9c236c2dd787bfbadddfe2ebf12e
cab/Sounds_Norwegian/211_SWE_hut_door_sealed.WAV	43952	e1331a33235a29b4ffe6ed81d073c7af
cab/Sounds_Norwegian/211_swe_sch_find_key.WAV	45084	c8051c9a1b8fc80224c4ca6c77c9614d
cab/Sounds_Norwegian/211_swe_sch_flying_ramp.WAV	86294	f94f8a8e7381bd1984b6b0d52e1360b1
cab/Sounds_Norwegian/211_swe_sch_hut_doors_locked.WAV	69864	29fbb808fe3d4a60f3cf4b39a46fbfea
cab/Sounds_Norwegian/211_swe_sch_water_in_well.WAV	25508	f35cf5fd40c6668c763cb7b95e3d9be8
cab/Sounds_Norwegian/apeson_talking.WAV	123744	e5fe86a850e5ef826fcef21abd8959c7
cab/Sounds_Norwegian/brygden_klar_sv.WAV	193082	eb835ff6cd8a040a00c5404324156268
cab/Sounds_Norwegian/Corcodileboss_Talk_VS.WAV	102316	8aa4455be01a82c262f92e0ed1593f40
cab/Sounds_Norwegian/crabbig_talk.WAV	316560	5ec952513616c83bacd13fddd80839e4
cab/Sounds_Norwegian/crabbig_talk_award.WAV	257160	2f07aaa8b8b9f8db6de3d2fdb67e7af9
cab/Sounds_Norwegian/CS_champion_followagain_VO.WAV	71704	d5ce233f73f9805a492909e150974eab
cab/Sounds_Norwegian/cs_kraken_followagain_vo.WAV	32924	c93bd00167c7e93eedb19811ce86b33e
cab/Sounds_Norwegian/deadfather.WAV	109972	c7261d5a40aad162c0dd866f389b71cc
cab/Sounds_Norwegian/elephant_talking_quest.WAV	216898	6bafd0a33343e4b509df9e96f2383fb2
cab/Sounds_Norwegian/end_succesful_VS.WAV	228744	f80c533d383b314cd4b53d0a13575481
cab/Sounds_Norwegian/Fatbastard_Shouldnt_have_eaten.WAV	52444	fba8a28080ab4d5a759095b55669f890
cab/Sounds_Norwegian/Fatbastard_Struggling.WAV	48634	23f6fca084693c9cf64d2df7f682f147
cab/Sounds_Norwegian/Grandfather_Talk_VS.WAV	309292	1fd1522b30936f960b4762ea6b3c83a3
cab/Sounds_Norwegian/happy_bee.WAV	128312	6896db410e8eb532805b672a092d152d
cab/Sounds_Norwegian/hyena_talking.WAV	172988	1e659c5aed2029108521c08bee902c13
cab/Sounds_Norwegian/i_have_repaired_your_sword_sv.WAV	133496	20fb8a4db53e34378d035d779db4d376
cab/Sounds_Norwegian/InventoryIsFull_VS.wav	97652	0be87fa86e34e7d854fb18e27be5d3f1
cab/Sounds_Norwegian/IS_Ancestor_Fruitpunch.wav	36054	47fc0bcbc97a11300250a2ff2ec3ad8c
cab/Sounds_Norwegian/IS_Antidote_Potion.wav	28158	ee40d55220ed62bc63a11a2b82dec23c
cab/Sounds_Norwegian/IS_Ape_Kings_Jungle_Mixture.wav	20892	12b52ce50e3c7041bce228b6e7b79e70
cab/Sounds_Norwegian/IS_Ape_Kings_Son.wav	27842	986bf19d9e3061d509a02ef44609be29
cab/Sounds_Norwegian/IS_Banana.wav	15838	55be3012bf5a53d29af588da9a59bce1
cab/Sounds_Norwegian/IS_Banana_2.wav	16786	693841b46ff430c4513f995e6d013d62
cab/Sounds_Norwegian/IS_Bee_Bottle.wav	30368	bbfe19cb75ea6eddb1dedbbe56ac2a8e
cab/Sounds_Norwegian/IS_Bee_Jar.wav	30368	39906f4b473b921a923ac921347a5ec4
cab/Sounds_Norwegian/IS_Bee_Pot.wav	34790	e68e04469a8d43d4c3764f472cfb0f27
cab/Sounds_Norwegian/IS_Belt_of_Strength.wav	23104	0618b76123bb358399a58c8ec5d12f5a
cab/Sounds_Norwegian/IS_Blood_Orange.wav	31632	f3607029c22132bfd45d6f20c7a16d73
cab/Sounds_Norwegian/IS_Blood_Orange_Nosferatu.wav	29420	a99d73e1a80d90747cbee1276d817d6e
cab/Sounds_Norwegian/IS_Blood_Orange_Oasis.wav	24052	57b86f2fd872420f131f51f481dcf785
cab/Sounds_Norwegian/IS_Bottle_of_Rum.wav	28474	e4ecc6b1f79ef51482d27fe108b25f65
cab/Sounds_Norwegian/IS_Branches.wav	38898	0b003aacefa33efbf7cf38a7728a9aa2
cab/Sounds_Norwegian/IS_Coconut.wav	19628	72958e7ba9225534fecca027001d4c83
cab/Sounds_Norwegian/IS_Coin_1.wav	16786	b7a06a1737043bf49fe353d30af608a6
cab/Sounds_Norwegian/IS_Coin_2.wav	18366	a3f1ccc86ce051a65d838b3c527fb6b4
cab/Sounds_Norwegian/IS_Coin_3.wav	18996	8dddf98b8b01dbc3f2e0ef8a61051345
cab/Sounds_Norwegian/IS_Empty_Bottle.wav	26262	b62ab07c6c5db88bdb122374bb5c85d3
cab/Sounds_Norwegian/IS_Empty_Jar.wav	31316	fb9a0743fa73723824829e79f196956b
cab/Sounds_Norwegian/IS_Empty_Pot.wav	25630	a81705aa03b23c6fa9d4a039fd1aa43e
cab/Sounds_Norwegian/IS_Fathers_Sword.wav	23104	b5f6a9ee23b86e072af15dc748b82a45
cab/Sounds_Norwegian/IS_Fathers_Sword_Broken.wav	56904	1f9de721832b44dd381a4aea26f1e04c
cab/Sounds_Norwegian/IS_Fishing_Net.wav	14890	116a4719496ed060b2873f6e6a11abdb
cab/Sounds_Norwegian/IS_Flowers.wav	20576	97b2c2e1f2b78bdaeb38ba367ccdcda5
cab/Sounds_Norwegian/IS_Fruit_Cube.wav	23104	9b1fe078f1303d1022bca5eede3b5cb3
cab/Sounds_Norwegian/IS_Fruit_Star.wav	27526	778316e6747f31321611c05fbbcef92e
cab/Sounds_Norwegian/IS_Fruit_Triangle.wav	28790	7facadf6f2cef1eaa30279be2ba518fc
cab/Sounds_Norwegian/IS_Gate_Key.wav	20260	677aba5c57dde5ed9c760822568231a9
cab/Sounds_Norwegian/IS_Gauntlets_of_Power.wav	27210	123145df14ad42f5be08cc83f5798477
cab/Sounds_Norwegian/IS_Green_Flea.wav	34160	9f2254daba18b8ae7a9bfbcccbfa9796
cab/Sounds_Norwegian/IS_Hammer.wav	19312	59521cb612dd7473ea0c67db8d5cc331
cab/Sounds_Norwegian/IS_Honey_Bottle.wav	31316	13f2a59f7e2fe27801eddfbf2c58c3d5
cab/Sounds_Norwegian/IS_Honey_Jar.wav	34160	cc040ed6ddd697710007f7cf05ba4753
cab/Sounds_Norwegian/IS_Honey_Pot.wav	36370	34f6a065a7597d684786cdc7543584b0
cab/Sounds_Norwegian/IS_Jungle_Liana.wav	18682	b3b8a4bfbc6eee11ee670da4e0f3df23
cab/Sounds_Norwegian/IS_Key_Blue.wav	33844	657837ef1e74a96c437340fc2a2869ec
cab/Sounds_Norwegian/IS_Key_Green.wav	32580	a1157c3a6f5e839c7478aa53feba11dd
cab/Sounds_Norwegian/IS_Key_Red.wav	31948	ffd937caf1b031ecf4f5a5f10800ba73
cab/Sounds_Norwegian/IS_Lock_Shaped_Diamond.wav	57536	7b4613b17fe0e834c27a00025428e4e0
cab/Sounds_Norwegian/IS_Lock_Shaped_Stone.wav	43320	00620e586b71c6a3120013a362812945
cab/Sounds_Norwegian/IS_Long_Planks.wav	31632	c8b490b627c49aabe9de922a345d28b7
cab/Sounds_Norwegian/IS_Magical_Flying_Dust.wav	31000	e6377af61977db1b0a1916380a9c880d
cab/Sounds_Norwegian/IS_Message_in_a_Bottle.wav	32580	7b13def7c2683d7b0a52f13c103176f5
cab/Sounds_Norwegian/IS_Moveable_Ladder.wav	20892	4d32015dbaab77ea016269e679cd23d3
cab/Sounds_Norwegian/IS_Oars.wav	22472	f0c96d98e2f6e4d1c04bc0f558541221
cab/Sounds_Norwegian/IS_Octagon_Diamond.wav	29422	6fb9db8e9c79d105b1379a8e636e82ed
cab/Sounds_Norwegian/IS_Planks.wav	30052	5bce83a6e8439fe85b7b3b9c4b19f9d0
cab/Sounds_Norwegian/IS_Rope.wav	18366	d5b0ba03bd95f27355e313142236ce3d
cab/Sounds_Norwegian/IS_Rope_Ladder.wav	32896	ca2aee36589a1176a34af165e407830f
cab/Sounds_Norwegian/IS_Seed_Cube.wav	22156	45b5180fd092623f8e62562f8d93392a
cab/Sounds_Norwegian/IS_Seed_Star.wav	20892	2c312f238d03f2e81e5013126cf5e308
cab/Sounds_Norwegian/IS_Seed_Triangle.wav	24368	d418c9a6fc096e8fbb01f0bbf2278090
cab/Sounds_Norwegian/IS_Shield.wav	28790	1af717d1c11cb0976f514662e9e14068
cab/Sounds_Norwegian/IS_Shield_of_Protection.wav	33844	c0b9b36b9facebd96c04608c4f9f7a7e
cab/Sounds_Norwegian/IS_Summon_Golem_Scroll.wav	40794	890631ce4a59c81660ae3ffc2d9c48bb
cab/Sounds_Norwegian/IS_Sword_of_Might.wav	23420	b9e64c0123fa44734fb492d87426e27c
cab/Sounds_Norwegian/IS_Termite_Bottle.wav	33528	cd99c5c429bc2dfbf35640f23dab6710
cab/Sounds_Norwegian/IS_Termite_Jar.wav	36686	c6569974939d86dbcbb2db07c3e84a5c
cab/Sounds_Norwegian/IS_Termite_Pot.wav	33212	6948f6fcd911015b62325fae3d673a1b
cab/Sounds_Norwegian/IS_Water_Bottle.wav	28158	6083416f20fc1f8c3a8989c51108a710
cab/Sounds_Norwegian/IS_Water_Drop.wav	39214	618b22548c571879418f5a6f8f3889b0
cab/Sounds_Norwegian/IS_Water_Jar.wav	26578	cb7abfc61729542cc44e99de47e0c0c1
cab/Sounds_Norwegian/IS_Water_Pot.wav	27210	f2c74d6c302483a38d95d78237c05133
cab/Sounds_Norwegian/IS_Wood_Splinter_On_Fire.wav	29106	e1afe1adc9fc8f0adef8d86a7016e318
cab/Sounds_Norwegian/IS_Wood_Splinters.wav	18680	67aa04cda013c50b85fc81a24503c0eb
cab/Sounds_Norwegian/IS_Wood_Splintersb.wav	19312	4ae9b04105f67cd2abec813e395e787d
cab/Sounds_Norwegian/Sch_ctrlleft_VO.wav	109340	54ac5d7006dfad9d5354b4f71c39a314
cab/Sounds_Norwegian/Sch_ctrlright_VO.wav	104918	ad78255227909959a15a9fa3a8fe2114
cab/Sounds_Norwegian/Sch_rightclick_VO.wav	52322	81e1f9339e2dbd2136d99ab9951605fb
cab/Sounds_Norwegian/Sch_shift_VO.wav	121660	3e7893c31ab8284d9fc73711c3913a75
cab/Sounds_Norwegian/Sch_space_VO.wav	134630	fdd8298b54cd258e86dba508ddce6f13
cab/Sounds_Norwegian/skeleton_talking.WAV	285248	e35fef165de9aeee3fc53e8175e113bd
cab/Sounds_Norwegian/sl_pp_l_s_mig_sv.WAV	54482	b45ca54fb2d73bceea91a5ad7f5e4788
cab/Sounds_Norwegian/tack_f_r_hj_lpen_sv.WAV	123278	e932454b4c6e3cc61355ef2cb0c91533
cab/Sounds_Norwegian/take_this_scroll_sv.WAV	194246	c92fa9bd19819fb6d0447d136ecfd386
cab/Sounds_Norwegian/VO_bear_rightway.WAV	31728	92d9e2dbb5f0d38368599d1916b9fc25
cab/Sounds_Norwegian/VO_bear_scream.WAV	14268	007137de7304e06505d462f6c8c2f94d
cab/Sounds_Norwegian/VO_captain.WAV	112588	a31460366fe2b82aca4764f215fd6b78
cab/Sounds_Norwegian/witch_handla.WAV	187018	2b5d153cf69eaeca5e4b31efb5593e9f
cab/Sounds_Norwegian/witch_talk1_sv.WAV	467332	64c2df29e0ba157018aa9b85d05e0af5
cab/Sounds_Norwegian/you_have_to_pay_first_sv.WAV	71168	d315ad12cfa964a949f5d99fb7d12609
cab/Sounds_Swedish/003_sch_beware_cannonball_VS.wav	70308	84f6ef90b8ec5bec0fe10e4c5aa1808a
cab/Sounds_Swedish/004_sch_jump_rocks_VS.wav	38776	5f6919a08cebf319f14c3961ac87d6ee
cab/Sounds_Swedish/004_sch_nasty_crocs_VS.wav	69826	07b3584083b1b692000cbda4ca34df76
cab/Sounds_Swedish/005_monkey_guard_thanks_VS.wav	65268	ad7372f7ab9362460280c87bdad7cd69
cab/Sounds_Swedish/005_monkey_guard_VS.wav	57076	8bb7bf02c124cd3aeb4bef409af42855
cab/Sounds_Swedish/005_sch_not_allowed_entry_VS.wav	78766	99cd7b5bff0a8f7b082f9359b2c2099b
cab/Sounds_Swedish/005_sch_seems_hungry_VS.wav	75142	c2dd891060141727704acb04360c5694
cab/Sounds_Swedish/006_champ_bring_your_friend_VS.wav	104308	b2e49864b1f5ee6c73604cd52f51b2de
cab/Sounds_Swedish/006_champ_defeated_VS.wav	125300	dfd7f69c55a819718ba24f610ff45b09
cab/Sounds_Swedish/006_champion_challenge_result_VS.wav	122740	d365b937bc823fdde649077739ae9764
cab/Sounds_Swedish/006_champion_challenge_VS.wav	233588	a476b35dbc3e3bc9281b313abe4e489e
cab/Sounds_Swedish/006_champion_leave_sword_VS.wav	80500	c88d5b81112f094877fe78927fc0d798
cab/Sounds_Swedish/006_champion_scream_VS.wav	26932	035f6456577559a9f1ea9e423492e981
cab/Sounds_Swedish/006_king_acidflaska_VS.wav	146548	acb5c4a4bf5953c043941aba05193d7a
cab/Sounds_Swedish/006_king_antidote_VS.wav	111220	8913ef7e02c27137fc8f81cd3a334fef
cab/Sounds_Swedish/006_king_attacked_VS.wav	83700	78d7709cd322e7fd5371f31e79e310f5
cab/Sounds_Swedish/006_king_happy_with_son_VS.wav	109254	bf3f4634807265b2add44094630fd1a8
cab/Sounds_Swedish/006_king_help_me_VS.wav	282228	f49c86cb24f0a7e4b82daf98dfdee8f2
cab/Sounds_Swedish/006_king_light_fire_VS.wav	111988	7d52daca7eff6a1e4446d6fafc976308
cab/Sounds_Swedish/006_king_put_in_cauldron_VS.wav	169332	7955f5c80bdbac7a2afaf1c3030ce742
cab/Sounds_Swedish/006_king_son_champion_VO.wav	156788	7521d7ceb324a3f2138e02328649fd77
cab/Sounds_Swedish/006_king_strength_potion_VS.wav	134810	b1b41dc1de67a63272c7c132a9da6346
cab/Sounds_Swedish/007_sch_dead_end_VS.wav	123346	371d509327ef2fc89ce119df5b0d2020
cab/Sounds_Swedish/008_sch_lazy_VS.wav	104498	dcabaccc0d8bcb94791e12938f4cef84
cab/Sounds_Swedish/010_sch_look_a_path_VS.wav	90726	a696c585c3cb191716a712c57d1ef008
cab/Sounds_Swedish/010_sch_snake_VS.wav	70068	e95d849f9a67f2bb4bec79dfe1618432
cab/Sounds_Swedish/012_sch_rat_wakes_up_VS.wav	64388	e6af5130320afe4c8a0e3a18ad77f3cf
cab/Sounds_Swedish/013_rat_giveitup_VS.wav	30900	31a96c325a6a7df2547ba8c2c06f3ead
cab/Sounds_Swedish/013_sch_rat_stuck_VS.wav	90484	bf1b93d744ac65d6989813613b0b28d2
cab/Sounds_Swedish/014_Pirateboss_Yell.wav	31668	f0347960155d45ecbf5de15fc1ccb3c7
cab/Sounds_Swedish/014_Sch_A_Hole_VO.wav	91452	c9d8faa318fef410edce00b5904c82ac
cab/Sounds_Swedish/014_sch_scared_VS.wav	92176	12d1466abe4ad42b54d087876af2e659
cab/Sounds_Swedish/014_turtle_hole_VS.wav	103284	b1bb4bbd45ca2a0e7d668f0ed44fffa2
cab/Sounds_Swedish/014_turtle_welcome_VS.wav	87412	994b472507aedba8c2b1ffe8a85654d1
cab/Sounds_Swedish/015_bee_needs_flower_VS.wav	22828	08c6f718298fe31d1585f90f59edad21
cab/Sounds_Swedish/015_bee_show_flower_VS.wav	134676	4edafaafbe52d30c6a87d03e431c497b
cab/Sounds_Swedish/015_bee_thanks_flower_VS.wav	98420	c6d01a14b1f3b3e5b46513590eb107f1
cab/Sounds_Swedish/015_sch_watch_out_VS.wav	74416	35ddf5b248abd04da115e3de74369703
cab/Sounds_Swedish/016_sch_boats_VS.wav	175538	cce6e245db8aa58ee6f426bee5949815
cab/Sounds_Swedish/017_sch_piranhas_in_the_water_VO.wav	99908	4cdb18c868a7abe6364600e1cdcc8df7
cab/Sounds_Swedish/018_CS_foxy_attack1_VO.wav	11892	ff3c49027f20b2bcf16fec0c5a0415db
cab/Sounds_Swedish/018_CS_LeaderBlue_attack1_VO.wav	30836	1da1867c2ac9967ac10e7834640466bc
cab/Sounds_Swedish/018_CS_LeaderRed_attack1_VO.wav	17396	f05abfa418ee33c52c52ce63707d7ada
cab/Sounds_Swedish/018_CS_piraterat2_attack1_VO.wav	24964	1e672be9393729b097dfa8c9ba9911e8
cab/Sounds_Swedish/018_CS_piraterat3_attack1_VO.wav	20084	ac1b2fbde08d7b84cf2802f254dbd962
cab/Sounds_Swedish/020_sch_dragonfly_VO.wav	97974	c665a63f5149006f860b66225bc0f3cb
cab/Sounds_Swedish/021_Blood_Orange_Legend_VS.wav	323062	6120cd39c287e2807e4d039d69af48ce
cab/Sounds_Swedish/021_Nosferatu_Talk_VS.wav	162164	1f0646ad695e5dfd22a771acce84f983
cab/Sounds_Swedish/021_sch_uncle_VS.wav	101612	38b7f72d0e8a48702c5ed131d99014df
cab/Sounds_Swedish/021_Slurp_Ta_En_Apelsin_VS.wav	207988	46498c0b8a2ec6bf594ec5379bc3614c
cab/Sounds_Swedish/022_sch_fooled_VS.wav	92660	6edb8f492e01cca5637bed5f3bd9e530
cab/Sounds_Swedish/022_witch_cauldron_VS.wav	165236	a58f8d31e79c2b695b25b7dc265adf6e
cab/Sounds_Swedish/023_CS_hulk_hit_VO.wav	67828	e9bea2c895bb03e1de1894d6bb1a8e0d
cab/Sounds_Swedish/023_sch_termites_VS.wav	106366	61ea347e30eefb356e190d8d62645a68
cab/Sounds_Swedish/024_sch_plant_VS.wav	110540	fae06776d4602eeec56138547d46024e
cab/Sounds_Swedish/025_sch_ooh_VS.wav	96284	1d79d7d037229cbbfc0af148faac28b9
cab/Sounds_Swedish/026_sch_ghost.wav	76486	4368c02b74ecbc19e5cbb32bff446d72
cab/Sounds_Swedish/027_sch_ants_VS.wav	101704	bce097aa2f6d043afd89d92cafe943d9
cab/Sounds_Swedish/027_sch_scared_VS.wav	70672	b8ebcdf0eb140de03a8755ae916c9c4a
cab/Sounds_Swedish/030_sch_help_VS.wav	59556	c0ada5450a2fd080c7d38cbfd0ac0b5f
cab/Sounds_Swedish/031_sch_moving_in_sand_VS.wav	78644	1e4e7661004aca93ef9744a33991427b
cab/Sounds_Swedish/032_CS_foxy_tired_VO.wav	44660	683ce55d46a1e19e74cfdb11c62d88e2
cab/Sounds_Swedish/032_CS_golem_tired_VO.wav	62452	e698a5e4e76602cfec984d643e708d36
cab/Sounds_Swedish/032_CS_grumpaonbear_tired_VO.wav	53870	e71b8fd43ef7576e0dac2a7307abe1d4
cab/Sounds_Swedish/032_CS_grumpaondragonfly_tired_VO.wav	109844	46c1a68aa9c2c7ab4c13311132c3e524
cab/Sounds_Swedish/032_CS_grumpaonseahorse_tired_VO.wav	55284	d1926b024632cb71984594f91b754753
cab/Sounds_Swedish/032_CS_hulk_tired_VO.wav	74228	2b4a5de8c2f9fe4778cb28e3e8909384
cab/Sounds_Swedish/032_CS_parrot_tired_VO.wav	79988	44a03bffb6d55bec5236d776886c0630
cab/Sounds_Swedish/033_sch_hyena_VS.wav	88190	ccad482145553073939d3627eed4a0c2
cab/Sounds_Swedish/034_elephant_thanks_VS.wav	143732	d4d7e0ff179d29818ec55fe41bdd56b1
cab/Sounds_Swedish/039_sch_who_lives_here_VS.wav	99908	2dcfe5b2c10875933a110ad0388b30fd
cab/Sounds_Swedish/040_sch_wake.wav	79248	062543ae5e5d80f0fb50bf4fad145835
cab/Sounds_Swedish/054_sch_inside.wav	123764	70e84ce064200ff72f394caf43382296
cab/Sounds_Swedish/060_CS_bear_mount_VO.wav	79476	2a28e52f03401aa65d021b6274f890b8
cab/Sounds_Swedish/060_CS_champion_release_VO.wav	43508	d70ba3843912188ac9ba7724a5153504
cab/Sounds_Swedish/060_CS_dragonfly_mount_VO.wav	63172	cb4171747d9266fe8179f7f33c688071
cab/Sounds_Swedish/060_CS_foxy_release_VO.wav	44404	94bc73e105037d28a23e88339b33dfa8
cab/Sounds_Swedish/060_CS_golem_release_VO.wav	102772	7aa9529f00df7160b6a799dccf632726
cab/Sounds_Swedish/060_CS_grumpaonbear_release_VO.wav	64372	89d2c109dd16cfd7129bb8d2e025c28d
cab/Sounds_Swedish/060_CS_grumpaondragonfly_release_VO.wav	88180	ea47389b7062154addaacef3402c8a4d
cab/Sounds_Swedish/060_CS_grumpaonseahorse_release_VO.wav	66548	2012324a38d802b0cb48d9c0ef839549
cab/Sounds_Swedish/060_CS_hulk_release_VO.wav	90996	aff472b65cbdc09a08e3184c6d3131b2
cab/Sounds_Swedish/060_CS_kraken_release_VO.wav	72724	ce5085237af73d789865fa1367642974
cab/Sounds_Swedish/060_CS_parrot_release_VO.wav	85236	3ba70dd853d56f53767e8d55978f0ebd
cab/Sounds_Swedish/060_CS_seahorse_mount_VO.wav	44916	cdec307d733d04ac7030a7611e5e21ba
cab/Sounds_Swedish/060_sch_who_lives_here_VS.wav	91252	1ed2913da81edaf71ce84682c2884a4d
cab/Sounds_Swedish/061_CS_dragonfly_idle_VO.wav	58100	5237d37668925086cd9b5f90705671f4
cab/Sounds_Swedish/061_CS_foxy_scream_VO.wav	10740	74a22c381764a6a2a7d4d6f4ad1e1a90
cab/Sounds_Swedish/061_CS_parrot_scream_VO.wav	25204	a4d2e7dd8de81ecc81f7699c268eef61
cab/Sounds_Swedish/061_CS_seahorse_idle_VO.wav	63604	bed78dd4919531d5af196525116bcf94
cab/Sounds_Swedish/063_CS_champion_careful_VO.wav	62964	2ce00db4250a923e708481580482bd75
cab/Sounds_Swedish/063_CS_foxy_careful_VO.wav	74484	977d4d3eda9e122fc85dd1626b666a9d
cab/Sounds_Swedish/063_CS_golem_careful_VO.wav	76404	02edb749f3e76c493b373b8bfe8f1b7b
cab/Sounds_Swedish/063_CS_grumpaonbear_careful_VO.wav	90612	7f55e8b3f06ce1e27e2fe7ed6c744383
cab/Sounds_Swedish/063_CS_grumpaondragonfly_careful_VO.wav	126836	41dcfa21b7fc0489bd80c9799a9295d3
cab/Sounds_Swedish/063_CS_hulk_careful_VO.wav	94580	2017bc8e8a67630afb2d8381f482a4be
cab/Sounds_Swedish/063_CS_kraken_careful_VO.wav	78282	d535271b5c81037b069f47344cac5d80
cab/Sounds_Swedish/063_CS_parrot_careful_VO.wav	79860	8e219810124b44c28e07c50a5dfe3aa5
cab/Sounds_Swedish/064_CS_champion_rightway_VO.wav	56692	87f990c3e6a81871b22f5fb71fe35073
cab/Sounds_Swedish/064_CS_foxy_rightway_VO.wav	49780	c810dcd76978ec10abd588f314373f20
cab/Sounds_Swedish/064_CS_golem_rightway_VO.wav	77044	bee6594247d9634b1cb0e0c2345af46d
cab/Sounds_Swedish/064_CS_grumpaonbear_rightway_VO.wav	61044	7b61e67674d191b001836fe4080e2c6d
cab/Sounds_Swedish/064_CS_grumpaondragonfly_rightway_VO.wav	130394	243c69978eb09f918ee98cb0574f7bdb
cab/Sounds_Swedish/064_CS_hulk_rightway_VO.wav	111418	dec9c3f788d92df40b8d4198901e701d
cab/Sounds_Swedish/064_CS_kraken_rightway_VO.wav	74538	ac1aaac21880c5a5f748834b1c337764
cab/Sounds_Swedish/064_CS_parrot_rightway_VO.wav	92532	7e4d35d257bfeed0f710e0ad559a7196
cab/Sounds_Swedish/065_CS_champion_spawnpoint1_VO.wav	43828	b0c22b80b161586813fe198176ae729c
cab/Sounds_Swedish/065_CS_foxy_spawnpoint1_VO.wav	34228	424dc35b6485e267510b9ec0eac9cd47
cab/Sounds_Swedish/065_CS_golem_spawnpoint1_VO.wav	66420	0e71d7e4427d6cbc3f9a24a37a8e1bb1
cab/Sounds_Swedish/065_CS_grumpaonbear_spawnpoint1_VO.wav	97268	757af75ba1aa888acb0dc77f23e1fe28
cab/Sounds_Swedish/065_CS_hulk_spawnpoint1_VO.wav	82292	7925b2f8cddb103128c2eae6c4aede33
cab/Sounds_Swedish/065_CS_kraken_spawnpoint1_VO.wav	27984	619adf0566ed17a3ff199e8f0e1c8dcb
cab/Sounds_Swedish/065_CS_kraken_spawnpoint_VO.wav	27984	619adf0566ed17a3ff199e8f0e1c8dcb
cab/Sounds_Swedish/065_CS_parrot_spawnpoint1_VO.wav	41340	cacb6d72e090936eb8b3ec7ca890543e
cab/Sounds_Swedish/066_CS_champion_spawnpoint2_VO.wav	72052	22677c46a368cf5cdb2ab6bb41097eb0
cab/Sounds_Swedish/066_CS_foxy_spawnpoint2_VO.wav	49012	793aee6aad5f10c464d91cec2b849334
cab/Sounds_Swedish/066_CS_golem_spawnpoint2_VO.wav	70516	d94f7ddc2afcf1002674898888170367
cab/Sounds_Swedish/066_CS_grumpaonbear_spawnpoint2_VO.wav	65012	f55ab32801331643030da5af4fdf6475
cab/Sounds_Swedish/066_CS_hulk_spawnpoint2_VO.wav	64884	1b8fc73780098d6ef26d26102091b78a
cab/Sounds_Swedish/066_CS_kraken_spawnpoint2_VO.wav	36162	4088078495cdfb6d400a06c9ca4dc181
cab/Sounds_Swedish/066_CS_parrot_spawnpoint2_VO.wav	57204	65abe3542037f55f6df9769f6c24724a
cab/Sounds_Swedish/067_CS_diverrat_taunt_VO.wav	62068	6f19313f477016568b601dab7ae25aa8
cab/Sounds_Swedish/067_CS_hulk_transform_VO.wav	176092	e3bdfaf49bfe539e92cb96bf5e9a32d0
cab/Sounds_Swedish/067_CS_kraken_transform_VO.wav	192648	a8e4d40f9a6b6eec8c8642e516989687
cab/Sounds_Swedish/067_CS_Parrot_VO.wav	62708	8b4f21412f05c9bc4b9a67c1b15bb826
cab/Sounds_Swedish/067_CS_piraterat1_taunt_VO.wav	70644	dd1882847ee5a79627829830e09f3802
cab/Sounds_Swedish/067_CS_piraterat2_taunt_VO.wav	34164	60c279d1815cf4118d0b5d3bc3274df1
cab/Sounds_Swedish/067_CS_piraterat3_taunt_VO.wav	45940	5a8c94ff8032da6f4df249e2577125e3
cab/Sounds_Swedish/069_Get_Scarletwretch_VS.wav	128116	e5145b2b8e1d96f687e0b653d16d6070
cab/Sounds_Swedish/069_sch_hello_VS.wav	61852	9988f14a15179c0d6056bb94b6d7fa60
cab/Sounds_Swedish/090_sch_look_out_VS.wav	61006	55b820de444e921472dcec9732e25862
cab/Sounds_Swedish/096_end_VS.wav	216180	9edc523800656f067215762cd50effdb
cab/Sounds_Swedish/102_ratbeard_final_VS.wav	195628	2f3318de7e4612e817433f3ca260c0fc
cab/Sounds_Swedish/104_rat_taunt_VS.wav	63092	3d5bdca39013f31316fd9b61a05972a9
cab/Sounds_Swedish/108_rat_taunt_VS.wav	65268	3a2be8cc2ed5dfebab5bedd5efd63df5
cab/Sounds_Swedish/211_Hut_Plaza.wav	87924	d4a930fb8d1b147a6226c8664ecfb16f
cab/Sounds_Swedish/211_SWE_gate_is_locked.wav	28916	c9f9a6afab4370a4163bad277f27b75a
cab/Sounds_Swedish/211_SWE_hut_door_sealed.wav	61044	4179257d44377a03323ac3b7f4c7908b
cab/Sounds_Swedish/211_SWE_sch_find_key.wav	81780	4f342b1a9d0461322e6944c349fb629c
cab/Sounds_Swedish/211_SWE_sch_flying_ramp.wav	116596	cef5910a015deaf42c08bb6baf45a652
cab/Sounds_Swedish/211_SWE_sch_hut_doors_locked.wav	100724	2a9bebd03328db25cc9add828ae9b886
cab/Sounds_Swedish/211_SWE_sch_water_in_well.wav	59508	1bcd38bcf0a1d7204e30778963372326
cab/Sounds_Swedish/apeson_talking.wav	108916	7a98e2f89d464e5ef7459e07979e811c
cab/Sounds_Swedish/Brygden_Klar_SV.wav	164468	a2ae28ef4f09428f795793129dc0196f
cab/Sounds_Swedish/Corcodileboss_Talk_VS.wav	88820	2b8bd8a782695ed5b1d6553d264ba449
cab/Sounds_Swedish/crabbig_talk.wav	401144	e43aa89423ced88819efdce36afa0460
cab/Sounds_Swedish/crabbig_talk_award.wav	348844	e51fd509918e295ee9bcd2b82f2d6949
cab/Sounds_Swedish/CS_challenge_follower_VO.wav	104308	b2e49864b1f5ee6c73604cd52f51b2de
cab/Sounds_Swedish/CS_champion_followagain_VO.wav	54516	ce9aa66e7f195f684ad5cca41e4cc50e
cab/Sounds_Swedish/CS_kraken_followagain_VO.wav	28688	2570ac03288a2b9e4079ed8c655db89f
cab/Sounds_Swedish/deadfather.wav	96372	baeb6a4c34afca39f7a761e7c2d570dc
cab/Sounds_Swedish/elephant_talking_quest.wav	184948	0ef16e2be0153a85fb7fab0d21ec43eb
cab/Sounds_Swedish/end_succesful_VS.wav	231028	32390c07ee633cbc62ef37de907e3604
cab/Sounds_Swedish/Fatbastard_Heavy_Breathing.wav	81652	330a0ecafb3980cf50547759edddcfd9
cab/Sounds_Swedish/Fatbastard_Shouldnt_have_eaten.wav	79604	1db311716855514ca7d747027d7382e3
cab/Sounds_Swedish/Fatbastard_Struggling.wav	46708	fd4ec7f0918df1c43719a268bbbffbba
cab/Sounds_Swedish/Grandfather_Talk_VS.wav	339464	10dc4df59ba5a1cd9ed372ccab2d71e9
cab/Sounds_Swedish/Happy_Bee.wav	92148	498f24198a2db16e981cd3e8d0ebf6a0
cab/Sounds_Swedish/hyena_talking.wav	188302	a64c1f5e53ac9fb4cff1d37d0a97d3ca
cab/Sounds_Swedish/I_Have_Repaired_Your_Sword_SV.wav	105076	cd4bfc9cda75bca1aa798e57fe5152ca
cab/Sounds_Swedish/InventoryIsFull_VS.wav	97396	8f68913e9e3779ec4b1f57f1cbbd0abe
cab/Sounds_Swedish/IS_Ancestor_Fruitpunch.wav	43764	3c0e466d9121299f80a6167e79de0786
cab/Sounds_Swedish/IS_Antidote_Potion.wav	41204	2aa04a163f8f80e59177ebd11d362ed3
cab/Sounds_Swedish/IS_Ape_Kings_Jungle_Mixture.wav	36468	fad68727ca662bd4eebcdd2e7822b157
cab/Sounds_Swedish/IS_Ape_Kings_Son.wav	36596	23e1e28a3b8532860f68dd06bd68d6be
cab/Sounds_Swedish/IS_Banana.wav	25076	07394dcf2dcdf61f043fd8c69899e5a2
cab/Sounds_Swedish/IS_Banana_2.wav	25076	07394dcf2dcdf61f043fd8c69899e5a2
cab/Sounds_Swedish/IS_Bee_Bottle.wav	43380	e2eaf17353283d96df918122289043f7
cab/Sounds_Swedish/IS_Bee_Jar.wav	43764	2fab1aabbfc60e8e3a183e2c4a7c1345
cab/Sounds_Swedish/IS_Bee_Pot.wav	43764	72989afab35579443f262fe1f7e1c918
cab/Sounds_Swedish/IS_Belt_of_Strength.wav	46708	ef4a8b80d539b085a363eb9874962f5b
cab/Sounds_Swedish/IS_Blood_Orange.wav	35508	22080d1d7772bd518dd2bb43fca412d1
cab/Sounds_Swedish/IS_Blood_Orange_Nosferatu.wav	35508	22080d1d7772bd518dd2bb43fca412d1
cab/Sounds_Swedish/IS_Blood_Orange_Oasis.wav	35508	22080d1d7772bd518dd2bb43fca412d1
cab/Sounds_Swedish/IS_Bottle_of_Rum.wav	54516	1646a42d40861782a8bdd802cae4c504
cab/Sounds_Swedish/IS_Branches.wav	50676	58a4f07e7782b158f570c70b1416337d
cab/Sounds_Swedish/IS_Coconut.wav	36276	3422a91f712d5ea8926acd9c1f86d7ab
cab/Sounds_Swedish/IS_Coin_1.wav	25076	1afad72fb8170a51ebc57f88f7fc85ce
cab/Sounds_Swedish/IS_Coin_2.wav	25076	1afad72fb8170a51ebc57f88f7fc85ce
cab/Sounds_Swedish/IS_Coin_3.wav	25076	1afad72fb8170a51ebc57f88f7fc85ce
cab/Sounds_Swedish/IS_Empty_Bottle.wav	34292	8bfe2eaa2dfe16468f43dbe70828c620
cab/Sounds_Swedish/IS_Empty_Jar.wav	35188	80a8fea6400b1421302feafd98df2a3b
cab/Sounds_Swedish/IS_Empty_Pot.wav	35892	5705120c46cf2289d900333bf92a90fb
cab/Sounds_Swedish/IS_Fathers_Sword.wav	26740	54f14a373a064e44cb455b35a5b1bf7a
cab/Sounds_Swedish/IS_Fathers_Sword_Broken.wav	58100	01f95aba807a9449bdf8a820f5a1ecbd
cab/Sounds_Swedish/IS_Fishing_Net.wav	27956	e8a8510d2a3607f6817b5a5c44fb7567
cab/Sounds_Swedish/IS_Flowers.wav	26932	64039fb58cdff9bf3918f6cc642dc9cb
cab/Sounds_Swedish/IS_Fruit_Cube.wav	28788	b8d50e4f606be5519972de6c902430d1
cab/Sounds_Swedish/IS_Fruit_Star.wav	32948	7688d6e2fd5c38ebe39f30b6c1085e6c
cab/Sounds_Swedish/IS_Fruit_Triangle.wav	34804	7776f6d4b492b7a42398dfb529f5305f
cab/Sounds_Swedish/IS_Gate_Key.wav	28276	c75eee9023cefdb62f9d05a61aa94f1c
cab/Sounds_Swedish/IS_Gauntlets_of_Power.wav	45556	071dc87c07c46628f00e9056b4572e53
cab/Sounds_Swedish/IS_Green_Flea.wav	41204	2aa04a163f8f80e59177ebd11d362ed3
cab/Sounds_Swedish/IS_Hammer.wav	25652	03b3bc4ac0e50484ef9a0da71063fcaf
cab/Sounds_Swedish/IS_Honey_Bottle.wav	38836	20eb69d133a24b5240eaaa19b5feff0a
cab/Sounds_Swedish/IS_Honey_Jar.wav	39220	052f2110c3e4087fe63ba3c9f03a52d0
cab/Sounds_Swedish/IS_Honey_Pot.wav	44020	6658941231b84c60fa6dba1beae73b04
cab/Sounds_Swedish/IS_Jungle_Liana.wav	23220	b1165ed9f019d9052faf79bdae5a8096
cab/Sounds_Swedish/IS_Key_Blue.wav	39284	0e22121fd957ab23775685a769e4e043
cab/Sounds_Swedish/IS_Key_Green.wav	41972	832d2b34bdaccdd2ac0fb739f0fb9e87
cab/Sounds_Swedish/IS_Key_Red.wav	39412	bb425f6c6f68ba16a0db15c093f93c47
cab/Sounds_Swedish/IS_Lock_Shaped_Diamond.wav	54772	62aa3bf8e6b3bf314f2854b14f949af4
cab/Sounds_Swedish/IS_Lock_Shaped_Stone.wav	49652	d96237aeefe243fd00fd153d789706bc
cab/Sounds_Swedish/IS_Long_Planks.wav	41204	2aa04a163f8f80e59177ebd11d362ed3
cab/Sounds_Swedish/IS_Magical_Flying_Dust.wav	38068	cbd02f6e546074c6405136d0cb46e237
cab/Sounds_Swedish/IS_Message_in_a_Bottle.wav	41204	2aa04a163f8f80e59177ebd11d362ed3
cab/Sounds_Swedish/IS_Moveable_Ladder.wav	26676	4a4904143f1d1fa0466cd25d37aeea92
cab/Sounds_Swedish/IS_Oars.wav	35164	70b3fddaeff5ade33f4964fe982d959c
cab/Sounds_Swedish/IS_Octagon_Diamond.wav	31452	ca3e3c4fb16a7152faff19fe7d842192
cab/Sounds_Swedish/IS_Planks.wav	41204	2aa04a163f8f80e59177ebd11d362ed3
cab/Sounds_Swedish/IS_Rope.wav	23028	2f1d7fcab5a6b9394d18888920f63921
cab/Sounds_Swedish/IS_Rope_Ladder.wav	41204	2aa04a163f8f80e59177ebd11d362ed3
cab/Sounds_Swedish/IS_Seed_Cube.wav	33012	2fa287566253833a0a24f42ae12fb0f2
cab/Sounds_Swedish/IS_Seed_Star.wav	31604	4d834b2c0936fce34f1d7c8a5debe08e
cab/Sounds_Swedish/IS_Seed_Triangle.wav	38276	e286deb49c3bca6eb41591daa0fa75be
cab/Sounds_Swedish/IS_Shield.wav	31092	af14c8e60aa24c1ad93e0bfd731a1d7f
cab/Sounds_Swedish/IS_Shield_of_Protection.wav	44660	ba72754c3b232031b27c835c51c02403
cab/Sounds_Swedish/IS_Summon_Golem_Scroll.wav	52852	3e206eece54fe4e771d42bd62646f56a
cab/Sounds_Swedish/IS_Sword_of_Might.wav	47860	8abe1129e311ec2cdf5d92c182d01f71
cab/Sounds_Swedish/IS_Termite_Bottle.wav	43892	c60739a7a478994ec9dd1476cd4ce519
cab/Sounds_Swedish/IS_Termite_Jar.wav	39156	9347e581689c8b3073aff83d8ca42f94
cab/Sounds_Swedish/IS_Termite_Pot.wav	43892	338be2da90ab032352642a4381fb6811
cab/Sounds_Swedish/IS_Water_Bottle.wav	37236	da2e6b3c280fd9fdb295a35a0ebcb930
cab/Sounds_Swedish/IS_Water_Drop.wav	50804	64332387773031e29a23cc194b1b9928
cab/Sounds_Swedish/IS_Water_Jar.wav	36468	eb819eaeee057cbbc87e5a93773f9e92
cab/Sounds_Swedish/IS_Water_Pot.wav	37812	cd2555f5e0815c2f082dde5fb09b4546
cab/Sounds_Swedish/IS_Wood_Splinter_On_Fire.wav	48756	4e7cf05da83ec9032c8d4c6c6d8bbe44
cab/Sounds_Swedish/IS_Wood_Splinters.wav	33460	449de9b1d7d559d011684c368cc05267
cab/Sounds_Swedish/Sch_ctrlleft_VO.wav	139124	18c13e0bacacccb5e533f844541ecac8
cab/Sounds_Swedish/Sch_ctrlright_VO.wav	134772	0f169a63df4b4ac73f7c82b88b8216c8
cab/Sounds_Swedish/Sch_rightclick_VO.wav	66420	075abd334591d47e60281b4208f94434
cab/Sounds_Swedish/Sch_shift_VO.wav	166516	a0f5394f77ab4b28ca27a4e47ac8c168
cab/Sounds_Swedish/Sch_space_VO.wav	126324	b208a08a5c623265c116daccee006150
cab/Sounds_Swedish/skeleton_talking.wav	194164	1a8df33a4a3872023af45d498e228c8a
cab/Sounds_Swedish/Sl_pp_L_s_mig_SV.wav	37236	0efd36e0cb4dd6846563c7638337688a
cab/Sounds_Swedish/Tack_F_r_Hj_lpen_SV.wav	95860	87f9093b4fe28a89df243bda131fb533
cab/Sounds_Swedish/Take_This_Scroll_SV.wav	200308	ca96fb72684eeee8e45f9f0341d1ca63
cab/Sounds_Swedish/VO_captain.wav	118388	b0e3520331d444515330973cf0093b41
cab/Sounds_Swedish/Witch_Handla.wav	192884	db9206b23f8703eb93f81d2c7c45d3ea
cab/Sounds_Swedish/Witch_Talk1_SV.wav	344692	6fa062305f748f2ecc84d2b71664ac5d
cab/Sounds_Swedish/You_Have_To_Pay_First_SV.wav	57588	baf8429f7be3bfdbe7d325d8ac56d4be
cab/UI/001_Menu/001_Menu.atx	161	d774f456fd2e21cdd59a9cd4da5ae46b
cab/UI/001_Menu/Credits.txt	637	014f4f0ad49de6ab0c9a43fde72f0de9
cab/UI/001_Menu/Grumpa.TTF	62480	184e6597f924c329b0fb064a6baf3648
cab/UI/001_Menu/Help.txt	3583	93ce5aa47e4b1e1c51fe36736d2f4054
cab/UI/001_Menu/Menu.jpg	654049	0176c384cc173426c8ff9af6fe0359e1
cab/UI/001_Menu/Splash.jpg	686451	6e7b48ee8ed7014ece4e3ee56e2f477e
cab/UI/001_Menu/Text.txt	167	987d217464de5553a67962268d828bc6
cab/UI/002_Cursor/002_Cursor.atx	202	1bb6698f6aa65a5ca7f0aafe9b45fb92
cab/UI/002_Cursor/arrow10_.tga	2092	fc02dc3f2a04dbc3c314aed058d6bab5
cab/UI/002_Cursor/arrow11_.tga	2092	4b9b502705d298d1efab0543cad979d6
cab/UI/002_Cursor/arrow12_.tga	3116	7e932b0d8f01830b706504b74bbe587c
cab/UI/002_Cursor/arrow13_.tga	2092	503eb77463b89bf34f94c8175a57778b
cab/UI/002_Cursor/arrow14_.tga	3116	e4d9da11c989f6bd35908d1a44b667d5
cab/UI/002_Cursor/arrow15_.tga	2092	fb970533bfbfdaea3b05f5ee3614dc4d
cab/UI/002_Cursor/arrow16_.tga	3116	67ac68089ba911a6e19f653c58d2aad5
cab/UI/002_Cursor/arrow1_.tga	2092	c02a9626c5c78d45794327ecb9dfa949
cab/UI/002_Cursor/arrow2_.tga	2092	2d62a11091e1b6a83931581026c7f33c
cab/UI/002_Cursor/arrow3_.tga	2092	0b3b2c6c419bf3eba278bbbb7dbeae74
cab/UI/002_Cursor/arrow4_.tga	2092	4f40bb61f84444010793ca1fe21427d1
cab/UI/002_Cursor/arrow5_.tga	3116	8356762ad7e45c67e2db113129ab0cb1
cab/UI/002_Cursor/arrow6_.tga	3116	f2bd1991d64da1f784a8d6e972b36ee4
cab/UI/002_Cursor/arrow7_.tga	2092	56df72aefac1cf30f5c3aa254ea6ba1b
cab/UI/002_Cursor/arrow8_.tga	3116	d3abfa09209f16c75cc340adf88fef3e
cab/UI/002_Cursor/arrow9_.tga	2092	74dcc383d6fc43e470ab6e9db91a8d8e
cab/UI/002_Cursor/attack_0000.jpg	4111	c00faf68b8a1c322a04cc910b2306e58
cab/UI/002_Cursor/attack_0001.jpg	4111	1653d6ab4360ecf050d6d89aab05a0cb
cab/UI/002_Cursor/attack_ready_0000.jpg	4111	f1078f4143e7e18571d1f539135e7ae0
cab/UI/002_Cursor/attack_ready_0001.jpg	4111	f1078f4143e7e18571d1f539135e7ae0
cab/UI/002_Cursor/default_0000.jpg	5003	dc26aa70aa4b3d7cb47b55e880b948c8
cab/UI/002_Cursor/default_0001.jpg	4995	7e55fa18f73df73cd32a6a3bddd58d15
cab/UI/002_Cursor/grabing_0000.jpg	5017	9b76c48020ef5f3a6352ed6258715ec0
cab/UI/002_Cursor/grabing_0001.jpg	4767	c1d60b2093fb9783d2136d6e40abf340
cab/UI/002_Cursor/grabing_0002.jpg	4373	8c4bc3fe123448792f293e5edf1d6473
cab/UI/002_Cursor/grabing_0003.jpg	4358	1dcb217668f6587152ac9fb43ba29b30
cab/UI/002_Cursor/itemglitter_0000.jpg	3661	3592abb10680c8331f91d4ed9c5f6aee
cab/UI/002_Cursor/itemglitter_0001.jpg	4946	fc64832194d4a60d3969bb3a1cd67927
cab/UI/002_Cursor/itemglitter_0002.jpg	3110	e687ec78fdfb8d3f39dcfd80f913cef1
cab/UI/002_Cursor/itemglitter_0003.jpg	4040	36f71e9b5bb81e6f74e06d9cd378ce07
cab/UI/002_Cursor/itemglitter_0004.jpg	4986	0b84321222cf51464b72633e072dd826
cab/UI/002_Cursor/pointpush_0000.jpg	4749	7b7461d5026b0eda1bd8068b22fde808
cab/UI/002_Cursor/pointpush_0001.jpg	4762	953b6ea5b089dc25ed5da34cde5f5506
cab/UI/002_Cursor/pointpush_0002.jpg	4563	68c8eb2066eeb4c42555a5b9813f5f65
cab/UI/002_Cursor/pointpush_0003.jpg	4576	e6d8be1f60cb95a299e29b977e059041
cab/UI/002_Cursor/pull_0000.jpg	4919	0f534b2d69c8381152f0dc3766b278fa
cab/UI/002_Cursor/pull_0001.jpg	4784	420de422b50cc8aab31881caf4cd3576
cab/UI/002_Cursor/pull_0002.jpg	4771	e26e88bf3ac847742bbd2e9f8cb5727a
cab/UI/002_Cursor/pull_0003.jpg	4837	3ff7ed31836490ee281541bfc9d37c68
cab/UI/002_Cursor/push_0000.jpg	5003	27305be1601375be2221af02871dc300
cab/UI/002_Cursor/push_0001.jpg	5024	93da23ca41ec9cf3ec1b6da7453556c4
cab/UI/002_Cursor/push_0002.jpg	4892	8fd05365135e6a9dc024ac169231628e
cab/UI/002_Cursor/push_0003.jpg	4924	8b7c8c7cd43f5125d488515429cfc2be
cab/UI/002_Cursor/stop_0000.jpg	5003	2dedf09c019cf7347515e2d253289d90
cab/UI/002_Cursor/stop_0001.jpg	4279	24ee94e37bea84c5d6e34ead59575bdb
cab/UI/002_Cursor/stop_0002.jpg	3826	54264ba9d3788fe4c1938dd805845d17
cab/UI/002_Cursor/stop_0003.jpg	4817	7617d1a89e15ca60fb327658fa3d6441
cab/UI/002_Cursor/sword_click_0000.jpg	3930	142b8d9c51e0493cdd6fc9d2eb01aa90
cab/UI/002_Cursor/sword_click_0001.jpg	3937	aeeb14ec1134aec09ac54293a7ed3616
cab/UI/002_Cursor/sword_click_0002.jpg	3956	bd5fdab83315ee03c2ab8d43ea89c44b
cab/UI/002_Cursor/sword_click_0003.jpg	3929	6af9238d8a21b2e316368d1d43397c6b
cab/UI/002_Cursor/sword_default_0000.jpg	3930	7968066f9bc0fd727f26d902737c9e63
cab/UI/002_Cursor/sword_default_0001.jpg	3929	bc21b4d5947a0ba975d10aa3bd7069d0
cab/UI/002_Cursor/sword_rotate_0000.jpg	3930	cc4ea42d15224bffaa87b34bf6962c3b
cab/UI/002_Cursor/sword_rotate_0002.jpg	3921	12ad2841d0d000830627bde28655ad38
cab/UI/002_Cursor/sword_rotate_0003.jpg	3604	ba6f671228dfad89f17b4f6ccd4d3dff
cab/UI/008_Score/008_Score.atx	381	9cb2c52fbea187db3918e8db080e8088
cab/UI/008_Score/air_0000.jpg	5012	e4acf37c4eb78bdba606d86a07a24c62
cab/UI/008_Score/air_0001.jpg	4968	17408cefe049bc2a94f08e1d72bae8c1
cab/UI/008_Score/air_0002.jpg	4942	94b691611fd17ba2e64e884766019711
cab/UI/008_Score/air_0003.jpg	4968	8c550b2872cf31d911381306929233a6
cab/UI/008_Score/air_0004.jpg	4942	17c067a171313c6ae450a2ffc7575eaa
cab/UI/008_Score/air_0005.jpg	4851	5f66ba6176f3316054d37701bbdbe3d4
cab/UI/008_Score/air_0006.jpg	4802	e506b09c92a5334fa5a367f4545ba756
cab/UI/008_Score/air_0007.jpg	4759	0aa84e07df27a4b3c3e04fbf3304b77e
cab/UI/008_Score/air_0008.jpg	4525	66c4b1c053842c882320e7f5ede8c016
cab/UI/008_Score/air_0009.jpg	4459	54b3c4fabb385545f397a4df290a7bcc
cab/UI/008_Score/air_0010.jpg	4393	c0ae1c41b5936e3c8fff59af9faaced8
cab/UI/008_Score/bear_icon.jpg	4520	8ec43812e97201d2246dc891b3f93aa9
cab/UI/008_Score/boat_icon.jpg	3860	2af39de1c52bea120523c7a1da7bb618
cab/UI/008_Score/coin.jpg	4571	6d01c6db081014cdf0288a6b89a5e0e5
cab/UI/008_Score/coin.wav	49476	bf14e00bc4e9fd3dc4efcc50100c45da
cab/UI/008_Score/curage_star_0000.jpg	3433	f13b7ff96ed5aaf3234d8949b40104a5
cab/UI/008_Score/curage_star_0001.jpg	11366	d6f21215409cacfaf27b059f7f6df11b
cab/UI/008_Score/curage_star_0002.jpg	12616	0431bb7cc3c628fb27f896c674e17aca
cab/UI/008_Score/curage_star_0003.jpg	15627	53300cfb626735eabdf4346054fa58be
cab/UI/008_Score/curage_star_0004.jpg	16175	151a433c886867a4f93b65a977ba9805
cab/UI/008_Score/dragonfly_icon.jpg	7817	286c66f34ddf14055b1d98c31e02aaeb
cab/UI/008_Score/grumpa_icon.jpg	4920	d55da61987a4799361cda0098c05cf06
cab/UI/008_Score/heart_0000.jpg	4787	cf8923e996281b4523f4499c4aedffae
cab/UI/008_Score/heart_0001.jpg	4892	f8a02a37081ea1b05893a9a2bcf58439
cab/UI/008_Score/heart_0002.jpg	4898	7bcd189ec4420925d43153d062a2e09b
cab/UI/008_Score/heart_0003.jpg	5011	c8657cf634bf3d119d23e609c0a70e96
cab/UI/008_Score/heart_0004.jpg	4998	8b7b93e06c893736dc3ee095becfc8a0
cab/UI/008_Score/heart_0005.jpg	4734	a11db7a8125a970d29fad8d65b631801
cab/UI/008_Score/heart_0006.jpg	4736	a28561abfd552a8ff28deb7c20a0e1dc
cab/UI/008_Score/heart_0007.jpg	4682	f44127f9429b6009f783139a506237c1
cab/UI/008_Score/heart_0008.jpg	4573	ef14ef141b70a2f7e5a2ff4268724d8b
cab/UI/008_Score/heart_0009.jpg	4558	5019b5eb9be78001096b123868c2e261
cab/UI/008_Score/heart_0010.jpg	4498	556835b777b33527b03cacdb98bd11a3
cab/UI/008_Score/poison_icon.jpg	4581	ebed4ef6233aff9120e1a5f6e9369a60
cab/UI/008_Score/scare_star_0000.jpg	3433	50a8075710ee751f710c619eeaab1bfc
cab/UI/008_Score/scare_star_0001.jpg	11059	1ad2560c18a77e61d9d3e2606851c689
cab/UI/008_Score/scare_star_0002.jpg	12332	02ec9c467d70aa580ab5e9ab909a2dd5
cab/UI/008_Score/scare_star_0003.jpg	15325	c88ff9c23110d889f40239f2268712af
cab/UI/008_Score/scare_star_0004.jpg	15870	c87cf6a00a544b41c5ad0c979a18ebf6
cab/UI/008_Score/scorefont_0000.jpg	4244	e9b737d08418dc8cd24841db1b34a288
cab/UI/008_Score/scorefont_0001.jpg	3610	eb59aa4359753ab2b04d2eabee5d17e3
cab/UI/008_Score/scorefont_0002.jpg	4037	52219ef26a85bb763520ee028054b1b4
cab/UI/008_Score/scorefont_0003.jpg	3864	bc0642752b034ed7f770ac40923847ed
cab/UI/008_Score/scorefont_0004.jpg	3630	f1fe5282474db3cdc7a52431c46d3a3c
cab/UI/008_Score/scorefont_0005.jpg	4384	7adcd12a878ec0368d43c1d013078344
cab/UI/008_Score/scorefont_0006.jpg	4315	3d315781639bed3de692df796db25b88
cab/UI/008_Score/scorefont_0007.jpg	4052	2822a100391e79d9cc3aa49af3edc15e
cab/UI/008_Score/scorefont_0008.jpg	3937	17a9dddf0441dd570624cc0909d51788
cab/UI/008_Score/scorefont_0009.jpg	4204	c04602788dd743cafd9c90b596e38e38
cab/UI/008_Score/seahorse_icon.jpg	4333	505dfa9d8c400bdbde9670760e3521be
cab/UI/008_Score/strength_icon.jpg	5388	e6837b7686625bf51aeb97597ab07b3d
cab/UI/008_Score/SX_addair.wav	13356	45f617e38c388b87ec968158e314fb34
cab/UI/008_Score/SX_currage.wav	174872	2fc9474471e01b02c8784451dd64e95f
cab/UI/008_Score/SX_scare.wav	147478	7ac2b2f6d5831606058c0ddf88e7494c
cab/UI/008_Score/SX_subair.wav	6796	5edae5d4fb9f365f732a2bfc2728d5b0
cab/UI/090_Inventory/090_Inventory.atx	409	158a7beb50dd919bde41ab9a0bda9f6c
cab/UI/090_Inventory/Inventory.jpg	60447	143a22072217bdcfe54d1adcef164eed
cab/UI/090_Inventory/InventorySlot_0000.jpg	13878	fc0b092c9c9b63402c68cbfe9c04cff0
cab/UI/090_Inventory/InventorySlot_0001.jpg	14390	972982a2acd50b9bea7e3687d9395cc3
cab/UI/090_Inventory/InventorySlot_0002.jpg	13878	4a86542ba6ff566ffffc94e239c3e772
