path	size	md5
Acrobat reader Eng/ar40eng.exe	5455526	61e7426119b4634c66f90c20ff7e60eb
Autorun.inf	48	7dc2dd88e18a078450f481c9d731120d
data/click.wav	10525	48dca112622936fe57c827b51e25abfa
data/splash rgb.bmp	792056	d5c337dbd6194c10ac6fea0e8bae5918
data/splash.bmp	265000	03b58aefaa31ce70deea100a4e120d2b
data/splash.ico	1078	4ab7bb8ca1364871dd9dae4417ff1f73
data/splash.wav	304684	4eafa23b91fa64b1f9b7996d73fdbe65
Program/_INST32I.EX_	291403	6f75724492fbf593977c95c6d9aade6b
Program/_ISDEL.EXE	8704	cd209af116614554405a336aad013c14
Program/_setup.dll	11264	e943a50ac0e1bfa03273190ad0041853
Program/_sys1.cab	210187	561ce254d90726453620126d82ff5e65
Program/_user1.cab	54339	05929e228fd472af1638f0350075c605
Program/Data/anims/gilbert.wxi	2855678	aea4ecae7a17f3e549ce034b563df58b
Program/Data/game/default.dat	702971	d257e1a21b58513c8fe2ddd99250a7de
Program/Data/maps/!global/bookimages.wxi	110053	285d3277be64812017b6b8d3b99d8da2
Program/Data/maps/!global/cursor.wxi	17825	f317fdd1172412264d6400687dd0a4a3
Program/Data/maps/!global/interface1.wxi	195828	7ece724b31287b2567632ee2952af886
Program/Data/maps/!global/interface2.wxi	1701630	36d4787d77660498d809222a8a2a5da1
Program/Data/maps/!global/inventory-num.wxi	118205	87deb704f0e15937e945f699220d7aaa
Program/Data/maps/!global/inventory.wxi	72545	c9cdadb3b6a9a82721580d2e794e01ad
Program/Data/maps/!global/kartmap.wxi	239744	e0b62fa5605e7fee2999ea0bf18b72ea
Program/Data/maps/!global/map.wxi	9451	c21f8fcb5e349d0e557b165e38cf6d8e
Program/Data/maps/100/ctrl100.map	48040	88f8a250ee25eb0f88a8083d07f0a3a5
Program/Data/maps/100/cua101.wxi	387946	1bafa233d00e804b749d0e72689abd20
Program/Data/maps/100/cua102.wxi	227510	06de8d5d26894d06aba76f825b51a60b
Program/Data/maps/100/cua103.wxi	1296116	6a9c93b3985fa29bb303024352e57afa
Program/Data/maps/100/cua105.wxi	355938	c4a2e161d4bea0ecc6f0514363c447cc
Program/Data/maps/100/cua107.wxi	434746	f17d0a6bc9d545149a9b454a30c4cb2a
Program/Data/maps/100/cua999.wxi	239744	e0b62fa5605e7fee2999ea0bf18b72ea
Program/Data/maps/100/w100.wxi	1230067	b87086602bf9446ba0a44d182ea5a959
Program/Data/maps/100/w100m.wxi	1230068	264419d365f9aab4178fa24f18eff622
Program/Data/maps/100/w100o.wxi	50363	5053f4ee599c1e887a7de6e7d23a8976
Program/Data/maps/150/ctrl150.map	30760	e0d076a659c9ee8c85c6305751b78210
Program/Data/maps/150/cua104.wxi	347250	348be68019023acc9c6afd374adf6d03
Program/Data/maps/150/cua999.wxi	239744	e0b62fa5605e7fee2999ea0bf18b72ea
Program/Data/maps/150/w150.wxi	787703	8a91fb3326f6002cdf1c17b0d7a50638
Program/Data/maps/150/w150m.wxi	787704	e69d3663303507a54951e4f2b519ba29
Program/Data/maps/150/w150o.wxi	3735	b3f40aa7c6f66bda7565c69f58bc45dc
Program/Data/maps/151/ctrl151.map	20840	22b325fa44276a64cbcc2cc758bf165b
Program/Data/maps/151/cua106.wxi	170926	3106daa4c03e1632b85b4fd8c50c5654
Program/Data/maps/151/cua108.wxi	185356	e37510fbf075c3c3e9f859d2bcbe2b41
Program/Data/maps/151/cua999.wxi	239744	e0b62fa5605e7fee2999ea0bf18b72ea
Program/Data/maps/151/w151.wxi	533747	de720647f84b6ee51537265dc513bc95
Program/Data/maps/151/w151m.wxi	533748	f93acfd9606ab5bee1fe7bd14d9b1d43
Program/Data/maps/151/w151o.wxi	4915	28d94c9541bb3055a51cffa3b71992ea
Program/Data/maps/170/ctrl170.map	17320	ba89385ca17c50bb1700ff048a0b0bb0
Program/Data/maps/170/cua999.wxi	239744	e0b62fa5605e7fee2999ea0bf18b72ea
Program/Data/maps/170/w170.wxi	443635	9c1d25e44767097702bbfcf9499f225b
Program/Data/maps/170/w170m.wxi	443636	fefe0f37a90619fdf23018d2e03c7ce5
Program/Data/maps/170/w170o.wxi	18182	b6f0bdcd1977090f4437ea7ff7df3aaf
Program/Data/maps/200/ctrl200.map	48040	63f49dc619975341784fc3a30c3448b8
Program/Data/maps/200/cua209.wxi	1320378	7412e8861e9fc0f85c773f1924f3b490
Program/Data/maps/200/cua210.wxi	1108854	1a38ff29fa00dd731af7e9e8a1849e2f
Program/Data/maps/200/cua211.wxi	213634	12607eef7706740d71d6c780f42563f9
Program/Data/maps/200/cua214.wxi	178586	d0e00b67be1f0bcc67e402cfab7582ec
Program/Data/maps/200/cua999.wxi	239744	e0b62fa5605e7fee2999ea0bf18b72ea
Program/Data/maps/200/w200.wxi	1230067	2ce0c8ea71487b0b63946e33187b9d17
Program/Data/maps/200/w200m.wxi	1230072	e1384a38fa90d65048c8c9cfbed3b0e9
Program/Data/maps/200/w200o.wxi	76	f1236d2371c87efc0a33cd9f2d5d8af4
Program/Data/maps/250/ctrl250.map	48040	63574dea6f72d205d4c153c2e4b7eb31
Program/Data/maps/250/cua201.wxi	394068	0c9dac23046d06427544464751fde365
Program/Data/maps/250/cua202.wxi	479820	91bc66dbfca45e55e82e0e888584ff14
Program/Data/maps/250/cua203.wxi	246756	3e05c2c86d0dfa486bf4690776535c46
Program/Data/maps/250/cua204.wxi	231746	92dc0b67859488dd444ec5c2797c77e3
Program/Data/maps/250/cua205.wxi	1719100	86d3c0b067dc2386fb81b8da93ccb097
Program/Data/maps/250/cua206.wxi	565729	74ba2505011bde4765e3fd981b08af56
Program/Data/maps/250/cua207.wxi	4945164	eebacb6e01c19016c40f1937221494ae
Program/Data/maps/250/cua215.wxi	195199	be8cdeda86c1af68d6e8d01072b151fb
Program/Data/maps/250/cua999.wxi	239744	e0b62fa5605e7fee2999ea0bf18b72ea
Program/Data/maps/250/w250.wxi	1230067	b945b7e058d4d5ac037bb31f68a0037d
Program/Data/maps/250/w250m.wxi	1230068	8babf832e764929f59e90f1bc29f2333
Program/Data/maps/250/w250o.wxi	19854	92a511f07a9046905e83508c900dad34
Program/Data/maps/254/ctrl254.map	48040	90d589f60a1ad5fbdb97be2f27bd5a17
Program/Data/maps/254/cua212.wxi	187336	ddd2ae36d3bfa072d3c44f02a33d3c1e
Program/Data/maps/254/cua216.wxi	172150	97f29872440dd12d93b1285e67059933
Program/Data/maps/254/cua999.wxi	239744	e0b62fa5605e7fee2999ea0bf18b72ea
Program/Data/maps/254/w254.wxi	1230067	61aac664105a8cee6a5178b8a88e79ce
Program/Data/maps/254/w254m.wxi	1230072	3ed76db958f20836f06f6ae8ae636a46
Program/Data/maps/254/w254o.wxi	76	f1236d2371c87efc0a33cd9f2d5d8af4
Program/Data/maps/270/ctrl270.map	48040	23248af125958c15b68c033acca4bfa4
Program/Data/maps/270/cua999.wxi	239744	e0b62fa5605e7fee2999ea0bf18b72ea
Program/Data/maps/270/w270.wxi	1230067	4bab8dbf9a48e6e8dbc66914bd619247
Program/Data/maps/270/w270m.wxi	1230068	6ac4410c131f2db330f90f02fc10b92c
Program/Data/maps/270/w270o.wxi	3583	89260eb12a48ac26736258b68f879845
Program/Data/maps/300/ctrl300.map	30760	cafd802af85ab08f158941376a0302cc
Program/Data/maps/300/cua300.wxi	182448	364fb1c9c19b72ede358a4086d5d39a1
Program/Data/maps/300/cua301.wxi	182448	364fb1c9c19b72ede358a4086d5d39a1
Program/Data/maps/300/cua999.wxi	239744	e0b62fa5605e7fee2999ea0bf18b72ea
Program/Data/maps/300/w300.wxi	787699	7a14c932b8f59b16e15350612d86d85e
Program/Data/maps/300/w300m.wxi	787704	0e788ed3f5ba5fc7fd42289dc895de6f
Program/Data/maps/300/w300o.wxi	76	f1236d2371c87efc0a33cd9f2d5d8af4
Program/Data/maps/350/ctrl350.map	48040	ab21015f6185e589846b26c634e15749
Program/Data/maps/350/cua302.wxi	1229120	996c8d79798b91fb7ac69b199f853ad1
Program/Data/maps/350/cua999.wxi	239744	e0b62fa5605e7fee2999ea0bf18b72ea
Program/Data/maps/350/w350.wxi	1230067	a98694b2ade95c2241411c9421aa31b4
Program/Data/maps/350/w350m.wxi	1230068	92bc0e59adeae4a36c5e92c281b6f0ee
Program/Data/maps/350/w350o.wxi	76	f1236d2371c87efc0a33cd9f2d5d8af4
Program/Data/maps/351/ctrl351.map	48040	11306420250e611fbccf5b38f97ca329
Program/Data/maps/351/ctrl451.map	19240	7902cd9dccd13c514f2b9a2d37bca838
Program/Data/maps/351/cua303.wxi	191670	f5661f08d0c6bd403360afccfa69f011
Program/Data/maps/351/cua304.wxi	234685	dcfe434247c047ba7391aa8376127594
Program/Data/maps/351/cua308.wxi	389068	cf459f53e60b95db133be4a7f6020b2a
Program/Data/maps/351/cua999.wxi	239744	e0b62fa5605e7fee2999ea0bf18b72ea
Program/Data/maps/351/w351.wxi	1230067	6aa618dc6389ddf3f98272d3c3a2f217
Program/Data/maps/351/w351m.wxi	1230072	e35e0f3e635d96f938632cbb1bc894b6
Program/Data/maps/351/w351o.wxi	11466	425c27e381d8402eeb87719cbd7cb296
Program/Data/maps/352/ctrl352.map	26920	a92604a250a37e78073019d32222373b
Program/Data/maps/352/cua305.wxi	559440	4ec2b884c1114bad7d697755a2d49831
Program/Data/maps/352/cua306.wxi	344744	1bf77913877e6b039d240bdb834d2a88
Program/Data/maps/352/cua307.wxi	219482	f78e62b4284398eb72b3c42257ba98b0
Program/Data/maps/352/cua309.wxi	358782	65c187f419fd688f978a147a2784120b
Program/Data/maps/352/cua999.wxi	239744	e0b62fa5605e7fee2999ea0bf18b72ea
Program/Data/maps/352/w352.wxi	689399	8d1ae852f69bb782d5ff1987818c3d43
Program/Data/maps/352/w352m.wxi	689396	4b7dc11b0e2fccdb83f48b4a74b61324
Program/Data/maps/352/w352o.wxi	7694	1c10768e5c3cb73ebed8e3240892458f
Program/Data/maps/370/ctrl370.map	48040	7cea892fda2d50503594dc87e42d36a3
Program/Data/maps/370/cua999.wxi	239744	e0b62fa5605e7fee2999ea0bf18b72ea
Program/Data/maps/370/w370.wxi	1230067	1fa94e5e354904098ce76b6b88dc5680
Program/Data/maps/370/w370m.wxi	1230068	f00b60fea0a688b7278e30c2140e98e5
Program/Data/maps/370/w370o.wxi	3583	89260eb12a48ac26736258b68f879845
Program/Data/maps/400/ctrl400.map	17320	46f2e36dea8bb99277662cc13fb4cf3f
Program/Data/maps/400/cua401.wxi	291550	1fee94fcb91183b3a6ec4919b8e50f56
Program/Data/maps/400/cua402.wxi	262881	2207a44b0d44f9f006f55eb0694fb517
Program/Data/maps/400/cua999.wxi	239744	e0b62fa5605e7fee2999ea0bf18b72ea
Program/Data/maps/400/w400.wxi	443635	256e0748784a61a42144a47d38713a0d
Program/Data/maps/400/w400m.wxi	443636	cf4c13f76a81b507cb01b819420c450a
Program/Data/maps/400/w400o.wxi	182541	7315f6eaadd641aac1688cd3f3bdbf94
Program/Data/maps/451/ctrl451.map	19240	ad01b1f265a054749ddf7a1ab5c8b164
Program/Data/maps/451/cua403.wxi	200256	4cfaf858a5270e9c209968592806e2c7
Program/Data/maps/451/cua999.wxi	239744	e0b62fa5605e7fee2999ea0bf18b72ea
Program/Data/maps/451/w451.wxi	492787	e0bea98179e971f297e062dbfd650b0e
Program/Data/maps/451/w451m.wxi	492788	8c98fd4b9749e9f1e07b790b44760caa
Program/Data/maps/451/w451o.wxi	4604	caa1d06d31a68a4e0ae0c986e88c185e
Program/Data/maps/452/ctrl452.map	19240	5be15b8961c5fe9ed7250458001e719e
Program/Data/maps/452/cua404.wxi	200321	2237f7d3a9da6a46fac2aee24ad94cb8
Program/Data/maps/452/cua999.wxi	239744	e0b62fa5605e7fee2999ea0bf18b72ea
Program/Data/maps/452/w452.wxi	492787	235eeb5be0e73a5434ad2847bdd05b80
Program/Data/maps/452/w452m.wxi	492792	f8cfa6a18ffd31425083aad39ecb32bd
Program/Data/maps/452/w452o.wxi	4604	caa1d06d31a68a4e0ae0c986e88c185e
Program/Data/maps/453/ctrl453.map	19240	8ce45b751af698e2e95b5a45daa15c1c
Program/Data/maps/453/cua405.wxi	191449	9ed7c0fb309a63f3cb8c51d72fef8419
Program/Data/maps/453/cua999.wxi	239744	e0b62fa5605e7fee2999ea0bf18b72ea
Program/Data/maps/453/w453.wxi	492787	2434d34787358f05f728764203478729
Program/Data/maps/453/w453m.wxi	492788	dd35cc9773bad549d933d668a5d0bb43
Program/Data/maps/453/w453o.wxi	4604	caa1d06d31a68a4e0ae0c986e88c185e
Program/Data/maps/454/ctrl454.map	19240	ec52c46e3373389eb4324b36e5ce9b05
Program/Data/maps/454/cua406.wxi	186820	7adebb7d6c2d86c44edc7a715df0312b
Program/Data/maps/454/cua999.wxi	239744	e0b62fa5605e7fee2999ea0bf18b72ea
Program/Data/maps/454/w454.wxi	492787	847b020e4feeb12dbf297c0d5dd4d112
Program/Data/maps/454/w454m.wxi	492788	1a6a5d48eb4c6ba6bd6b96f994c6eb99
Program/Data/maps/454/w454o.wxi	4604	caa1d06d31a68a4e0ae0c986e88c185e
Program/Data/maps/455/ctrl455.map	19240	38bb5b19ae4f9a5936a3ebad9425dad3
Program/Data/maps/455/cua407.wxi	265390	07e151f6dfbcd31b51204cb82c44ff6c
Program/Data/maps/455/cua999.wxi	239744	e0b62fa5605e7fee2999ea0bf18b72ea
Program/Data/maps/455/w455.wxi	492787	5f5872409f52137ab60295658837c649
Program/Data/maps/455/w455m.wxi	492788	5deb6a9e710507283631a5d1d093538a
Program/Data/maps/455/w455o.wxi	4604	caa1d06d31a68a4e0ae0c986e88c185e
Program/Data/maps/456/ctrl456.map	19240	667685cc032bf42afa1da8a67f101225
Program/Data/maps/456/cua408.wxi	187804	463e26353b4d8f8e2c27c8ac601bb74d
Program/Data/maps/456/cua999.wxi	239744	e0b62fa5605e7fee2999ea0bf18b72ea
Program/Data/maps/456/w456.wxi	492787	354097a8d718c4c3bd622050be0c76bc
Program/Data/maps/456/w456m.wxi	492792	9a5e6f2ae595adb452b3940e3916c15f
Program/Data/maps/456/w456o.wxi	4604	caa1d06d31a68a4e0ae0c986e88c185e
Program/Data/maps/457/ctrl457.map	19240	745fbdd3dddcad239f1b9328eeed1e9c
Program/Data/maps/457/cua409.wxi	233224	f8ea03ab7d4d5ab844a38cf648a45567
Program/Data/maps/457/cua417.wxi	429354	2198cf3ec3dee581861a620303230548
Program/Data/maps/457/cua999.wxi	239744	e0b62fa5605e7fee2999ea0bf18b72ea
Program/Data/maps/457/w457.wxi	492787	98758499edf1e5b1c78b4b65b3bf5478
Program/Data/maps/457/w457m.wxi	492788	83303bfdcb21fc1796073b244006e58f
Program/Data/maps/457/w457o.wxi	4604	caa1d06d31a68a4e0ae0c986e88c185e
Program/Data/maps/458/ctrl458.map	19240	4764cbe0be5e29fbf4f06545a9574107
Program/Data/maps/458/cua410.wxi	187028	f026f1ece8956840b8002966a224c81b
Program/Data/maps/458/cua999.wxi	239744	e0b62fa5605e7fee2999ea0bf18b72ea
Program/Data/maps/458/w458.wxi	492787	b02272b83cd18b1dc12b6fef90ae7e99
Program/Data/maps/458/w458m.wxi	492788	65060a3b3ed67fa535eb1998c69869a1
Program/Data/maps/458/w458o.wxi	4604	caa1d06d31a68a4e0ae0c986e88c185e
Program/Data/maps/459/ctrl459.map	19240	23f54be7b2651aea83eb098bac7d9ca5
Program/Data/maps/459/cua411.wxi	189412	4e663506518749294f8e03ca41afadd3
Program/Data/maps/459/cua999.wxi	239744	e0b62fa5605e7fee2999ea0bf18b72ea
Program/Data/maps/459/w459.wxi	492787	b49650672f18afca89ab095219e4616e
Program/Data/maps/459/w459m.wxi	492788	517f3f4861d2828ba64b794b2f89b2f5
Program/Data/maps/459/w459o.wxi	4604	caa1d06d31a68a4e0ae0c986e88c185e
Program/Data/maps/460/ctrl460.map	19240	c7498df7dacc709d6d38d8be0a6cf6c6
Program/Data/maps/460/cua414.wxi	177324	75bb00ec002c8f931b8a9ce4b370da22
Program/Data/maps/460/cua999.wxi	239744	e0b62fa5605e7fee2999ea0bf18b72ea
Program/Data/maps/460/w460.wxi	492787	6090c236425400a058af85db1430b4ff
Program/Data/maps/460/w460m.wxi	492788	a4da35f3b71729c8ea4d5ab2c758dde2
Program/Data/maps/460/w460o.wxi	4604	caa1d06d31a68a4e0ae0c986e88c185e
Program/Data/maps/461/ctrl461.map	17320	4f6a4b1feb2adb0590364a942d884fd5
Program/Data/maps/461/cua412.wxi	383242	b92ebfcfc616f61cca822256582628f8
Program/Data/maps/461/cua415.wxi	230184	b1c1914147a9a7628f59d453bfdc1647
Program/Data/maps/461/cua999.wxi	239744	e0b62fa5605e7fee2999ea0bf18b72ea
Program/Data/maps/461/w461.wxi	443635	a4b347f928f5dc1f43a72cb8f7b029d9
Program/Data/maps/461/w461m.wxi	443640	3b04afbf425e607952158685f26c4346
Program/Data/maps/461/w461o.wxi	30486	73db18674bbbf237bbed76790438a5e6
Program/Data/maps/462/ctrl462.map	48040	0b3edb3accfa3f52fc864db1cea7ae9a
Program/Data/maps/462/cua413.wxi	194730	cc899e8081d863ca9e4d76dd4edf0d4e
Program/Data/maps/462/cua999.wxi	239744	e0b62fa5605e7fee2999ea0bf18b72ea
Program/Data/maps/462/w462.wxi	1230067	48aa5893de3e47e763a1b8acc962bf4e
Program/Data/maps/462/w462m.wxi	1230072	d245257907b52faa71e14a635d9b892d
Program/Data/maps/462/w462o.wxi	4604	caa1d06d31a68a4e0ae0c986e88c185e
Program/Data/maps/463/ctrl463.map	14440	9314b8b45404f8d58886dcc767623cfd
Program/Data/maps/463/cua999.wxi	239744	e0b62fa5605e7fee2999ea0bf18b72ea
Program/Data/maps/463/w463.wxi	369907	e8229b0d9afbaca3260ea97774f63396
Program/Data/maps/463/w463m.wxi	369912	52cd03c770cb73ec53b02f8e0f25dda9
Program/Data/maps/463/w463o.wxi	4604	caa1d06d31a68a4e0ae0c986e88c185e
Program/Data/maps/500/ctrl500.map	48040	63f77302e3d5a8f84ca6dddaaf27ddbb
Program/Data/maps/500/cua501.wxi	241740	c08f93843ff064ae0ef7d2b7c0443cab
Program/Data/maps/500/cua502.wxi	528058	3577bff785ce8cce4f3714996374f482
Program/Data/maps/500/cua999.wxi	239744	e0b62fa5605e7fee2999ea0bf18b72ea
Program/Data/maps/500/w500.wxi	1230067	2f59acaa6d891159874ec85beec48d18
Program/Data/maps/500/w500m.wxi	1230072	da2a8493b369258aa2758ea024246305
Program/Data/maps/500/w500o.wxi	11466	425c27e381d8402eeb87719cbd7cb296
Program/Data/maps/550/ctrl550.map	12360	4dc52c7a573909eee377a1108daf428d
Program/Data/maps/550/cua505.wxi	342688	8d4ba36e01102d0af8f87a363c448383
Program/Data/maps/550/cua506.wxi	829831	694c44b1c65b9dc95c89c6728dc95725
Program/Data/maps/550/cua507.wxi	248666	bf0801ffac3230b182bcb0731631a94b
Program/Data/maps/550/cua508.wxi	194400	eca93e562f488d08ae1b9b6bd08822c4
Program/Data/maps/550/cua510.wxi	184002	d2f0b70f561c5f8c07730f5c52be3bbb
Program/Data/maps/550/cua999.wxi	239744	e0b62fa5605e7fee2999ea0bf18b72ea
Program/Data/maps/550/w550.wxi	316659	57afc1d0a078aa96053c2e16059f494c
Program/Data/maps/550/w550m.wxi	316664	9d936d2ab5083feb90f639e3d385969c
Program/Data/maps/550/w550o.wxi	3583	89260eb12a48ac26736258b68f879845
Program/Data/maps/552/ctrl552.map	48040	1df92f12381b673b6fe1d4720e5f2d03
Program/Data/maps/552/cua504.wxi	312290	b7c02be25c2cb2f59a1d4f91e3d9e5af
Program/Data/maps/552/cua999.wxi	239744	e0b62fa5605e7fee2999ea0bf18b72ea
Program/Data/maps/552/w552.wxi	1230067	d4615c6381809510cfc453dbd9801fe0
Program/Data/maps/552/w552m.wxi	1230072	3d767ce8ad779e224fff00e7e6a26f95
Program/Data/maps/552/w552o.wxi	3583	89260eb12a48ac26736258b68f879845
Program/Data/maps/553/ctrl553.map	48040	b709096e1f63c5a3b13b1883c99a0ff2
Program/Data/maps/553/cua999.wxi	239744	e0b62fa5605e7fee2999ea0bf18b72ea
Program/Data/maps/553/w553.wxi	1230067	4f363e3b4fa81b2eb4434cc79b20bb99
Program/Data/maps/553/w553m.wxi	1230072	1483eaa6b19a0eadc1cf4ec80fbd5c1f
Program/Data/maps/553/w553o.wxi	3583	89260eb12a48ac26736258b68f879845
Program/Data/maps/554/ctrl554.map	48040	28bf3e08550c3167d14be64ac1623d1d
Program/Data/maps/554/cua509.wxi	381447	cf25404a8635435c14084078d81f0fb0
Program/Data/maps/554/cua999.wxi	239744	e0b62fa5605e7fee2999ea0bf18b72ea
Program/Data/maps/554/w554.wxi	1230067	e2030be0f5f021190fc8072f02a41fc2
Program/Data/maps/554/w554m.wxi	1230072	23d6fe649942b14a2deb84dde10d1b76
Program/Data/maps/554/w554o.wxi	8571	18eb9c830c7b3b941520a7b76bc097c9
Program/Data/maps/554/wcua509.wxi	495558	be48cb1b3c1541109881f830fce09779
Program/Data/maps/555/ctrl555.map	48040	f27ff3641d358f72281a475f41bd93cd
Program/Data/maps/555/cua503.wxi	534864	e93c9ec165827acf3d4e7156f142f25f
Program/Data/maps/555/cua999.wxi	239744	e0b62fa5605e7fee2999ea0bf18b72ea
Program/Data/maps/555/w555.wxi	1230067	f42c7b69918ce937f99422da005d09af
Program/Data/maps/555/w555m.wxi	1230072	e391e61eb2020cd5636a4365a6761233
Program/Data/maps/555/w555o.wxi	76	f1236d2371c87efc0a33cd9f2d5d8af4
Program/Data/maps/556/ctrl556.map	48040	33e046814ea0c25375e1659da6352352
Program/Data/maps/556/cua502.wxi	528058	3577bff785ce8cce4f3714996374f482
Program/Data/maps/556/cua999.wxi	239744	e0b62fa5605e7fee2999ea0bf18b72ea
Program/Data/maps/556/w556.wxi	1230067	c8f4a18454d81b211d74410478352cda
Program/Data/maps/556/w556m.wxi	1230072	053ccc7a10688460454783b2c7eb50d1
Program/Data/maps/556/w556o.wxi	3583	89260eb12a48ac26736258b68f879845
Program/Data/maps/557/ctrl557.map	48040	f680d7ee80eb9d753810d80bc5e35ee2
Program/Data/maps/557/cua999.wxi	239744	e0b62fa5605e7fee2999ea0bf18b72ea
Program/Data/maps/557/w557.wxi	1230067	499cd3b12d8a8b55610f0dc8e45edc44
Program/Data/maps/557/w557m.wxi	1230072	0d3d4f26f4d8f8144038dc09e02d974f
Program/Data/maps/557/w557o.wxi	3583	89260eb12a48ac26736258b68f879845
Program/Data/maps/558/ctrl558.map	48040	501fa679fd1354a1405b5ded6dfb52ac
Program/Data/maps/558/cua999.wxi	239744	e0b62fa5605e7fee2999ea0bf18b72ea
Program/Data/maps/558/w558.wxi	1230067	8a4b78d214df9b18c59f54caa7e4a0f5
Program/Data/maps/558/w558m.wxi	1230072	43696ff798b6e4b1da4d35151bd2e833
Program/Data/maps/558/w558o.wxi	3583	89260eb12a48ac26736258b68f879845
Program/Data/maps/600/ctrl600.map	48040	6a4ac3714b8d1b0308bd20266d59ffd9
Program/Data/maps/600/cua601.wxi	644302	08b19d1ae963f041cf166fcbfa47e90e
Program/Data/maps/600/cua602.wxi	538434	36ac69594941a1dc8140bbf3e335d7c4
Program/Data/maps/600/cua603.wxi	541292	96a637c243bc803ab6021c663f24cd34
Program/Data/maps/600/cua608.wxi	382916	4d2234f9202d6ba0b3d1eff48db8e26b
Program/Data/maps/600/cua611.wxi	251356	91a3e46dff8a1a7c8163559371459ad2
Program/Data/maps/600/cua620.wxi	243110	716cc34050180511b6c909e6debc406c
Program/Data/maps/600/cua999.wxi	239744	e0b62fa5605e7fee2999ea0bf18b72ea
Program/Data/maps/600/w600.wxi	1230067	b531cae42dc0bdf86a94fd5ec36c6538
Program/Data/maps/600/w600m.wxi	1230068	a805bbbea7b92a6a763383975a56fd85
Program/Data/maps/600/w600o.wxi	470491	2d93ef7e69ca9ee51894cb73f472e214
Program/Data/maps/650/ctrl650.map	24040	6a7b4dc33bde9cad60969ccb140e1134
Program/Data/maps/650/cua604.wxi	326586	2c98883edde894d6f0301e993102669a
Program/Data/maps/650/cua605.wxi	353846	a6e78731cdd99e349b619f8ccaf29dc7
Program/Data/maps/650/cua606.wxi	205478	28a54ca67c315e79ca3656cbc54cac83
Program/Data/maps/650/cua608.wxi	382916	4d2234f9202d6ba0b3d1eff48db8e26b
Program/Data/maps/650/cua609.wxi	165112	3c2819bd038c343f17fdd35fb53333cd
Program/Data/maps/650/cua619.wxi	1324822	710e1f9c7d768ab4dba5dcac17dddc6d
Program/Data/maps/650/cua999.wxi	239744	e0b62fa5605e7fee2999ea0bf18b72ea
Program/Data/maps/650/w650.wxi	615667	80e94e1af5ef860e7ee07af7641dac74
Program/Data/maps/650/w650m.wxi	615668	26510bec9eef9facdac0a260626f119a
Program/Data/maps/650/w650o.wxi	13584	539e730ce8deef65be5c1a111a9c17ff
Program/Data/maps/cua999.wxi	239744	e0b62fa5605e7fee2999ea0bf18b72ea
Program/Data/misc/credits.txt	2192	ddb8d95f9e060e8b03537d346db3ab62
Program/Data/misc/gilbert.nfo	10	6e4e094372bd59ba5a0e6506abcebe15
Program/Data/misc/help.txt	100	798e738cc3f40ffc46f39a1dc160975a
Program/Data/misc/language.txt	738	a23e57d9dadd70bee4106982464f879c
Program/Data/mpg/be_girl.mpg	8295943	4145aa98a756e94bc92b176d1e6acbc5
Program/Data/mpg/be_girl2.mpg	2097052	3dbbb67768f9fc3bbcbc992a4c994f8b
Program/Data/mpg/be_life.mpg	3253584	77576dc4e5dfa8f3d61f449169cf6353
Program/Data/mpg/be_panto.mpg	3875976	bd69ed0467bb0fb3e9ee84b8e54b1c9c
Program/Data/mpg/be_panto2.mpg	9447292	4a798937384ba3da5b8d76342636837d
Program/Data/mpg/be_ride.mpg	2633516	1ee69ee6190752a98bd77e541ff05d27
Program/Data/mpg/de_camel.mpg	2998124	dc77b17ebed52da0b3f77ef99ef8bc35
Program/Data/mpg/de_icebl.mpg	9194156	b74558b235a164d034095738143df725
Program/Data/mpg/fo_bub.mpg	2749636	7096f5e3a55d771be668af5be3b5dd9b
Program/Data/mpg/fo_cut.mpg	7050624	d4c8fcc5c821de34005c40262f3b1a70
Program/Data/mpg/fo_house.mpg	1597752	d45656fea338960f3785edc9a0c11eef
Program/Data/mpg/fo_lady.mpg	1428220	390a9190ab0a3202a3385f9b1bc86fa1
Program/Data/mpg/fo_lady2.mpg	5222936	c267b7c570519e13242053edd2cf689b
Program/Data/mpg/fo_timb.mpg	16813780	2d916608d8bce5868bd8379a78ac6f02
Program/Data/mpg/gl_grow.mpg	35857040	4fb27f9b2d7512a20f85691bdbd65d1f
Program/Data/mpg/gl_kiosk.mpg	13543908	369fdaa5f67b12e00905a930cefcfc49
Program/Data/mpg/gl_lava.mpg	3646060	796110453a6c5db8d38d1f480fa01d5a
Program/Data/mpg/gl_melt.mpg	8906180	f077d6fc220a34f0965dd3c7b1dd51fa
Program/Data/mpg/gl_slip.mpg	6769620	95e555479be2ec92cb841a3278fa9e6e
Program/Data/mpg/intro.mpg	26054396	4a6bfb5710d68f01ada0e09d960770cd
Program/Data/mpg/la_close.mpg	2041316	5a68acffc2777c88d430815560a280d6
Program/Data/mpg/la_down.mpg	5083596	134d586e145d514efa6870d2a4bdeb9f
Program/Data/mpg/la_lask.mpg	2185304	e103063587b3f1501de254d46feebf84
Program/Data/mpg/la_mail1.mpg	7419880	ce2d835cd74264d187974ded96e8efa6
Program/Data/mpg/la_mail2.mpg	11832340	72b9efb010fa40643e3b50f7935f61cd
Program/Data/mpg/la_mail3.mpg	3706444	f7158cc5ae1cea0e24dc70ebec48aee8
Program/Data/mpg/la_mail4.mpg	4098920	054e2e5d62e33161dc64b33e1263d908
Program/Data/mpg/la_open.mpg	1878756	be9b35aff566019ab79ffd168c24ddcd
Program/Data/mpg/la_sick.mpg	1983256	a774b7ef4a0811d1a52ea99baab32f64
Program/Data/mpg/la_switch.mpg	4126788	85b5d2eef548faa24b515f8dfcbce4aa
Program/Data/mpg/la_up.mpg	4914064	05492b9733936c68a4fa8a0b83efd493
Program/Data/mpg/logo1.mpg	2150400	82b16533a15c1bd62c5230285f41ed9f
Program/Data/mpg/logo2.mpg	2150404	5dfe1a13af2afeef0f421111779a7906
Program/Data/mpg/logo3.mpg	2174980	a232f252a434235ab8ed0a1ace8137b6
Program/Data/mpg/mi_do_gl.mpg	10759407	0faaab81a69e5cffe7b26fa64cc4853f
Program/Data/mpg/mi_door.mpg	4830460	fedd8e1318787ac402c273e619e08d27
Program/Data/mpg/mi_down.mpg	1476984	42920e609ba18dd879c5dbe171242b99
Program/Data/mpg/mi_look.mpg	692032	3c5010ed750d66df1c775761de9264b7
Program/Data/mpg/mi_rise.mpg	2547588	f8831e1f30227d0c56b2d6bc43d69b56
Program/Data/mpg/mi_start.mpg	2157436	684b3012f39585e9cde6255e28c81066
Program/Data/mpg/outro.mpg	18046944	724fcf55b1dccb439f7098b1ebb6c1cd
Program/Data/mpg/pi_fish.mpg	1990228	296e6c55140bdc2351b17dd2a2c35c6f
Program/Data/Sounds/Dialog/1002.wav	44158	f48a416f0f07d1418345c980d368caa0
Program/Data/Sounds/Dialog/1003.wav	44158	f48a416f0f07d1418345c980d368caa0
Program/Data/Sounds/Dialog/1004.wav	44158	f48a416f0f07d1418345c980d368caa0
Program/Data/Sounds/Dialog/1005.wav	52214	f2d6ba77699fe4de48916a34bc993dd4
Program/Data/Sounds/Dialog/1006.wav	35580	b35cd0e1b3825d1fbfe29f19ddf33c8a
Program/Data/Sounds/Dialog/1007.wav	48434	b9aec0ebe3e1d1409a1ef134ebc8cfaa
Program/Data/Sounds/Dialog/1008.wav	39952	f37e07c86830efbe111dc0865998cc1c
Program/Data/Sounds/Dialog/1009.wav	51458	bd092a894ea80e1f63f4a02e41c04fa6
Program/Data/Sounds/Dialog/1010.wav	35580	b997def9c3fcf5a774be6be3f48e69c8
Program/Data/Sounds/Dialog/1011.wav	62044	d2203d063f62948bd9f06f2381906f6e
Program/Data/Sounds/Dialog/1013.wav	47678	1aeee34614642b15682f5d74dd8645f2
Program/Data/Sounds/Dialog/1014.wav	90774	0b3e2f1a039ee5cdbf55d363cb3fb182
Program/Data/Sounds/Dialog/1015.wav	44654	e2ab1df43524083dbac48d2dfc96785d
Program/Data/Sounds/Dialog/1016.wav	30288	a69e197dfd9b45187b1a5237460e987b
Program/Data/Sounds/Dialog/1017.wav	29532	2f50f6dfe873d6c2ecff726960137b64
Program/Data/Sounds/Dialog/1018.wav	58262	707072a7d842b74a98a7fd6f881357bc
Program/Data/Sounds/Dialog/1019.wav	37848	4250c2b9b3ee86ee9869b328e7b9443f
Program/Data/Sounds/Dialog/1020.wav	41628	79d17223257a9d3bcf0e3ab2b80145f7
Program/Data/Sounds/Dialog/1021.wav	27264	362e096bf07e3829d61fe26914d8275c
Program/Data/Sounds/Dialog/1022.wav	32556	37a7b6a6e3b453608b48791beed1cb42
Program/Data/Sounds/Dialog/1023.wav	41628	afa737c517d3986aadf4d9ef1dc59b83
Program/Data/Sounds/Dialog/1024.wav	50702	b227ac7b165197ae993d58500b121c48
Program/Data/Sounds/Dialog/1025.wav	56750	5659b66d75d75497f210ad0f84453fb5
Program/Data/Sounds/Dialog/1026.wav	32556	62e6e613c0f1c04a3565c88daa12ca04
Program/Data/Sounds/Dialog/1027.wav	65068	a598effc7e019637ee608c7f52b82b40
Program/Data/Sounds/Dialog/1028.wav	49946	8e8c081a32ded051b99d3f876d29beb4
Program/Data/Sounds/Dialog/1029.wav	36336	82b003b1761f2d3e4bc843c957cfad6e
Program/Data/Sounds/Dialog/1030.wav	36336	cacf3100f861d90d0522bd0f386d85dd
Program/Data/Sounds/Dialog/10303.wav	102116	931e09045580263a518f47d4157cda3c
Program/Data/Sounds/Dialog/10305.wav	59776	b1a4e12cc5331acad3da2d7c6f1779c8
Program/Data/Sounds/Dialog/10307.wav	170918	c94c400fe835a30f750fb3757c93cf5b
Program/Data/Sounds/Dialog/1031.wav	36336	9b516069b7598250cb30a30f2c317169
Program/Data/Sounds/Dialog/10310.wav	40116	d93823183296e3a5b2671ac816304005
Program/Data/Sounds/Dialog/10313.wav	61288	a0b418f6ec9ecf60183b376467a87539
Program/Data/Sounds/Dialog/10316.wav	81702	27d1162e15882efa01880236077be793
Program/Data/Sounds/Dialog/10317.wav	109676	d1ab88709c891f9b3aee5dfa0cf66045
Program/Data/Sounds/Dialog/1032.wav	22728	aa0c72fb6d2167c81b81d3c56f3fc84f
Program/Data/Sounds/Dialog/10321.wav	68092	aaff7a78f411c8ef901ebe8c779a96c3
Program/Data/Sounds/Dialog/10323.wav	89262	fe67d7f8ccda2e294d440e8fb051b2e3
Program/Data/Sounds/Dialog/10325.wav	70360	e3c05f2e735c9cc57a441ca142d91266
Program/Data/Sounds/Dialog/10327.wav	124798	154ee176b3efab71c524b0741e32c5f5
Program/Data/Sounds/Dialog/10329.wav	44158	f48a416f0f07d1418345c980d368caa0
Program/Data/Sounds/Dialog/1033.wav	53726	82d7d509482bc6c3804b989d3841a79e
Program/Data/Sounds/Dialog/10330.wav	71116	2277cc48d51cde9fe8a3bbfeb4ba8aac
Program/Data/Sounds/Dialog/10332.wav	39362	bd3fcd5692f1105b45267d7977b9bdcc
Program/Data/Sounds/Dialog/10334.wav	47678	9a1deca3dc2f9eb0268b2f6e5016ff13
Program/Data/Sounds/Dialog/10335.wav	83214	5f7bb7654015d3b7f5967a481b31004a
Program/Data/Sounds/Dialog/10336.wav	86238	3d7ae9c26d3c2e30eab6f993ce7c296e
Program/Data/Sounds/Dialog/10339.wav	75652	cfac08f2277b2e5545b9c29fba03af64
Program/Data/Sounds/Dialog/1034.wav	34068	168bab7de8b34aba045688bd93ed590a
Program/Data/Sounds/Dialog/10341.wav	68848	f9c99cb9d1ec7981341649d7ceaf0e89
Program/Data/Sounds/Dialog/10343.wav	39360	ad3aec0b9f112f72c04acbb4f2a6ab36
Program/Data/Sounds/Dialog/10345.wav	70360	2577bab93def2133fe086c72bfd674b6
Program/Data/Sounds/Dialog/10347.wav	124798	e43eef6e1b971e839475c633c562fccc
Program/Data/Sounds/Dialog/10348.wav	124042	94e8fbbbd9a35578cea62a1543cacc23
Program/Data/Sounds/Dialog/10349.wav	80190	9ca819ae245c394fb5be955fd28b49dd
Program/Data/Sounds/Dialog/1035.wav	36336	b54d5e4c3a3ed9a1a8184542682be9d1
Program/Data/Sounds/Dialog/10351.wav	59776	f5de5c2faabf57103c31cf730b0a1799
Program/Data/Sounds/Dialog/10353.wav	96822	ab9fa625ae08ebd1e386d416fa09076c
Program/Data/Sounds/Dialog/10355.wav	84726	f623e92b4fa255ec5c15a712a83bc5f2
Program/Data/Sounds/Dialog/10358.wav	164870	78c0d3fb5bd93fd65be8779ac47701c7
Program/Data/Sounds/Dialog/1036.wav	44158	f48a416f0f07d1418345c980d368caa0
Program/Data/Sounds/Dialog/10360.wav	65068	06a01acfdd1b6be0171497abf2f234f4
Program/Data/Sounds/Dialog/1037.wav	22232	ede631a9f3909fa295c5fdc7eeadfee5
Program/Data/Sounds/Dialog/1038.wav	77164	0f61a1e1c4022090988e623e83bb99f8
Program/Data/Sounds/Dialog/1039.wav	69604	437ddde399bdba0098fd4549cd580e0b
Program/Data/Sounds/Dialog/1040.wav	39360	54801d4e08ed5e013d64811b5ee15624
Program/Data/Sounds/Dialog/1041.wav	36336	316d9d1acc539ec5862de3966548fb7b
Program/Data/Sounds/Dialog/1042.wav	24996	19b0a08782d3e0e52af77d2102221276
Program/Data/Sounds/Dialog/1043.wav	51458	3f1460ab61919553adea125c3de72010
Program/Data/Sounds/Dialog/1044.wav	28020	322cbde7784c551a6ad5c3016cf65b40
Program/Data/Sounds/Dialog/1045.wav	28020	082a9927b989472cd15e536bf2588984
Program/Data/Sounds/Dialog/1046.wav	47678	f3b45d0ff35dae1ba9fdc9f0c5232e9d
Program/Data/Sounds/Dialog/1047.wav	49946	fdf89fa00c19f86baa373689fa3f4e68
Program/Data/Sounds/Dialog/1048.wav	104384	f0d0419c986d814c8f144bd4aac2cae5
Program/Data/Sounds/Dialog/1049.wav	59846	674cf10a958a33eab142d671124d5c85
Program/Data/Sounds/Dialog/1050.wav	39038	de2ae6db65f7918d30ba330aa3be4374
Program/Data/Sounds/Dialog/1051.wav	31240	a05d78ec5631b24646abe84f3f5359a3
Program/Data/Sounds/Dialog/1052.wav	26636	05791510489cce2376f11d8a2c4a262f
Program/Data/Sounds/Dialog/1053.wav	28762	f286e72584cec39700550cb401ac40d9
Program/Data/Sounds/Dialog/1054.wav	32752	0ad2e1873a3aa1e62c1313eb7d872a9e
Program/Data/Sounds/Dialog/1055.wav	38070	f5df5a1025499325a9c1987737f145e2
Program/Data/Sounds/Dialog/1056.wav	32486	87f53816813233a191c570b5c42dd57b
Program/Data/Sounds/Dialog/1057.wav	80980	d5a8ace8e88bbfae5f081792a505032f
Program/Data/Sounds/Dialog/1058.wav	55088	efa515dbfca0551147828a712ea2158c
Program/Data/Sounds/Dialog/1059.wav	44452	8c0e3c81a359f81d9e01424526ff5f2a
Program/Data/Sounds/Dialog/1060.wav	40196	85d1b3920d1c4a035798b5d0098f23b5
Program/Data/Sounds/Dialog/1061.wav	69978	5833544e2328f7f369d89bf615b17c4e
Program/Data/Sounds/Dialog/1062.wav	24508	27e8a8d147b782bea4ebdb02f66b3340
Program/Data/Sounds/Dialog/1063.wav	46578	3f9f64d7fcbe1e588bee30e7c5c16005
Program/Data/Sounds/Dialog/1064.wav	47110	11e968835a375fa7edf23f54e7c1b14c
Program/Data/Sounds/Dialog/1065.wav	22114	f2ce6eb01e200f9594e0d293b86ee1e8
Program/Data/Sounds/Dialog/1066.wav	19988	6262f3151f93d7f63b7b89c6002f8f81
Program/Data/Sounds/Dialog/1067.wav	21582	492faf15163ea0c6f71bfc5f6f5618d0
Program/Data/Sounds/Dialog/1068.wav	15734	122d2c5ba5cff3d7205a9e5e03f0eae4
Program/Data/Sounds/Dialog/1069.wav	28230	fed3e87374c2b04981bb6cf0ad8a6e7f
Program/Data/Sounds/Dialog/1070.wav	71574	676b95d463654b1f61855d0d5f790331
Program/Data/Sounds/Dialog/1071.wav	49504	46b91f25ce8c880aafd748a310f7c694
Program/Data/Sounds/Dialog/1072.wav	44716	9790fe5103a84fa64c6697a6725e9b53
Program/Data/Sounds/Dialog/1073.wav	46046	f90f2b12fb6cdeea9b871fbfdd76bf4a
Program/Data/Sounds/Dialog/1074.wav	40196	a406962af3cf4b2cf5be65d668586ba5
Program/Data/Sounds/Dialog/1075.wav	33814	cbfc3753f2de732db565e90d66f8fab1
Program/Data/Sounds/Dialog/1076.wav	30890	03e372fec8d12256a7d0c0fc7446ee3f
Program/Data/Sounds/Dialog/1077.wav	67850	0cc2648b0908a0b893519414067ab8f9
Program/Data/Sounds/Dialog/1078.wav	22114	04a29c264f010e14ca54a45afd718e50
Program/Data/Sounds/Dialog/1079.wav	38600	2e570a2331ee6fc835deb6acb19c291a
Program/Data/Sounds/Dialog/1080.wav	43388	1e7f8e40f9c213f3efda959fb30839a9
Program/Data/Sounds/Dialog/1081.wav	28762	d8bc67ca5f8c2fa1f242b293e8489443
Program/Data/Sounds/Dialog/1082.wav	44718	f8b612c721e42cbbe2ca68291e976e60
Program/Data/Sounds/Dialog/1083.wav	27432	d7621bbe9be858218bd3a65e00941e6f
Program/Data/Sounds/Dialog/1084.wav	23976	c85f729fcca19c6c28889d892e59706d
Program/Data/Sounds/Dialog/1085.wav	80348	e6468cfe90e0022d76f553bd0585163a
Program/Data/Sounds/Dialog/1086.wav	49770	f7787b233373041d5582d471acb150e4
Program/Data/Sounds/Dialog/1087.wav	45248	0a92894c30504b8dfe3fa680af8f774a
Program/Data/Sounds/Dialog/1088.wav	54024	c6baa3467f4f0ee2bacf7aa0d0c94e75
Program/Data/Sounds/Dialog/1089.wav	56416	f4337f40f7db36e297ecd67730f134f5
Program/Data/Sounds/Dialog/1090.wav	50566	ce16ab7c6ccdf1694c5ec3cdb21c4058
Program/Data/Sounds/Dialog/1091.wav	46844	da2230d360a4467f06a48935eecec188
Program/Data/Sounds/Dialog/1092.wav	48972	1d32a61bdd1254a92515bd7797b63fcb
Program/Data/Sounds/Dialog/1093.wav	32220	7b40ef86cdc8d092f415c9505f68776e
Program/Data/Sounds/Dialog/1094.wav	23976	9d19fcdd5af4e8aa6fd3ccf8e8ba4450
Program/Data/Sounds/Dialog/1095.wav	34346	6a45ba1aef2c1e0b81446505d6e498ec
Program/Data/Sounds/Dialog/1096.wav	30358	a634f30156c45be6cca6ea363bddbcfb
Program/Data/Sounds/Dialog/1097.wav	38602	38f58ed24b3bce731520c395e951ec70
Program/Data/Sounds/Dialog/1098.wav	45248	689762e4ffcd2b6723f32fd1bfb795a2
Program/Data/Sounds/Dialog/1099.wav	43388	a914380b84630d38eadfb3d00fdd5d0e
Program/Data/Sounds/Dialog/1100.wav	38336	283a6caefb3e33d9f31a9c45ceae3cdc
Program/Data/Sounds/Dialog/1101.wav	32220	2c36a3a6f4905bbcce56691b0f92b03d
Program/Data/Sounds/Dialog/1102.wav	52428	f25775171dc6d3515307bca34c02f64f
Program/Data/Sounds/Dialog/1103.wav	83540	c5a80b1ad154164a7909d6e855a74f84
Program/Data/Sounds/Dialog/1104.wav	31954	45045ee656b42ac13e741320d927e9b3
Program/Data/Sounds/Dialog/1105.wav	35144	4b31069a9fc8fd01812b4bd829cbb78e
Program/Data/Sounds/Dialog/1106.wav	46046	94eebef8efaf3f5a36ccf4d73e2933bc
Program/Data/Sounds/Dialog/1107.wav	25306	6920436c72692f5ae4d2e690426768ab
Program/Data/Sounds/Dialog/1108.wav	26104	44cb289ddfdc97d5b9c2450e2b67075e
Program/Data/Sounds/Dialog/1109.wav	24242	321aeb90a40d85bb7cddd59635424a1e
Program/Data/Sounds/Dialog/1110.wav	31954	6983df08c3db1627d4d24db031820ab2
Program/Data/Sounds/Dialog/1111.wav	51364	7009eb4ca17762486e6c6d97d8c83c50
Program/Data/Sounds/Dialog/1112.wav	68116	0c5e96874a7068de18f130cb0927a9be
Program/Data/Sounds/Dialog/1113.wav	24774	4e8d331f7a6dbe713057f390ef790b2d
Program/Data/Sounds/Dialog/1114.wav	26104	c86407f03e571824fe5931c0c7c05e71
Program/Data/Sounds/Dialog/1115.wav	27698	8938ff36fe6d1b84ed4269a6eff29ac2
Program/Data/Sounds/Dialog/1116.wav	35676	f2115bc56f54c962b976bef230833d90
Program/Data/Sounds/Dialog/1117.wav	56682	d562364f398dc89324e22761c0d5fd30
Program/Data/Sounds/Dialog/1118.wav	33282	6af68fb7bbbb22f0080d91c78085fff7
Program/Data/Sounds/Dialog/1119.wav	33018	33091ca24369cdecfb13809ce61fe0bd
Program/Data/Sounds/Dialog/1120.wav	47908	9d92877db24f80fd4bad0969fa5376f8
Program/Data/Sounds/Dialog/1121.wav	35144	e63dc85121ffd9907e0ec43bf46e1d00
Program/Data/Sounds/Dialog/1122.wav	28762	8d6d9a30385439afa3cc5613add85798
Program/Data/Sounds/Dialog/1123.wav	25684	a0291b3ce488cd5b79a04b6d767d1ac7
Program/Data/Sounds/Dialog/1124.wav	64554	9270d034edc67967d51f71959bfb38b9
Program/Data/Sounds/Dialog/1125.wav	33128	395039f67a702ba99df79fd6cf0f9e50
Program/Data/Sounds/Dialog/1126.wav	34782	8a5d2f10fd0613907a24f983b5cfee1e
Program/Data/Sounds/Dialog/1127.wav	49668	ed4b07a816aa61ee667f95160f938d54
Program/Data/Sounds/Dialog/1128.wav	29818	57a4150cdd71cb44c58c2d985c50de34
Program/Data/Sounds/Dialog/1129.wav	46360	d577632683955f4cd83c3768d1069a5f
Program/Data/Sounds/Dialog/1130.wav	64556	ca239768d01a25762e93294a4c2d7e83
Program/Data/Sounds/Dialog/1131.wav	54630	af29fc33c4a067a80ae971b532494659
Program/Data/Sounds/Dialog/1132.wav	51322	58aa37007465b472479a960280bd9b99
Program/Data/Sounds/Dialog/1133.wav	82750	27af5a5095c05346e10143149ca35c52
Program/Data/Sounds/Dialog/1134.wav	67864	0f14b7ced1ad22e928d939d4b37042d4
Program/Data/Sounds/Dialog/1135.wav	59592	026e395c4e047560aecdb51a09d13288
Program/Data/Sounds/Dialog/1136.wav	48014	68cf3898175849f52f55f36328c0a337
Program/Data/Sounds/Dialog/1137.wav	51322	713e8eab5c4b73d52e5c5ff5a73c77b5
Program/Data/Sounds/Dialog/1138.wav	114178	d2d2d230b7ba3e995ab8c53b24c8eebf
Program/Data/Sounds/Dialog/1139.wav	41398	9f9d09f6adb8f3ed0b06ee8da202b90f
Program/Data/Sounds/Dialog/1140.wav	39744	aa57334780d85d44de7fd13ea29bc1f1
Program/Data/Sounds/Dialog/1141.wav	79442	2f059db1312a45f6937819315d9af57b
Program/Data/Sounds/Dialog/1142.wav	38090	78cdd46434aad32015885b280db91c50
Program/Data/Sounds/Dialog/1143.wav	76134	382e068c8eb8036d35df95e3a12322f6
Program/Data/Sounds/Dialog/1144.wav	33282	6b6f1b5b925fa9496231cf76335b315f
Program/Data/Sounds/Dialog/1145.wav	43052	8f73cf6a63c678f7406a5a8b38c464bd
Program/Data/Sounds/Dialog/1146.wav	56750	1f692410b6a1cebf9d84588893d37144
Program/Data/Sounds/Dialog/1147.wav	65824	040c6bb411918b1cf336ebbad280ab1b
Program/Data/Sounds/Dialog/1148.wav	52214	980157fa717ac2a9e72ed99e047d41f5
Program/Data/Sounds/Dialog/1149.wav	71872	941e43baacc4a10605cc6eac91353012
Program/Data/Sounds/Dialog/1150.wav	51458	5b3df76707189fa29de0354b1532d1a7
Program/Data/Sounds/Dialog/1151.wav	74140	e6c97b790d34fad4464f4e056b9075dc
Program/Data/Sounds/Dialog/11510.wav	21972	69afd1d86b8956b6c6e2dabea455d56c
Program/Data/Sounds/Dialog/11512.wav	56750	9705c84bd6f56e9a65287d342aa14f47
Program/Data/Sounds/Dialog/11514.wav	49946	7637241dcd750b89ecdc2220973aff0c
Program/Data/Sounds/Dialog/11516.wav	47678	01a7a6b5c72798ab3cd240e1afbc7f29
Program/Data/Sounds/Dialog/11518.wav	111188	4feff6d7ad620b36ef13e00c45296e73
Program/Data/Sounds/Dialog/1152.wav	48434	34256e529b92cd1bc037bf627fb2842f
Program/Data/Sounds/Dialog/11520.wav	34068	ec8375307a14a25b5ce1082950f856ae
Program/Data/Sounds/Dialog/11522.wav	32556	7fbfb3877a0d4176d0b44de466075771
Program/Data/Sounds/Dialog/11524.wav	62800	283575372d6646243339102803742b42
Program/Data/Sounds/Dialog/11526.wav	66580	a2ce8018c9e0c5ec21f4beb370df5753
Program/Data/Sounds/Dialog/11528.wav	68848	4aa0acf966ce4ddf450531e787fd8d16
Program/Data/Sounds/Dialog/1153.wav	35580	293b3a117ee8eb848249a6a67c6af074
Program/Data/Sounds/Dialog/11530.wav	75652	6529086e67e13c978b616362f1e9408d
Program/Data/Sounds/Dialog/11532.wav	58262	72d67125ab1d936f5927c50776c2856b
Program/Data/Sounds/Dialog/11533.wav	88506	097f5629898ab7b21a7bd35a9b9dd870
Program/Data/Sounds/Dialog/11535.wav	294916	3f9a68b74e73baf867727c9af8d0b778
Program/Data/Sounds/Dialog/11537.wav	78678	55cf840be9eabc9ab27efd82b2512719
Program/Data/Sounds/Dialog/11539.wav	72628	153780cf9652b6b283a7b60728baac7e
Program/Data/Sounds/Dialog/1154.wav	49190	3c71c6232f4796d967a4141d9c5ee53e
Program/Data/Sounds/Dialog/11541.wav	66874	17ed424611b24d6bb9ceea86eea63d3e
Program/Data/Sounds/Dialog/11543.wav	60162	8169e9bf324af4c6476107951bdc254e
Program/Data/Sounds/Dialog/11545.wav	77164	82661a1f1ccf34d5085e21ca43e6ade9
Program/Data/Sounds/Dialog/11547.wav	80946	c89c34bd23a73c87e356e4cb7d80fa3e
Program/Data/Sounds/Dialog/11549.wav	71872	245f8464392c54046251b7e959f255ae
Program/Data/Sounds/Dialog/1155.wav	62718	532036ca32bfcb57e37051a21633859f
Program/Data/Sounds/Dialog/11551.wav	105896	37316ca5e42ec672785e33fa89bad08e
Program/Data/Sounds/Dialog/11553.wav	114968	dbce3591bf4cffd09c01aeb622f4cd16
Program/Data/Sounds/Dialog/11555.wav	59774	3be4edecc8ad1293c26cbb3728bc9484
Program/Data/Sounds/Dialog/11556.wav	62888	c58f8523d85766de1b4cc1d52a556876
Program/Data/Sounds/Dialog/11557.wav	41630	80ceb4d98d561af4b11948436950ae65
Program/Data/Sounds/Dialog/11558.wav	44654	80e417d5df63f619278d40369f38b44e
Program/Data/Sounds/Dialog/11559.wav	80946	e63ad407608a88fb1910b80545fff3e1
Program/Data/Sounds/Dialog/11560.wav	62340	82e88d6c930271f840c57054f3d5a815
Program/Data/Sounds/Dialog/11561.wav	55238	4f89ca4e78fdc0af3325efc785c2cbd7
Program/Data/Sounds/Dialog/11562.wav	57154	a21b99f300217583ff90a32102608976
Program/Data/Sounds/Dialog/11563.wav	54482	80b7d3c3a5aa3704de032f38a64176bc
Program/Data/Sounds/Dialog/11564.wav	62840	b4009d2464ae6407647dce14b68e093f
Program/Data/Sounds/Dialog/11565.wav	84726	17c3caf736f0636dfef7cf31afd1e870
Program/Data/Sounds/Dialog/11566.wav	59288	53a8a2c00307fa317ccef3c5c0b2560f
Program/Data/Sounds/Dialog/1157.wav	24358	b79973de6988f3e81ec96ae48e5d3ed1
Program/Data/Sounds/Dialog/11577.wav	40116	cdeb6882fb4178bc064f8d482a1db343
Program/Data/Sounds/Dialog/11578.wav	55994	873e89301616c9fc885195f6cb36ab64
Program/Data/Sounds/Dialog/11579.wav	38604	d259f901358ea5ecf65ba6ffbf65f77f
Program/Data/Sounds/Dialog/11580.wav	71872	485210031544fc3a36c0de766660324e
Program/Data/Sounds/Dialog/11581.wav	72210	f8aea24f66ebb62a0f2fe53beaf5268c
Program/Data/Sounds/Dialog/11582.wav	48434	4481a9afa21798e68b5a4d76257451b9
Program/Data/Sounds/Dialog/11583.wav	47000	1c9bf12428419d6474820f70e2a0200e
Program/Data/Sounds/Dialog/11584.wav	48180	dca804f18b891b98f6f9463befa96bf0
Program/Data/Sounds/Dialog/11585.wav	78676	ebb55c16256de92963c8661d406e11b1
Program/Data/Sounds/Dialog/11586.wav	43898	d3c969184e4d21a98e232429692c9f3b
Program/Data/Sounds/Dialog/11587.wav	64312	91ba7caf883ae61cea86ed7de47e9bbd
Program/Data/Sounds/Dialog/1159.wav	44654	aadc62bca3d4da5d32c873d5d6cd7b62
Program/Data/Sounds/Dialog/1161.wav	77788	646539fffa49d2efb4f21e533ada8c76
Program/Data/Sounds/Dialog/1163.wav	43052	7bd76158ed7c71ba46dc49d3763d30bc
Program/Data/Sounds/Dialog/1165.wav	26502	841dc3916136559b6ee9f84d3ed67518
Program/Data/Sounds/Dialog/1167.wav	31800	e4d9bd0081a3fe2525c5bb33cffd012c
Program/Data/Sounds/Dialog/1169.wav	33954	d6b9828757d39998859e738fff7d97fc
Program/Data/Sounds/Dialog/1171.wav	27338	7a1bcc677493e9039ae53643eef184de
Program/Data/Sounds/Dialog/1173.wav	58262	09ebb84e65b2283e03fe334d28f26e83
Program/Data/Sounds/Dialog/1174.wav	97638	0332935f3176aaa71c588486178adce0
Program/Data/Sounds/Dialog/1176.wav	42638	1c7f8ef4c60ff50027f5823de4b88980
Program/Data/Sounds/Dialog/1178.wav	32556	711c21185871e078fd2c832224291b0b
Program/Data/Sounds/Dialog/1179.wav	84404	1cfb1ea3f639a3b5ec11e17218f21398
Program/Data/Sounds/Dialog/1181.wav	31800	5927fe17a938fdb1f46d5a766663c0d4
Program/Data/Sounds/Dialog/1182.wav	38228	4cec6094063688b30a1ee96f2f02fba3
Program/Data/Sounds/Dialog/1185.wav	50908	23e6ea8296f6c804adbb361c891e18a3
Program/Data/Sounds/Dialog/1187.wav	69604	fdef469badedceda2a5375c3e99c6c4e
Program/Data/Sounds/Dialog/1190.wav	27264	6a33d0cda2e6b0fbf1e9f1264f95354e
Program/Data/Sounds/Dialog/1192.wav	38672	57548ce5dc57be40ee08b5f5cfa2d77d
Program/Data/Sounds/Dialog/1194.wav	49298	ada9b26ef2806a8fa855d4c44a781b9d
Program/Data/Sounds/Dialog/1196.wav	74140	91cc32c6d26bd9c340bf0fc875331581
Program/Data/Sounds/Dialog/1196b.wav	44158	f48a416f0f07d1418345c980d368caa0
Program/Data/Sounds/Dialog/1197.wav	38362	150ee7c746e0b63cdd8edb2639c3239c
Program/Data/Sounds/Dialog/1198.wav	60530	36c9d9f7c5a9c2b9f0ba0f6a16865076
Program/Data/Sounds/Dialog/1200.wav	68848	793a345b7fd0a6f49d68a802fc917bc8
Program/Data/Sounds/Dialog/1201.wav	114212	61513297d243cef036f2e8804ee336f0
Program/Data/Sounds/Dialog/1202.wav	35580	4d39165c4299cc4c7ccc0785b018e79c
Program/Data/Sounds/Dialog/1204.wav	50784	3ecf2733d860ff00aa08351b9e93194b
Program/Data/Sounds/Dialog/1206.wav	70360	e6f31b2e86243a936c20d939942097bf
Program/Data/Sounds/Dialog/1206b.wav	44158	f48a416f0f07d1418345c980d368caa0
Program/Data/Sounds/Dialog/1207.wav	35874	eb79a215c4395b3fbb08b252bf7bc60b
Program/Data/Sounds/Dialog/1208.wav	67336	cad2ff88ed9c0801952b75295e3802e9
Program/Data/Sounds/Dialog/1210.wav	72628	ab385f1a94b82f0cbb4ab316f8d1422b
Program/Data/Sounds/Dialog/1210b.wav	44158	f48a416f0f07d1418345c980d368caa0
Program/Data/Sounds/Dialog/1211.wav	111944	ae0b6fdba38b8557874ecc7dedd098a2
Program/Data/Sounds/Dialog/1212.wav	35580	cdfba78b87f0bcad850c83ed915f4c39
Program/Data/Sounds/Dialog/1214.wav	50082	287bc4f2589536b9df0c3dc15d767436
Program/Data/Sounds/Dialog/1216.wav	71116	850a8fb289e4af9b864124d18254f4bd
Program/Data/Sounds/Dialog/1216b.wav	44158	f48a416f0f07d1418345c980d368caa0
Program/Data/Sounds/Dialog/1217.wav	34782	523a09b4fb659b3bf91e1362f159b27e
Program/Data/Sounds/Dialog/1219.wav	67336	2626a2f0338cd31a43817d7aea8a6618
Program/Data/Sounds/Dialog/1220.wav	170162	3dd8aa6aff64533ffb0e595a312601b9
Program/Data/Sounds/Dialog/1221.wav	37848	8b1aff3e5bd0a5ca95e8c3ff6d6ff5cd
Program/Data/Sounds/Dialog/1223.wav	25752	603b6098db900975386d9c28d5776b61
Program/Data/Sounds/Dialog/1225.wav	48434	a8b2f51faec1693aa8e0e0d882978999
Program/Data/Sounds/Dialog/1227.wav	60834	cf98c26f82df38ef7dc98255bf92d19c
Program/Data/Sounds/Dialog/1228.wav	26664	50252a3041210072a994df32444346e7
Program/Data/Sounds/Dialog/1229.wav	46774	f4e757f1f1b8d7bd8ab8716dc8b73ff5
Program/Data/Sounds/Dialog/1231.wav	30556	779214f2bb39494c4650333e26ab18fd
Program/Data/Sounds/Dialog/1233.wav	28020	7f3e9c0c8ba05e5e24680971de072f9c
Program/Data/Sounds/Dialog/1235.wav	25746	8322157f8324361f03bcce4d534ee7f8
Program/Data/Sounds/Dialog/1236.wav	47182	157f8c78f73707f269b93a7492b366e2
Program/Data/Sounds/Dialog/1238.wav	41936	9d36d1d6976448aa93c104ad93fce980
Program/Data/Sounds/Dialog/1240.wav	51458	14bc58bb7afa0ea2d88938b35598c0fe
Program/Data/Sounds/Dialog/1241.wav	45532	f17e2354b89afa53d64c97d0f0b17022
Program/Data/Sounds/Dialog/1243.wav	42384	af8084cdfa0c62f8070b837b6a93273a
Program/Data/Sounds/Dialog/1244.wav	32714	882ceec3cc4f44a82faa7e8563b1dc1c
Program/Data/Sounds/Dialog/1246.wav	39360	74b3a0f440220792514a6c9e525e456e
Program/Data/Sounds/Dialog/1248.wav	45410	1e6358c6d9c2a06e259b41eace95bc30
Program/Data/Sounds/Dialog/1249.wav	25684	bb950d32aa72df1407195b2e905e3457
Program/Data/Sounds/Dialog/1250.wav	30232	931bb354b7cbb2d9010899609bb1e5f4
Program/Data/Sounds/Dialog/1255.wav	59328	7ba9e65fd214f07d29f944d9f8bd25da
Program/Data/Sounds/Dialog/1256.wav	42384	af8084cdfa0c62f8070b837b6a93273a
Program/Data/Sounds/Dialog/1258.wav	57506	639b88ead74dc78bb99f637d27d9cb9c
Program/Data/Sounds/Dialog/1259.wav	36336	833fd67d3523ddb2d9ddf7f348cdea9a
Program/Data/Sounds/Dialog/1261.wav	55044	6b1caf2b18cafce7cebf4a02f557191c
Program/Data/Sounds/Dialog/1263.wav	33312	d261398dedf978108b985e96a904d983
Program/Data/Sounds/Dialog/1264.wav	49668	426574b065145796f0c051f60e3de7fd
Program/Data/Sounds/Dialog/1267.wav	39360	d16747bbe608ded7b32ca0abf015795e
Program/Data/Sounds/Dialog/1268.wav	50702	695a51c9932b2773b3f7dccb75ca3c76
Program/Data/Sounds/Dialog/1270.wav	18946	60b4073c10c8c4514e191562622bf267
Program/Data/Sounds/Dialog/1271.wav	43142	e37ff96b20e4a2ba68a2c0fb1d86faac
Program/Data/Sounds/Dialog/1272.wav	73526	0349ed8c9738ff5cafb14b0036bfc41a
Program/Data/Sounds/Dialog/1274.wav	31722	475a1667b7ec9a847fc04a943efa8332
Program/Data/Sounds/Dialog/1276.wav	36016	8eaaf475aff49942d17b4e9cd07f2266
Program/Data/Sounds/Dialog/1277.wav	44158	f48a416f0f07d1418345c980d368caa0
Program/Data/Sounds/Dialog/1278.wav	49474	b393416d8568ff4d4cfe872bfe963889
Program/Data/Sounds/Dialog/1279.wav	104384	509e24771b528ed4732582f3584c5889
Program/Data/Sounds/Dialog/1280.wav	29532	aebb74d235e98af98f028dbc37d8da2e
Program/Data/Sounds/Dialog/1282.wav	70360	2e6afe743d3b80aa3669c6656a581798
Program/Data/Sounds/Dialog/1284.wav	30390	b399069152c1401418f997d6b8eee0da
Program/Data/Sounds/Dialog/1286.wav	48902	6714f4f09de0e4186947cd8eb2a95d72
Program/Data/Sounds/Dialog/1288.wav	18650	956d8892336d67bae0339aec27e2f015
Program/Data/Sounds/Dialog/1290.wav	14518	dfca68ffc86122e98427af07c183527f
Program/Data/Sounds/Dialog/1292.wav	21962	60563392cea32faac4bb58804ee42d3b
Program/Data/Sounds/Dialog/1294.wav	14518	a715affc209a0eee57f11d751d71a4f6
Program/Data/Sounds/Dialog/1296.wav	41398	fd0aba8053f5f1d12e13ae1b369553ed
Program/Data/Sounds/Dialog/1297.wav	95310	558b408487034f72c2d05572cb12a5e5
Program/Data/Sounds/Dialog/1298.wav	29532	fef1bb7f873b93742a02336496f93524
Program/Data/Sounds/Dialog/1300.wav	68092	08760bba4ed20bcf408ef047e1878b6f
Program/Data/Sounds/Dialog/1302.wav	39360	65c156b01bd3772a60de6ca932d45afb
Program/Data/Sounds/Dialog/1304.wav	21134	0a3b8435f27c0f2a6df0ea4268fea1d4
Program/Data/Sounds/Dialog/1306.wav	45664	f9b2e4634bd87069e11bce05464e699b
Program/Data/Sounds/Dialog/1308.wav	32556	f90f85aa78e0cc185ebbf36738d38d4d
Program/Data/Sounds/Dialog/1309.wav	74480	1bc6ac260e17eb24aaf5a26825e67fc4
Program/Data/Sounds/Dialog/1311.wav	14834	988f7862e9feccfc9ddaf1ac00436a80
Program/Data/Sounds/Dialog/1312.wav	20950	eebb1f864d29583931c69f51a0422338
Program/Data/Sounds/Dialog/1314.wav	32934	136bc756d091f0c824a233784fef3d30
Program/Data/Sounds/Dialog/1315.wav	25102	fdb07febfc0e7bd2c207a1c200ce992d
Program/Data/Sounds/Dialog/1318.wav	57094	6b6e8852e59a22700817e28c5e81a6b6
Program/Data/Sounds/Dialog/1319.wav	91434	81576de845d300b4d4f954b5fe808b95
Program/Data/Sounds/Dialog/1320.wav	41812	4d7cf8b4928ba73aa246969b224a9b90
Program/Data/Sounds/Dialog/1322.wav	93798	94c9538d7703dc7616850291ab7d5874
Program/Data/Sounds/Dialog/1324.wav	74066	cf64a2465ee374d9238bbbc3632977aa
Program/Data/Sounds/Dialog/1326.wav	40872	ede8660f4a7060c9cdf7ee579dd4f229
Program/Data/Sounds/Dialog/1328.wav	67832	e9988a5cb9c2165e287bedb12937ea2a
Program/Data/Sounds/Dialog/1331.wav	55558	b7866dba7bbdc4f35812f8b7e04b2d46
Program/Data/Sounds/Dialog/1333.wav	47042	937e9b436097f72633a2d8e63bf98658
Program/Data/Sounds/Dialog/1337.wav	23678	755330644f44f4094257bce275ac0c81
Program/Data/Sounds/Dialog/1338.wav	76548	938b4c94f3d274f28153b3c544ec1551
Program/Data/Sounds/Dialog/1340.wav	40116	bb83877a5d4429f5eaf07db0d9ca16d2
Program/Data/Sounds/Dialog/1342.wav	27752	f1ff76c7a354401d9db6009f8615a445
Program/Data/Sounds/Dialog/1344.wav	44736	736dd1754cdf952b6b0055e94742b736
Program/Data/Sounds/Dialog/1346.wav	18190	b435c9794272df6062ae5c19ade7698f
Program/Data/Sounds/Dialog/1348.wav	41398	ae967543e72572f228ab513d7c51013e
Program/Data/Sounds/Dialog/1352.wav	54194	9974c07cfda7a0bb51e8ff2bebd26271
Program/Data/Sounds/Dialog/1354.wav	36022	b43f2bb1d4f80a51204e6e1043fc46b8
Program/Data/Sounds/Dialog/1356.wav	58624	6c71a49158942e93a1ba7034aeb3f96f
Program/Data/Sounds/Dialog/1357.wav	55872	307194da73074b20e1193d8de456fb72
Program/Data/Sounds/Dialog/1362.wav	73056	e286c292d5472061c8a0cc297febb315
Program/Data/Sounds/Dialog/1364.wav	94330	5521a68c06b63ffbc0c2560909b5e836
Program/Data/Sounds/Dialog/1366.wav	37092	c0c547eafc9503e3de94770519e2848f
Program/Data/Sounds/Dialog/1367.wav	43424	040024b7f2aa0217ecb5844a7af72030
Program/Data/Sounds/Dialog/1369.wav	23484	4de309aa0860193dc9821ad53aba68d7
Program/Data/Sounds/Dialog/1371.wav	60532	bbff26d7a6c60277c1ea371944d76d83
Program/Data/Sounds/Dialog/1373.wav	41838	5e4a241dee9fe3f48cfb6afc566ffcb0
Program/Data/Sounds/Dialog/1375.wav	39362	3b8067ff6aa2dd0f8675262f3413225b
Program/Data/Sounds/Dialog/1378.wav	31800	5820729646d70c632b19b79b1b57d89e
Program/Data/Sounds/Dialog/1385.wav	25684	7b92b42f12f7f202f11fb6d00db5cfa0
Program/Data/Sounds/Dialog/1387.wav	65068	d7eabc0b7296be36a17a5520b835f1d5
Program/Data/Sounds/Dialog/1388.wav	25684	9854540bab7f02575a4e233cf45be4ed
Program/Data/Sounds/Dialog/1390.wav	58262	af72f1cd20f1ac4c65507833013270a9
Program/Data/Sounds/Dialog/1392.wav	41628	c158689daa8c44cc3451567b2630dee5
Program/Data/Sounds/Dialog/1394.wav	18240	0543d2253bc75053c29bdd0196c65ebe
Program/Data/Sounds/Dialog/1396.wav	25684	11963f3b2c267d8cb1228156629cff09
Program/Data/Sounds/Dialog/1398.wav	26786	b54eb8169d41dcb11b1c95b70b769d54
Program/Data/Sounds/Dialog/1400.wav	33128	cf909e9eeea8aecc7904b0f6c8e47ea4
Program/Data/Sounds/Dialog/1405.wav	57506	c1d5f372c98ce2a9ab776cabb5e27d24
Program/Data/Sounds/Dialog/1406.wav	38646	b58904be8382f68e2bc46581d2ece712
Program/Data/Sounds/Dialog/1409.wav	44452	95f2fb21385bc4acba0a371000339e34
Program/Data/Sounds/Dialog/1412.wav	24996	5758505f6b41e0f3244284fab7cba799
Program/Data/Sounds/Dialog/1414.wav	34068	a9e482242509125f33db5ab89e6382bb
Program/Data/Sounds/Dialog/1416.wav	26210	da1796da3353523bddb367bf1073c83d
Program/Data/Sounds/Dialog/1418.wav	40158	1f6cf4cc57e01cdc9b308a1fae66b2ff
Program/Data/Sounds/Dialog/1422.wav	56750	412e57b3bb4ee246f41f84294eb2ea30
Program/Data/Sounds/Dialog/1424.wav	62902	5b75c1978a5c25c19e48861f039f36eb
Program/Data/Sounds/Dialog/1427.wav	36226	4995bd3a4fda59624a53b473c02d19e5
Program/Data/Sounds/Dialog/1429.wav	32556	e162a115b6b16431c76930c59361902d
Program/Data/Sounds/Dialog/1430.wav	52562	c2f4ae6c295f286d808055e80360b887
Program/Data/Sounds/Dialog/1434.wav	60420	9a34ac868af55fe635206338b0586ee5
Program/Data/Sounds/Dialog/1436.wav	31606	199d9f95cfc6a61578787c94395ed05b
Program/Data/Sounds/Dialog/1438.wav	71376	8088a990090a765c7eade0e28eb23860
Program/Data/Sounds/Dialog/1440.wav	33540	2558cad86a6591f12ee07e476121ffb7
Program/Data/Sounds/Dialog/1442.wav	31060	78703b0a8ff430a1e0248c56283ed65c
Program/Data/Sounds/Dialog/1444.wav	53804	89904d4da23fb3d4d3bfe3d9c4cf489a
Program/Data/Sounds/Dialog/1446.wav	27752	c92cb495813bd4cf9cbecda4d9ac442d
Program/Data/Sounds/Dialog/1447.wav	50496	272a21934177e9cb5a92fcdb5575048a
Program/Data/Sounds/Dialog/1449.wav	76408	8cf8e6d6f6ffd6fada652cd491ab6e6e
Program/Data/Sounds/Dialog/1450.wav	24442	7f444440ad51b7ab9c499afcf4e4e54e
Program/Data/Sounds/Dialog/1456.wav	20458	108125428585721439e54df3aabbfce3
Program/Data/Sounds/Dialog/1458.wav	47056	b4846dd69fc89a961b8fec0fe32defc4
Program/Data/Sounds/Dialog/1460.wav	23202	690ee78cc0fd2c210cf96d798694f541
Program/Data/Sounds/Dialog/1462.wav	54104	a3d249f52f73d7f0b6b5c729ff7e17c2
Program/Data/Sounds/Dialog/1466.wav	28578	bbcd1a55bb593e23f1494849a089d904
Program/Data/Sounds/Dialog/1468.wav	61660	cf7891a295d30946a62b74e768dd5a60
Program/Data/Sounds/Dialog/1473.wav	33954	21c45b2a3f96edd34f922e3613913504
Program/Data/Sounds/Dialog/1475.wav	67450	9c3c16de64a7e007709fc29e0b7c4fba
Program/Data/Sounds/Dialog/1476.wav	24444	c65b076f8c774835e46f6026c5618c84
Program/Data/Sounds/Dialog/1477.wav	41850	0a8c2b636a2596f24fa52fe07c81981e
Program/Data/Sounds/Dialog/1479.wav	48428	48580a8bab88689d9a4f2e0c87fa8c2e
Program/Data/Sounds/Dialog/1481.wav	37848	24ed417aae097cfad71eec8dc759d237
Program/Data/Sounds/Dialog/1483.wav	41292	a3e3357b19cb4f547506c9f31e80d2a4
Program/Data/Sounds/Dialog/1485.wav	20706	3da75b1bc6d4b9dcc9c9aff5aa584462
Program/Data/Sounds/Dialog/1487.wav	30646	e810e0c5bb64edf4a962f6b2f3370604
Program/Data/Sounds/Dialog/1488.wav	26096	874ad36ff826c673a5d3435dce16f623
Program/Data/Sounds/Dialog/1491.wav	69604	e5225c7882404fe9b70fdc16f98b0e8b
Program/Data/Sounds/Dialog/1494.wav	43898	eb169373be1728139085753015c5708f
Program/Data/Sounds/Dialog/1497.wav	65068	f5c2a277a19a24909c0fcef2a4e8d116
Program/Data/Sounds/Dialog/1500.wav	46166	27c7e6e9f89c69b2dab478b971d28761
Program/Data/Sounds/Dialog/1503.wav	68848	450366312dca5cb34d05d8ab29986a50
Program/Data/Sounds/Dialog/1505.wav	83578	90e1e1aef9d722a16aefa7ade1b6b50b
Program/Data/Sounds/Dialog/1506.wav	36638	36ac68ce085339e72bb2c3a434fa3714
Program/Data/Sounds/Dialog/1507.wav	25090	52aeb565183570759d215c0b8ad1e96c
Program/Data/Sounds/Dialog/1509.wav	66580	251eb892b7c1411a32d582bec683d7b8
Program/Data/Sounds/Dialog/1511.wav	33954	6f315831592f54cabc523a3658a67cc3
Program/Data/Sounds/Dialog/1513.wav	57938	1fe69d6b451e14ace6bf2ad5ddb695f6
Program/Data/Sounds/Dialog/1515.wav	62288	7959718b3d26ff683821cfd8c34f7b36
Program/Data/Sounds/Dialog/1517.wav	32300	e12e04ddbdaba94a0b3687a5b2b3afbf
Program/Data/Sounds/Dialog/1519.wav	33954	0d7786c91afc5b6fe00e3b14fa8ec6d7
Program/Data/Sounds/Dialog/1521.wav	18654	9dab49dd4a8e7b32ae5d578cdf31bc3b
Program/Data/Sounds/Dialog/1523.wav	29312	624d7594104064b796732a27faa3324f
Program/Data/Sounds/Dialog/1525.wav	45736	0c23a8abafeb7c852f24f22a50260c09
Program/Data/Sounds/Dialog/1527.wav	20994	e1274328799476348ce8f3117b41bc0f
Program/Data/Sounds/Dialog/1529.wav	23640	dccf5e1739f7c6eeddd1cc41b513b003
Program/Data/Sounds/Dialog/1531.wav	43362	291725d874aa91abe036cbf288e61ce5
Program/Data/Sounds/Dialog/1534.wav	75306	5a3d665da90a62d33c23b78c62ad2b9e
Program/Data/Sounds/Dialog/1536.wav	21972	83663fd1e351cbf8d4783dff605b94ad
Program/Data/Sounds/Dialog/1538.wav	50496	0874bbef4a649eebec4d2f4fd0c01549
Program/Data/Sounds/Dialog/1540.wav	48014	4fe9ca4bc26910534ea3081b10dd2b6d
Program/Data/Sounds/Dialog/1542.wav	52976	6409e1459d98b1a47f80a3603189baa9
Program/Data/Sounds/Dialog/1544.wav	46360	1e66338ecbbc13c1cb1a823492de0b4d
Program/Data/Sounds/Dialog/1546.wav	50496	16249709f5519d8606df02e9c7cc9dbb
Program/Data/Sounds/Dialog/1548.wav	53804	2a3228fd9a4298acbc7a657e80b0fccd
Program/Data/Sounds/Dialog/1550.wav	57112	a637b434b5f757cb3921bccb49327545
Program/Data/Sounds/Dialog/1552.wav	54630	f509b1224dfefc6d3103b7da83fbbd16
Program/Data/Sounds/Dialog/1554.wav	46360	14f02a9482ae8e743f462a23f7368cff
Program/Data/Sounds/Dialog/1588.wav	42386	40722292b72eede183e6e95f06d5e5f8
Program/Data/Sounds/Dialog/1590.wav	55044	5618020df9732c0e29cf92ecaef17c59
Program/Data/Sounds/Dialog/1592.wav	23182	7c23bde98e3414bedab5b540987cf1c6
Program/Data/Sounds/Dialog/1594.wav	52150	4feab7f3c88d7e340ab7273fdabaeb64
Program/Data/Sounds/Dialog/1596.wav	53052	78164205421f33088eb20bcf41980e5e
Program/Data/Sounds/Dialog/1599.wav	107408	a9cf382600f9a00d48659e1460bf601c
Program/Data/Sounds/Dialog/1601.wav	103628	824f8b4db58cb33634332ce192bc89a8
Program/Data/Sounds/Dialog/1605.wav	24996	3a38c6f10f8147c3869dd7ef8ec7afca
Program/Data/Sounds/Dialog/1606.wav	37848	1fb9002e40bfbee11f097cd0d2e054d2
Program/Data/Sounds/Dialog/1607.wav	45414	7044c206d9e526bf96f4aae1c1499ff4
Program/Data/Sounds/Dialog/1609.wav	38766	f9fac4b50390b6e1022fab2831b3ce6d
Program/Data/Sounds/Dialog/1611.wav	35194	80f87efda5b7cc802078fd6c7588aebe
Program/Data/Sounds/Dialog/1613.wav	49668	e8af0c7afd217aaf7978209b0f258af6
Program/Data/Sounds/Dialog/1615.wav	36848	e56d9c223f67bce0e1bea11566f9dee0
Program/Data/Sounds/Dialog/1617.wav	63556	d0d7cc980f1462243c3e88e6e3e5631d
Program/Data/Sounds/Dialog/2156.wav	31800	902d0d55507aad36aaf1cbd97afd916b
Program/Data/Sounds/Dialog/2158.wav	107408	e04ebc74f2d676104f6e9353d28fac32
Program/Data/Sounds/Dialog/2160.wav	104384	a1b85f81d598121604e453a73d9e3c6f
Program/Data/Sounds/Dialog/2162.wav	104384	59844aa6ff9c5b23cf505251b8c00c35
Program/Data/Sounds/Dialog/2164.wav	164114	506eb55010db04b799e151a02826cd87
Program/Data/Sounds/Dialog/2166.wav	97578	77be86c962a10b6b9c51909e361719a8
Program/Data/Sounds/Dialog/2168.wav	103628	5a500c277f79778c2849600902ef5f7e
Program/Data/Sounds/Dialog/2170.wav	169406	d1d620c542baefec7236dfceeda94ca0
Program/Data/Sounds/Dialog/2172.wav	62044	6a39644a3d89fb8d801219f668bc1287
Program/Data/Sounds/Dialog/3361.wav	111188	ff7980129bd46f1936b349fd2c9d246d
Program/Data/Sounds/Dialog/3363.wav	27264	bca70d8cdaeb74a1a31279241111fad7
Program/Data/Sounds/Dialog/3365.wav	238966	22b088d7a36cdc1adcec959013449fce
Program/Data/Sounds/Dialog/3368.wav	84726	2bedde308513c3895592240b5c969750
Program/Data/Sounds/Dialog/3370.wav	306256	7e141e4b63481bcc13dc23f73a1cc5f7
Program/Data/Sounds/Dialog/3372.wav	207210	546aecd19582b7f9865a274aefbf9031
Program/Data/Sounds/Dialog/3374.wav	80946	0c579b7bfc58e7920f9eeeaf914bfe86
Program/Data/Sounds/Dialog/3376.wav	42146	c9d31cc2803349ebe20933bcc0974e55
Program/Data/Sounds/Dialog/3377.wav	62044	a8e01e4d3d327c77db806f1aceb6a337
Program/Data/Sounds/Dialog/3379.wav	158822	8589549ce480f9611f11e6f111b4f645
Program/Data/Sounds/Dialog/3380.wav	127822	21ad1f472878095e5be081bb0194410a
Program/Data/Sounds/Dialog/3381.wav	80190	e3f9569ba9358a304b5ab9d100278b1d
Program/Data/Sounds/Dialog/3382.wav	55238	92ef214ba4d2920b732ac924199d43bb
Program/Data/Sounds/Dialog/3383.wav	180748	11452d22e7ddf7ab52ff4c4e6726e5f1
Program/Data/Sounds/Dialog/3384.wav	90774	7fc241f0d98e1a02f32b4eeffa4be4a2
Program/Data/Sounds/Dialog/3386.wav	119504	f6ee3fba87369d0818e2f45ff7222327
Program/Data/Sounds/Dialog/3389.wav	94554	4db98df49684b63345fdb861419158d9
Program/Data/Sounds/Dialog/3391.wav	231406	914ce328c4055f5a1cf4ed0b859abff1
Program/Data/Sounds/Dialog/3393.wav	62044	4e4b36ceb2fb86b1c472bd9ae603f206
Program/Data/Sounds/Dialog/3395.wav	88856	42037077a7f34d355755cf2c27e3d633
Program/Data/Sounds/Dialog/3397.wav	39362	ec557e8324d6c880286c5243ae7f9f1c
Program/Data/Sounds/Dialog/3399.wav	31044	0eebc429ea20850bdd75b5b6d6b70538
Program/Data/Sounds/Dialog/3401.wav	148524	1c3eeebdce071cb1f58d9fc51b7c35c9
Program/Data/Sounds/Dialog/3402.wav	74896	a832cef673bca467a22bbf890b7e8476
Program/Data/Sounds/Dialog/3403.wav	54482	631aa6b7869c7ca0b043b58bc2842807
Program/Data/Sounds/Dialog/3404.wav	31044	afe535ecf7b8098c5ba99eebdd35dc5c
Program/Data/Sounds/Dialog/3408.wav	128578	ee486e12b243df08fd920a99b706980c
Program/Data/Sounds/Dialog/3410.wav	119506	b9e11b72135c63ed892f7e7240d23452
Program/Data/Sounds/Dialog/3411.wav	77920	2c2293fd0c2d03d8c246d804c9976ae7
Program/Data/Sounds/Dialog/3413.wav	83214	22187d37a87a0e7f4074077310dd025d
Program/Data/Sounds/Dialog/3413b.wav	69960	ff1a2c6ed468e74276449dbde5a37c82
Program/Data/Sounds/Dialog/3415.wav	88506	b5334fdf0825f7ed7c552ef562f5ab74
Program/Data/Sounds/Dialog/3417.wav	19702	6c2600606b5eabb505e40132cd89fcc6
Program/Data/Sounds/Dialog/3419.wav	48434	3999355c13072a43b1081d3ebcb11968
Program/Data/Sounds/Dialog/3420.wav	26508	729c28a4e64ba716b745fc29664ff334
Program/Data/Sounds/Dialog/3421.wav	26508	6b4ef3d5e6d7c3295f01479205269b85
Program/Data/Sounds/Dialog/3423.wav	70632	53932dab97156a0d44885d8f4b53623a
Program/Data/Sounds/Dialog/3426.wav	213258	149652f9fde5064da243d5c5e83777eb
Program/Data/Sounds/Dialog/3428.wav	62800	274ff92e2d1c1044b0eb5a5e4adef806
Program/Data/Sounds/Dialog/3431.wav	113664	8f4584c6802041e31688882fa1a31f1a
Program/Data/Sounds/Dialog/3432.wav	161090	7a7f1dd92a1c56068c676b4e0a13ddc6
Program/Data/Sounds/Dialog/4589.wav	173942	2bdd3b70e56d91113ad28c3821c63b3d
Program/Data/Sounds/Dialog/4591.wav	192844	b9ac0c761d2b1cfb4565294311c3591f
Program/Data/Sounds/Dialog/4593.wav	110432	11bfde199113d29bca39693e1e5bf46a
Program/Data/Sounds/Dialog/4595.wav	75652	6824f8abccff13a2f11260f170135263
Program/Data/Sounds/Dialog/4597.wav	141432	b0483e18052b217fc2b7bdd98655abb4
Program/Data/Sounds/Dialog/4598.wav	148992	7fc01bfe7b04d5d368110cd79bed4c3f
Program/Data/Sounds/Dialog/4600.wav	222332	cf4ffb76671bbc6233da0f823be0b844
Program/Data/Sounds/Dialog/4602.wav	155040	8292ae1c0016135338b069817aa28a43
Program/Data/Sounds/Dialog/4603.wav	208722	bd2077f4fc661beb589a863b31a29a66
Program/Data/Sounds/Dialog/4604.wav	410596	5c61f30e954a6bb0f8b4a10a11982c78
Program/Data/Sounds/Dialog/4606.wav	176968	582d344bbdcb2aa5c0e72ed224da4912
Program/Data/Sounds/Dialog/4608.wav	75652	dccfc14349894be4931024ba80200baa
Program/Data/Sounds/Dialog/4610.wav	121018	9efa21559d07d8b1e46b96c32e30d645
Program/Data/Sounds/Dialog/4612.wav	65068	806da56450e2115552469b7b029fac5e
Program/Data/Sounds/Dialog/4614.wav	64312	ef665d5b8369f95e540facf1f02e81a1
Program/Data/Sounds/Dialog/4616.wav	71872	6b916053a143bf6da485daf66f11b8ec
Program/Data/Sounds/Dialog/4618.wav	95310	c72a40c33ff7b88a71b1b457d3965fb5
Program/Data/Sounds/Dialog/5175.wav	30264	f34f811ce8a231216d83cf8256542562
Program/Data/Sounds/Dialog/5177.wav	294160	7e727d5f97a479caef29557ba065918e
Program/Data/Sounds/Dialog/5179.wav	30264	f34f811ce8a231216d83cf8256542562
Program/Data/Sounds/Dialog/5180.wav	164870	46201d1d07482994b84e7b94aa14e947
Program/Data/Sounds/Dialog/5183.wav	212504	3ebd78bd70db1df481b88538fc9e4294
Program/Data/Sounds/Dialog/5184.wav	93042	b858994aa9f9068d696b3ee9f1abc7fd
Program/Data/Sounds/Dialog/5186.wav	102116	9f22fd8dd39780918958eadd92847779
Program/Data/Sounds/Dialog/5188.wav	35580	103b54614414c0a1688e7201b3141296
Program/Data/Sounds/Dialog/5189.wav	148236	be44a9363fe4ab7fba529b0c8ffbcdbc
Program/Data/Sounds/Dialog/5191.wav	90018	c93cfcfbc860f163f88afdcc6af7c335
Program/Data/Sounds/Dialog/5193.wav	80190	a4a73e902415403dca6c378e6f86c221
Program/Data/Sounds/Dialog/5195.wav	232916	2e52da39599f9e11c20e3d6ce7f64261
Program/Data/Sounds/Dialog/5199.wav	213260	4bae8f025169e835fa0b8a2df197e652
Program/Data/Sounds/Dialog/5203.wav	76408	753f0bc61d01e35a4c6c6eefd54716a2
Program/Data/Sounds/Dialog/5205.wav	234430	43d29759cbcbe9250a77a11551679430
Program/Data/Sounds/Dialog/5209.wav	220820	7875b3797065fca0616ea081c40fd43f
Program/Data/Sounds/Dialog/5213.wav	74140	5acfbfff085776c00f6339087c4d2aae
Program/Data/Sounds/Dialog/5215.wav	282818	912852034308b65a636d7b65aef4c9c7
Program/Data/Sounds/Dialog/5218.wav	298696	0a35742588959c8c8b49eafe983ebbef
Program/Data/Sounds/Dialog/5222.wav	77164	810a47924395e0ea04dbc0366918ef4c
Program/Data/Sounds/Dialog/5224.wav	69604	a447375695738f919d116dd5ab995d21
Program/Data/Sounds/Dialog/6472.wav	97580	cb5c61bc9daddf47767096265c3ee6b6
Program/Data/Sounds/Dialog/6474.wav	63556	7c5a5f0c4f729ecfed51a3d7e2f4b172
Program/Data/Sounds/Dialog/6478.wav	90018	ecd3abbf6dd6b7c129c7f5a9d1acf720
Program/Data/Sounds/Dialog/6480.wav	105990	ed3f211a746d298ac7f44af23a690fc9
Program/Data/Sounds/Dialog/6482.wav	62800	ec61aee09b32830bccb3247da09a90bd
Program/Data/Sounds/Dialog/6484.wav	125554	5e4572ecabb5c519d39e2de1b978943a
Program/Data/Sounds/Dialog/6486.wav	36336	14fb57a5ab58e0ecc22822e791b70315
Program/Data/Sounds/Dialog/6489.wav	656322	f06e36f1ef82fc6ded94af60171062d5
Program/Data/Sounds/Dialog/6490.wav	102116	eef306da2e5e1b56c61be27210e1eeda
Program/Data/Sounds/Dialog/6492.wav	51380	abedde2d5c07698e2b16c99428fad071
Program/Data/Sounds/Dialog/6493.wav	94096	b365b2a6dafe2026222e278ff8dff2fb
Program/Data/Sounds/Dialog/6495.wav	89614	fbd4a69ff556062f17902fd421678e5a
Program/Data/Sounds/Dialog/6496.wav	93280	8c17bcdee324b57d020351817b47b32e
Program/Data/Sounds/Dialog/6498.wav	61288	e8feb709796507bb344fe1acc7239d83
Program/Data/Sounds/Dialog/6499.wav	92286	17c50f89ff24ff321fd4060e6b417183
Program/Data/Sounds/Dialog/6501.wav	115724	90989c0382c34d67f44731bf840de966
Program/Data/Sounds/Dialog/6502.wav	88506	9b05815a52624209b4638413ee16c16a
Program/Data/Sounds/Dialog/6504.wav	52970	562b03516154f63887aad34276b6021c
Program/Data/Sounds/Dialog/6508.wav	70360	5e32bbc413e17efa7554e795a7094e74
Program/Data/Sounds/Dialog/7602.wav	155040	8292ae1c0016135338b069817aa28a43
Program/Data/Sounds/Dialog/8433.wav	46922	c80d911fd7d871ca9d7edd89b1ad8550
Program/Data/Sounds/Dialog/8435.wav	160334	4481f8f619feb81465d53a5f610d27e2
Program/Data/Sounds/Dialog/8437.wav	68848	142f7848a3bbee36fbe9e3a8eaa92bdf
Program/Data/Sounds/Dialog/8439.wav	57506	c06f5483f92b61ea96d6f84011120d09
Program/Data/Sounds/Dialog/8441.wav	58262	4d954775c0c10cea194b09f691cb0c69
Program/Data/Sounds/Dialog/8443.wav	90018	42e13659a579f46dc73d2b2dfe0d6e1c
Program/Data/Sounds/Dialog/8445.wav	45410	5f4bacf23b26aaa039d0a200e55551d1
Program/Data/Sounds/Dialog/8448.wav	107408	fe1bf2d5f8f2dd9b9d620d7314308338
Program/Data/Sounds/Dialog/8451.wav	316086	664557548108802e1ec5cd26e96b31f8
Program/Data/Sounds/Dialog/8452.wav	59018	cb72fbea37b0e6f55963d3254ecb048b
Program/Data/Sounds/Dialog/8453.wav	55994	2a20ca9bd91e2a2770cb4b3697b88b00
Program/Data/Sounds/Dialog/8454.wav	56750	6018b3be9bd8ccf0ecc33328aacc46d8
Program/Data/Sounds/Dialog/8455.wav	90774	866a88b521d94a638cb0a9b28e532752
Program/Data/Sounds/Dialog/8457.wav	61048	c5b93722d7281181a6011837d109dc1e
Program/Data/Sounds/Dialog/8459.wav	65824	b42c6fb928f035e3124b092875473630
Program/Data/Sounds/Dialog/8461.wav	47678	2430ef56432e3a02a2ab195af95c9421
Program/Data/Sounds/Dialog/8463.wav	84776	2deb0f5df004cbdee1af0ecb46959fbe
Program/Data/Sounds/Dialog/8464.wav	59018	7e953cdf464d8cb263e05fd6e9a46043
Program/Data/Sounds/Dialog/8465.wav	133114	1fb557bc408b577180b6e87896d33bcd
Program/Data/Sounds/Dialog/8467.wav	96066	b3819759d5716f17f8a7ca9faaa74414
Program/Data/Sounds/Dialog/8469.wav	97632	1ad0b7a41f610e7f693234131830d99a
Program/Data/Sounds/Dialog/8470.wav	62800	440add73f72add483f876b0c1cd4d978
Program/Data/Sounds/Dialog/8471.wav	117238	da91d8b8ad1b00124fb9639ed150f37a
Program/Data/Sounds/Dialog/9226.wav	33312	90a5fa52c2fa51617d7e515b8bc429ad
Program/Data/Sounds/Dialog/9230.wav	49946	30e400b72cf893763ce708fb9ab98902
Program/Data/Sounds/Dialog/9232.wav	116480	ab5162018459610912c42e6f5fa98904
Program/Data/Sounds/Dialog/9234.wav	260136	ccea63d2bca018d028c5b550133ce76f
Program/Data/Sounds/Dialog/9237.wav	84726	b523898fa18949d02ea6608a5d7d205d
Program/Data/Sounds/Dialog/9239.wav	69604	0f757ff3b4fb8a653d88fcedd4385ad2
Program/Data/Sounds/Dialog/9242.wav	18190	677596062aada06f7bfac2ee33bffc9e
Program/Data/Sounds/Dialog/9245.wav	68092	a7a3339f172312fac904ad5d5b5141cf
Program/Data/Sounds/Dialog/9247.wav	119506	2160d6a80229f2583924a45051dc2d78
Program/Data/Sounds/Dialog/9251.wav	30288	39f0ad7e62a3e904264f4c1580d1a204
Program/Data/Sounds/Dialog/9252.wav	66580	a358fc03686c109576fdd5c924e062bb
Program/Data/Sounds/Dialog/9253.wav	51458	875e67f6b5bc926c4e73d8587196774a
Program/Data/Sounds/Dialog/9254.wav	52970	4e5436ac4babe7da33ef230154fe31be
Program/Data/Sounds/Dialog/9257.wav	60532	5c67ecfe119676cadc4c888874ee0ada
Program/Data/Sounds/Dialog/9260.wav	74140	213a17346f7b05e0460f9f3a6e32f297
Program/Data/Sounds/Dialog/9262.wav	71116	c1e6a3802763d3ef4fd0e0a057243e0e
Program/Data/Sounds/Dialog/9265.wav	54482	e041586647cff289c3b736a166cb89e9
Program/Data/Sounds/Dialog/9266.wav	36336	c95351edacc53dbcafec15f3aa2433fa
Program/Data/Sounds/Dialog/9269.wav	125554	4233c39fca6b9a4e3f22b8295d133a80
Program/Data/Sounds/Dialog/9273.wav	77164	5441730153ca953d48d989505cd3c4ef
Program/Data/Sounds/Dialog/9275.wav	101360	8c3fc78143a06812b91c17ecaa939ebb
Program/Data/Sounds/Dialog/9281.wav	108920	176b76d591011a14fc9dc75dc940f345
Program/Data/Sounds/Dialog/9283.wav	65068	c840991f555a85ed43b216e440f3b2b6
Program/Data/Sounds/Dialog/9285.wav	75652	5bc1fcd7c00d3923a9e4c43b2d289bff
Program/Data/Sounds/Dialog/9287.wav	34824	6b9c17a67a917e1df716b03cb33aae9f
Program/Data/Sounds/Dialog/9289.wav	37848	b64502d102b1b1e62cbb32e6912de438
Program/Data/Sounds/Dialog/9291.wav	22726	4346486cc050c424e851230ca69064be
Program/Data/Sounds/Dialog/9293.wav	40874	51f9e111e28b30983aab305ff12e5190
Program/Data/Sounds/Dialog/9295.wav	59020	c2bd78f11c197741155c8576e0e1e9e2
Program/Data/Sounds/Dialog/9299.wav	72628	7068ab76dca733c3cdfff598f764ebfb
Program/Data/Sounds/Dialog/9301.wav	59018	252cea5c1fa3b7a67f34575a968c6045
Program/Data/Sounds/misc/1.wav	10525	48dca112622936fe57c827b51e25abfa
Program/Data/Sounds/misc/2.dxw	196040	69b779a7b461edbdf9a5897294ca0830
Program/Data/Sounds/misc/2.wav	10525	48dca112622936fe57c827b51e25abfa
Program/Data/Sounds/misc/2.wxs	196040	69b779a7b461edbdf9a5897294ca0830
Program/Data/Sounds/misc/3.dxw	196040	69b779a7b461edbdf9a5897294ca0830
Program/Data/Sounds/misc/3.wav	15037	bd7c01f8fac4c9e1cb2b9a43634e8d82
Program/Data/Sounds/misc/3.wxs	196040	69b779a7b461edbdf9a5897294ca0830
Program/Data/Sounds/misc/4.dxw	196040	69b779a7b461edbdf9a5897294ca0830
Program/Data/Sounds/misc/4.wav	18075	10106ba4d5c8a310bf406ec425bb5284
Program/Data/Sounds/misc/4.wxs	196040	69b779a7b461edbdf9a5897294ca0830
Program/Data/Sounds/misc/5.wav	38915	f0076a95fa1feb18308cca72fefa5231
Program/Data/Sounds/misc/6.wav	15037	bd7c01f8fac4c9e1cb2b9a43634e8d82
Program/Data/Sounds/misc/menu.dxw	150445	25780f98b2dc0092867ab73e0cb831bf
Program/Data/Sounds/misc/menu.wxs	150445	25780f98b2dc0092867ab73e0cb831bf
Program/Data/Sounds/MUSIC/BEACH.WAV	6947878	782af2ffdc1b5f7ef029d4a5b1a65f75
Program/Data/Sounds/MUSIC/CREDIT.WAV	8315878	9651e5e30fb6e5869f205a02462dd471
Program/Data/Sounds/MUSIC/DESERT2.WAV	5267878	79b0f8ff4e7fe4d6701ac4374c68b13c
Program/Data/Sounds/MUSIC/GLACIER.WAV	5471878	47e50fe8f76668ad7bca29230cebc25b
Program/Data/Sounds/MUSIC/GRUVA1.WAV	5639878	1003c7369ff963b8274b77b7f469e3ac
Program/Data/Sounds/MUSIC/LABB.WAV	5267878	64bcadef9b616cff6aa5e2e22097eaee
Program/Data/Sounds/MUSIC/menu1.wav	1730896	39bdd00727087ef8fe8f491eb73ad771
Program/Data/Sounds/MUSIC/MENU2.WAV	7979878	fc2f7de7ce3bbebb23688988c7072319
Program/Data/Sounds/MUSIC/SKOG1.WAV	6287878	48307ea1501a629a7e4bde5cb095594d
Program/Data/Sounds/MUSIC/STANDARD.WAV	8327878	6f888cceae8804b119b711bfd1a16e83
Program/DATA.TAG	86	5aefd7f5341ef6cbe8cc420b3022dd46
Program/data1.cab	60986	826ce55cf7a7e10ba37c73cf0f767e30
Program/DSETUP.DLL	127488	145933961df27a5c33b1c1170dde03a4
Program/DSETUP16.DLL	63248	7572cefb2e2494f0adb47ccac8921c14
Program/DSETUP32.DLL	51712	808d6587d9bb857d047c551e86f383c7
Program/ge.dll	196608	a7e0418ebf79a2bec93da7bd165cf53b
Program/gempeg.dll	98304	6f514f4284142a6e3add54aa93ee200a
Program/Gilbert.exe	582144	5a21405e16e50d3eb7a19886e90cfcc1
Program/gilbert.ini	1315	fc898301a6741750631821173dd612ff
Program/gilbertprn.exe	406528	3ce46aa60b626c684392f20fbf985eb6
Program/gprint.ini	353	1a8cc37be16ec2cb9824902c13e58d65
Program/gSetup.exe	60416	3e6786059721b2cd79665d5fbbed6a7c
Program/inifile/gilbert.ini	1315	fc898301a6741750631821173dd612ff
Program/lang.dat	4525	d0754bcefd6ee3ebc144beaf9e193332
Program/layout.bin	334	c770a7a0a0e7c018de0fac25a13b81cb
Program/License.txt	4096	58fb3be21e205ca47c9019a6aa701176
Program/os.dat	417	af1d8d9435cb10fe2f4b4215eaf6bec4
Program/REDIST/DIRECTX/D3D.INF	1147	e83142d63871ec583e7349d71338d193
Program/REDIST/DIRECTX/D3DIM.DLL	540432	7ce4f36396f2eb8384e91b79790d948b
Program/REDIST/DIRECTX/D3DPMESH.DLL	87312	8cd5fad685c1b2644871fee44e8a60d4
Program/REDIST/DIRECTX/D3DRM.DLL	436496	613b2cb3e78c129a3ae53976ce09a916
Program/REDIST/DIRECTX/D3DRM.INF	693	eb0cefd4463bdbbbcccb6f90e495c8d4
Program/REDIST/DIRECTX/D3DXOF.DLL	107792	bf4cfa1fd301ceeb73001090459f31db
Program/REDIST/DIRECTX/DDHELP.EXE	38672	4597237466310164c9865ae03e6ce816
Program/REDIST/DIRECTX/DDRAW.DLL	308496	d187c829ddee8bde076ebd76171f03d5
Program/REDIST/DIRECTX/DDRAW.INF	4222	0a1062cefbc8ff479df388c0d7fc50dd
Program/REDIST/DIRECTX/DDRAW.VXD	30381	4310e86cd3f71a2aa7975e5009d8d077
Program/REDIST/DIRECTX/DDRAW16.DLL	27984	0d54bae9090ccc8cbcd773dded6c33f6
Program/REDIST/DIRECTX/DDRAWEX.DLL	24848	4b380498e44474bed08cb7cb3a2b4818
Program/REDIST/DIRECTX/DEVNODE1.DLL	17408	2d59a3e16094de79bee95d96d09f6c4f
Program/REDIST/DIRECTX/DEVNODE2.DLL	6656	2b3d35cd6fddf8c18dd0c0985046e008
Program/REDIST/DIRECTX/DIJOY.HLP	16339	ad3d6b68b94a135a8699a4414be7ea2e
Program/REDIST/DIRECTX/DIJOYBRZ.HLP	13330	993ac66d4925876ef82cdd7070ff5bb0
Program/REDIST/DIRECTX/DIJOYCHS.HLP	12778	1796142e18f7d694cfd5dd8ea182dec4
Program/REDIST/DIRECTX/DIJOYCHT.HLP	19401	0e1ed32db1796795bced3bcf2f42a854
Program/REDIST/DIRECTX/DIJOYCZE.HLP	13511	3623ae78ce91ac9b53f3155ba3e2c8bb
Program/REDIST/DIRECTX/DIJOYDUT.HLP	13271	f13e44e820a011c0ab224ead0710bdd3
Program/REDIST/DIRECTX/DIJOYFRN.HLP	13589	5935b8007681d2826e10f56188ef6cb4
Program/REDIST/DIRECTX/DIJOYGER.HLP	13678	a45b9bbc6a12aa39c276a4c374278523
Program/REDIST/DIRECTX/DIJOYITN.HLP	13493	c0eba3997bdadf40590d3ccde82ec7e7
Program/REDIST/DIRECTX/DIJOYJPN.HLP	13424	11411d1e15854c424cca4dea3526df94
Program/REDIST/DIRECTX/DIJOYKOR.HLP	13647	6d477f12e3895984861ed31bcce7c950
Program/REDIST/DIRECTX/DIJOYNEC.HLP	13424	11411d1e15854c424cca4dea3526df94
Program/REDIST/DIRECTX/DIJOYPOL.HLP	13778	968c5d16ee067653d8141eff04aa0067
Program/REDIST/DIRECTX/DIJOYRUS.HLP	13812	aa42da7dc010d57b12af0d7bdb8e01ef
Program/REDIST/DIRECTX/DIJOYSPA.HLP	13618	3b54068cffbbdb76e90372501a857ee8
Program/REDIST/DIRECTX/DIJOYSWE.HLP	13343	1c87756cb911f9b82c475f74071b326d
Program/REDIST/DIRECTX/DINPUT.DLL	175616	a85bb56e31c38f02fe351d5b6e4adabf
Program/REDIST/DIRECTX/DINPUT.INF	13301	09e2157f89e57f24591bc78b20f4896e
Program/REDIST/DIRECTX/DINPUT.VXD	16986	d56566a8460345de227a58218a88ddca
Program/REDIST/DIRECTX/DIRECTX.INF	4383	3a62e42883f19b9628ca2eaff495a9df
Program/REDIST/DIRECTX/DPLAY.DLL	39936	2149a4434cb0bf38f42db4cecfd90326
Program/REDIST/DIRECTX/DPLAY.INF	13795	7b1a6b911dad97ec73f4bbe677c95ba3
Program/REDIST/DIRECTX/DPLAYDX2.INF	1549	1922ccf939126b16a096bbb73c8ccc11
Program/REDIST/DIRECTX/DPLAYSVR.EXE	29968	132283d2deba0aac90ef444c16708dbb
Program/REDIST/DIRECTX/DPLAYX.DLL	214288	2e3376dd4d7b81f6a43153832ca18115
Program/REDIST/DIRECTX/DPMODEMX.DLL	71952	7f4fd4e377d1c546c7f5741ffd8d49fb
Program/REDIST/DIRECTX/DPSERIAL.DLL	41472	2925c36f16055fe668901893503d55ea
Program/REDIST/DIRECTX/DPWSOCK.DLL	24064	109e887b9f59127c009e107117db0106
Program/REDIST/DIRECTX/DPWSOCKX.DLL	63760	25e269103d2a0e893b7185749bb9a1cf
Program/REDIST/DIRECTX/DRIVERS/BRZ/AZT16.VXD	26778	8c641d4981fe1d02dec2e226013108cc
Program/REDIST/DIRECTX/DRIVERS/BRZ/AZT16C.DRV	42592	95b2ffb083f9f56159b1ffec12d33c40
Program/REDIST/DIRECTX/DRIVERS/BRZ/AZT16W.DRV	44224	0fbf9140ea1c646d154335d960a60c91
Program/REDIST/DIRECTX/DRIVERS/BRZ/CWBAUDIO.DRV	228907	79a1cc2d54c49f1dd9b4f2e6c55ef4d5
Program/REDIST/DIRECTX/DRIVERS/BRZ/CWBAUDIO.INF	28485	760075bb913d92f1281037ea917befb4
Program/REDIST/DIRECTX/DRIVERS/BRZ/CWBMIDI.VXD	14521	fd3482f20efecdb75edf2d47ece2fc9d
Program/REDIST/DIRECTX/DRIVERS/BRZ/DRIVERS.DDB	18832	b69c63f8f1ea331c494b10dd5ab9222c
Program/REDIST/DIRECTX/DRIVERS/BRZ/DXATI.INF	9850	59d7b9a5685df9a80bb66bc81a689478
Program/REDIST/DIRECTX/DRIVERS/BRZ/DXCHIPS.INF	5346	d7aec73179676bf006d1a585fafc6b25
Program/REDIST/DIRECTX/DRIVERS/BRZ/DXCIRRUS.INF	9885	0f4203206cef54841c622d0dc240d9c6
Program/REDIST/DIRECTX/DRIVERS/BRZ/DXGLINT.INF	545	2285df8e662dc2f0f39f51e153727a3b
Program/REDIST/DIRECTX/DRIVERS/BRZ/DXI128.INF	2952	dc13be0dfe626ee4cc74de6506a1ff1a
Program/REDIST/DIRECTX/DRIVERS/BRZ/DXMGA.INF	2511	73bafea5c6c403a3db9a277984fd2b3c
Program/REDIST/DIRECTX/DRIVERS/BRZ/DXMM3DFX.INF	1606	26785cc244140c5b7eaa543b8d1b0d08
Program/REDIST/DIRECTX/DRIVERS/BRZ/DXNEOM.INF	2278	2a16b4097633277d5d11f987a7d36f12
Program/REDIST/DIRECTX/DRIVERS/BRZ/DXPMEDIA.INF	6317	1c2a3b5e4f3b836aaaf5b32c6325d538
Program/REDIST/DIRECTX/DRIVERS/BRZ/DXREND.INF	3759	788fcf56167fc03664a0ac140a360be2
Program/REDIST/DIRECTX/DRIVERS/BRZ/DXS3.INF	17462	824ac0aaa9bc227a3b8ca3a458f7c4aa
Program/REDIST/DIRECTX/DRIVERS/BRZ/DXTRID.INF	2599	c4239ab324cfc0b68af8b6a172b21bf1
Program/REDIST/DIRECTX/DRIVERS/BRZ/DXTSENG.INF	6017	8c17283de901842316a828fb1a67d9b2
Program/REDIST/DIRECTX/DRIVERS/BRZ/DXWD.INF	3607	b6a97935ed60e80adb485a4362c339b1
Program/REDIST/DIRECTX/DRIVERS/BRZ/ES1488.DRV	44432	eefec7ef6cb23521034aebb5835280fb
Program/REDIST/DIRECTX/DRIVERS/BRZ/ES1488.VXD	20124	98ff148d74ed375563a9f01b3cbb80e7
Program/REDIST/DIRECTX/DRIVERS/BRZ/ES1688.DRV	57095	d63a49e4758b8b2903560580f4dcb541
Program/REDIST/DIRECTX/DRIVERS/BRZ/ES1688.VXD	32386	347706579920a4d4faf78a5b4e31f292
Program/REDIST/DIRECTX/DRIVERS/BRZ/ES1788.DRV	58359	fdab6a0484f734503b38d0f061848980
Program/REDIST/DIRECTX/DRIVERS/BRZ/ES1788.VXD	32386	ed8883bb988d7bf24bab7df2fe0ed4d3
Program/REDIST/DIRECTX/DRIVERS/BRZ/ES488.DRV	37344	5d30b6f3c9f7974c634f1e6a1abcf6b8
Program/REDIST/DIRECTX/DRIVERS/BRZ/ES488.VXD	19611	95657d0fbc68e52d68c8c81205f1a466
Program/REDIST/DIRECTX/DRIVERS/BRZ/ES688.DRV	47536	15866674d049968e7bd881cb7eefea46
Program/REDIST/DIRECTX/DRIVERS/BRZ/ES688.VXD	22683	22c404e6e2c6e4b1fa957a9e79735f18
Program/REDIST/DIRECTX/DRIVERS/BRZ/ESFM.DRV	20391	1521d2237eed9f7c4515271a0da98ac3
Program/REDIST/DIRECTX/DRIVERS/BRZ/ESSFM.DRV	17856	0501458bcdfd37d3cf567f12819c4d4c
Program/REDIST/DIRECTX/DRIVERS/BRZ/ESSMPORT.DRV	9952	1b725f8aceeade163af7e171b4b7b727
Program/REDIST/DIRECTX/DRIVERS/BRZ/ESSMPU.DRV	9895	2764365c88857919de584498aabccb6d
Program/REDIST/DIRECTX/DRIVERS/BRZ/F3AUDIO.INF	6540	c14e62ef0c89d9429ae9b9af5c89cef6
Program/REDIST/DIRECTX/DRIVERS/BRZ/F3MIDI.DRV	8839	1d4ffdeeda660ac50594df7012fb4017
Program/REDIST/DIRECTX/DRIVERS/BRZ/F3WAVMIX.DRV	48939	afebc7a094f35aacc147284cf274891b
Program/REDIST/DIRECTX/DRIVERS/BRZ/MMMIXER.DLL	5344	853099130f8d321832751086ea0b50bd
Program/REDIST/DIRECTX/DRIVERS/BRZ/MSDDRAW.INF	386	fa448d794c9b98393eb799578fbacc8b
Program/REDIST/DIRECTX/DRIVERS/BRZ/MSDSOUND.INF	313	0d99f1b55a9e520846affa01cd02b4cf
Program/REDIST/DIRECTX/DRIVERS/BRZ/MSJSTICK.DRV	7760	4408660eb3746d462a8eaaa6fc53eceb
Program/REDIST/DIRECTX/DRIVERS/BRZ/MSMPU401.DRV	8720	d5bfb6d957da248282876ea1541f1eae
Program/REDIST/DIRECTX/DRIVERS/BRZ/MSOPL.DRV	17904	45123f9cb401f3ca9b485e887e92ee4e
Program/REDIST/DIRECTX/DRIVERS/BRZ/MSSBLST.DRV	41184	330cadcb831f5bc0fd16b49cccaf54fb
Program/REDIST/DIRECTX/DRIVERS/BRZ/MSSBLST.VXD	21158	3ea3fdda7a3fc89a7dfd66c239d0fe53
Program/REDIST/DIRECTX/DRIVERS/BRZ/MSSNDSYS.DRV	41499	5430fd4824c3ed68cac94c1ccaa9b655
Program/REDIST/DIRECTX/DRIVERS/BRZ/MSSNDSYS.VXD	31468	a6fba6fd9f5b9aaee33173e69a5e29ed
Program/REDIST/DIRECTX/DRIVERS/BRZ/MVI514MX.DRV	39024	f5a779ed516b2941481b4b56c5d90ae3
Program/REDIST/DIRECTX/DRIVERS/BRZ/MVIWAVE.DRV	20000	bfba6a3ba0a6140de4e313d8aaa447d2
Program/REDIST/DIRECTX/DRIVERS/BRZ/MVMIXER.DRV	60096	59bf46469853271f5bf1e7c7b07d76af
Program/REDIST/DIRECTX/DRIVERS/BRZ/MVPROAUD.DRV	26368	91de64b7b6d6ad2dace1dd748896e6f6
Program/REDIST/DIRECTX/DRIVERS/BRZ/PA3DMXD.DRV	53760	97886520ba09ee754d38cfc1f2ae3501
Program/REDIST/DIRECTX/DRIVERS/BRZ/SB16.VXD	114253	2fe175a4ab9a8f99ca1504a7da198748
Program/REDIST/DIRECTX/DRIVERS/BRZ/SB16AWE.INF	28999	934e63a43999b3c8610cd260ba6304ed
Program/REDIST/DIRECTX/DRIVERS/BRZ/SB16SND.DRV	76523	724e8599fec2827562c1df05b9ece949
Program/REDIST/DIRECTX/DRIVERS/BRZ/SBAWE.VXD	78966	575b827b8e8558b417474fccf7f6d5d8
Program/REDIST/DIRECTX/DRIVERS/BRZ/SBAWE32.DRV	31675	1279394d75644c526fb2f1d015ae012f
Program/REDIST/DIRECTX/DRIVERS/BRZ/SBFM.DRV	4176	7e045363399f518190730f7516a4b70e
Program/REDIST/DIRECTX/DRIVERS/BRZ/VMVID.VXD	18594	4ffa3288ef7518155653c600d1b2d590
Program/REDIST/DIRECTX/DRIVERS/BRZ/VPASD.VXD	24170	dfdb3e0bffab29b6d704ebfcad906cdb
Program/REDIST/DIRECTX/DRIVERS/BRZ/WAVE.INF	58263	26c6831ee79b302baadbeaeef062483e
Program/REDIST/DIRECTX/DRIVERS/CHS/AZT16.VXD	26770	ff9e01e4d5dcc36297e450274e6707dd
Program/REDIST/DIRECTX/DRIVERS/CHS/AZT16C.DRV	41440	87478d90bf4bbd5a59b77b7331f7ebe3
Program/REDIST/DIRECTX/DRIVERS/CHS/AZT16W.DRV	42992	b4677b47fba121f534bee8a50c752c1a
Program/REDIST/DIRECTX/DRIVERS/CHS/CWBAUDIO.DRV	227435	bae31f360cca90b165f841ce882936a0
Program/REDIST/DIRECTX/DRIVERS/CHS/CWBAUDIO.INF	27897	07d92b0caebcf326b61147e7b08c66fa
Program/REDIST/DIRECTX/DRIVERS/CHS/CWBMIDI.VXD	14525	d6636838205af67867c26c7671cdbe5a
Program/REDIST/DIRECTX/DRIVERS/CHS/DRIVERS.DDB	18832	5ad2fe970f0a62ff1c27b0becbfa12ec
Program/REDIST/DIRECTX/DRIVERS/CHS/DXATI.INF	9850	59d7b9a5685df9a80bb66bc81a689478
Program/REDIST/DIRECTX/DRIVERS/CHS/DXCHIPS.INF	5346	d7aec73179676bf006d1a585fafc6b25
Program/REDIST/DIRECTX/DRIVERS/CHS/DXCIRRUS.INF	9885	0f4203206cef54841c622d0dc240d9c6
Program/REDIST/DIRECTX/DRIVERS/CHS/DXGLINT.INF	525	27f13b97de9ca209b952b1519413202f
Program/REDIST/DIRECTX/DRIVERS/CHS/DXI128.INF	2952	dc13be0dfe626ee4cc74de6506a1ff1a
Program/REDIST/DIRECTX/DRIVERS/CHS/DXMGA.INF	2511	73bafea5c6c403a3db9a277984fd2b3c
Program/REDIST/DIRECTX/DRIVERS/CHS/DXMM3DFX.INF	1606	26785cc244140c5b7eaa543b8d1b0d08
Program/REDIST/DIRECTX/DRIVERS/CHS/DXNEOM.INF	2278	2a16b4097633277d5d11f987a7d36f12
Program/REDIST/DIRECTX/DRIVERS/CHS/DXPMEDIA.INF	6317	1c2a3b5e4f3b836aaaf5b32c6325d538
Program/REDIST/DIRECTX/DRIVERS/CHS/DXREND.INF	3759	788fcf56167fc03664a0ac140a360be2
Program/REDIST/DIRECTX/DRIVERS/CHS/DXS3.INF	17462	824ac0aaa9bc227a3b8ca3a458f7c4aa
Program/REDIST/DIRECTX/DRIVERS/CHS/DXTRID.INF	2599	c4239ab324cfc0b68af8b6a172b21bf1
Program/REDIST/DIRECTX/DRIVERS/CHS/DXTSENG.INF	6017	8c17283de901842316a828fb1a67d9b2
Program/REDIST/DIRECTX/DRIVERS/CHS/DXWD.INF	3607	b6a97935ed60e80adb485a4362c339b1
Program/REDIST/DIRECTX/DRIVERS/CHS/ES1488.DRV	43488	9cd447519f5073d51e6786bf1ff3237a
Program/REDIST/DIRECTX/DRIVERS/CHS/ES1488.VXD	20116	1cccbbd993b4ac752ce9eca342190196
Program/REDIST/DIRECTX/DRIVERS/CHS/ES1688.DRV	55719	2acb2321d7aba25aea76689268cacfe1
Program/REDIST/DIRECTX/DRIVERS/CHS/ES1688.VXD	32390	1801b7a5ccd7bbd8603a909984039888
Program/REDIST/DIRECTX/DRIVERS/CHS/ES1788.DRV	56999	0cee46f831aa2e935974be7d8bc46e6d
Program/REDIST/DIRECTX/DRIVERS/CHS/ES1788.VXD	32390	6d8d3b3e5cf7aac59a6bffd2dfbb20f3
Program/REDIST/DIRECTX/DRIVERS/CHS/ES488.DRV	36592	2f2d895d1e63af3d29845f719d07b111
Program/REDIST/DIRECTX/DRIVERS/CHS/ES488.VXD	19603	fcb21ff4846b4ecba95cb6e981bc565f
Program/REDIST/DIRECTX/DRIVERS/CHS/ES688.DRV	46592	4e2c5d843a6d5b1f4a031d93ac09bf08
Program/REDIST/DIRECTX/DRIVERS/CHS/ES688.VXD	22675	689548af2fd0b82929f87258bcd59e9b
Program/REDIST/DIRECTX/DRIVERS/CHS/ESFM.DRV	20295	f7ece07a483131ed934dc50edf99951a
Program/REDIST/DIRECTX/DRIVERS/CHS/ESSFM.DRV	17792	3f0a99a907c9799a87a2a06438e109ca
Program/REDIST/DIRECTX/DRIVERS/CHS/ESSMPORT.DRV	9696	8537923e5e4a99c0c04ea286e34290c1
Program/REDIST/DIRECTX/DRIVERS/CHS/ESSMPU.DRV	9895	078d08f9049df6a3ba0ba1f422f32b0a
Program/REDIST/DIRECTX/DRIVERS/CHS/F3AUDIO.INF	6493	00a093cbedf4cbf69dc6bd96de49625f
Program/REDIST/DIRECTX/DRIVERS/CHS/F3MIDI.DRV	8839	49a181c51a1f8012cc1f1ae079ff756f
Program/REDIST/DIRECTX/DRIVERS/CHS/F3WAVMIX.DRV	47083	27ab58dfe02ce9332dec4bae4947f76d
Program/REDIST/DIRECTX/DRIVERS/CHS/MMMIXER.DLL	4976	0a190a5dae49f87737a3e5dcedd2a02b
Program/REDIST/DIRECTX/DRIVERS/CHS/MSDDRAW.INF	386	fa448d794c9b98393eb799578fbacc8b
Program/REDIST/DIRECTX/DRIVERS/CHS/MSDSOUND.INF	313	0d99f1b55a9e520846affa01cd02b4cf
Program/REDIST/DIRECTX/DRIVERS/CHS/MSJSTICK.DRV	7744	7f0b3a15463ffea1226fb5baac0ae29a
Program/REDIST/DIRECTX/DRIVERS/CHS/MSMPU401.DRV	8704	e0adbc7921a0130b1b86a670604c12ec
Program/REDIST/DIRECTX/DRIVERS/CHS/MSOPL.DRV	17856	fcf7b02631d61d1ed1b01cba1d19a27e
Program/REDIST/DIRECTX/DRIVERS/CHS/MSSBLST.DRV	40464	67505f4374183143ba671ecd763e255b
Program/REDIST/DIRECTX/DRIVERS/CHS/MSSBLST.VXD	21158	e23ab5e0e086b9fd4f2cf70d9b835c50
Program/REDIST/DIRECTX/DRIVERS/CHS/MSSNDSYS.DRV	40491	a61552389eb7a4c85b9ee669d277979a
Program/REDIST/DIRECTX/DRIVERS/CHS/MSSNDSYS.VXD	31476	95c41c9a81705a223bbc75902b631941
Program/REDIST/DIRECTX/DRIVERS/CHS/MVI514MX.DRV	37936	020879e367b4ca182ff5cfd1f5978da0
Program/REDIST/DIRECTX/DRIVERS/CHS/MVIWAVE.DRV	19072	c30d39b86338d0b3dcfe28daada5449a
Program/REDIST/DIRECTX/DRIVERS/CHS/MVMIXER.DRV	59200	0c1e102a64b06cbc5d96692d79bb0276
Program/REDIST/DIRECTX/DRIVERS/CHS/MVPROAUD.DRV	25984	cf388a2c5aeb8d597e6f6b01c297b2f3
Program/REDIST/DIRECTX/DRIVERS/CHS/PA3DMXD.DRV	52800	e23cdbabe32feba4cfa08d66a6001e35
Program/REDIST/DIRECTX/DRIVERS/CHS/SB16.VXD	114245	f1d9e13dd97fc1542320922acce81782
Program/REDIST/DIRECTX/DRIVERS/CHS/SB16AWE.INF	28249	fd7976a8c5c8207ce664dcc4f0084f1a
Program/REDIST/DIRECTX/DRIVERS/CHS/SB16SND.DRV	74955	0dcdf7b5d1885da1e9925c874950ecfb
Program/REDIST/DIRECTX/DRIVERS/CHS/SBAWE.VXD	78954	4a0db12f6c0a0d489fb593593c0313af
Program/REDIST/DIRECTX/DRIVERS/CHS/SBAWE32.DRV	31339	16c27cbc6ce3ae59e7f33bfcae11f18e
Program/REDIST/DIRECTX/DRIVERS/CHS/SBFM.DRV	4064	85d1c0ef0616dfe9c45859c3bd5a6079
Program/REDIST/DIRECTX/DRIVERS/CHS/VMVID.VXD	18586	1205063de38612efca8313fc8c2481de
Program/REDIST/DIRECTX/DRIVERS/CHS/VPASD.VXD	24162	76615d6b0de43544a4c5c92a9d93aa09
Program/REDIST/DIRECTX/DRIVERS/CHS/WAVE.INF	58263	26c6831ee79b302baadbeaeef062483e
Program/REDIST/DIRECTX/DRIVERS/CHT/AZT16.VXD	26770	ff9e01e4d5dcc36297e450274e6707dd
Program/REDIST/DIRECTX/DRIVERS/CHT/AZT16C.DRV	41488	a6bc989d4086aae0362ac2621c598a9f
Program/REDIST/DIRECTX/DRIVERS/CHT/AZT16W.DRV	43040	02c7bd0490e34b3aaf65f040c963503e
Program/REDIST/DIRECTX/DRIVERS/CHT/CWBAUDIO.DRV	227499	432c84e3cc0037749dd42e6470968403
Program/REDIST/DIRECTX/DRIVERS/CHT/CWBAUDIO.INF	27907	247713e40b453e90a1689a293e0b77d6
Program/REDIST/DIRECTX/DRIVERS/CHT/CWBMIDI.VXD	14513	6e6859a11eea1a9f4357f0976ab066b9
Program/REDIST/DIRECTX/DRIVERS/CHT/DRIVERS.DDB	18832	1dcf72da145b5d8d5b823e4f8694420c
Program/REDIST/DIRECTX/DRIVERS/CHT/DXATI.INF	9850	59d7b9a5685df9a80bb66bc81a689478
Program/REDIST/DIRECTX/DRIVERS/CHT/DXCHIPS.INF	5346	d7aec73179676bf006d1a585fafc6b25
Program/REDIST/DIRECTX/DRIVERS/CHT/DXCIRRUS.INF	9885	0f4203206cef54841c622d0dc240d9c6
Program/REDIST/DIRECTX/DRIVERS/CHT/DXGLINT.INF	522	96a19487b40edaded41b90d727543d85
Program/REDIST/DIRECTX/DRIVERS/CHT/DXI128.INF	2952	dc13be0dfe626ee4cc74de6506a1ff1a
Program/REDIST/DIRECTX/DRIVERS/CHT/DXMGA.INF	2511	73bafea5c6c403a3db9a277984fd2b3c
Program/REDIST/DIRECTX/DRIVERS/CHT/DXMM3DFX.INF	1606	26785cc244140c5b7eaa543b8d1b0d08
Program/REDIST/DIRECTX/DRIVERS/CHT/DXNEOM.INF	2278	2a16b4097633277d5d11f987a7d36f12
Program/REDIST/DIRECTX/DRIVERS/CHT/DXPMEDIA.INF	6317	1c2a3b5e4f3b836aaaf5b32c6325d538
Program/REDIST/DIRECTX/DRIVERS/CHT/DXREND.INF	3759	788fcf56167fc03664a0ac140a360be2
Program/REDIST/DIRECTX/DRIVERS/CHT/DXS3.INF	17462	824ac0aaa9bc227a3b8ca3a458f7c4aa
Program/REDIST/DIRECTX/DRIVERS/CHT/DXTRID.INF	2599	c4239ab324cfc0b68af8b6a172b21bf1
Program/REDIST/DIRECTX/DRIVERS/CHT/DXTSENG.INF	6017	8c17283de901842316a828fb1a67d9b2
Program/REDIST/DIRECTX/DRIVERS/CHT/DXWD.INF	3607	b6a97935ed60e80adb485a4362c339b1
Program/REDIST/DIRECTX/DRIVERS/CHT/ES1488.DRV	43936	8682896de946cd10f3d8af8fb6bfe0bc
Program/REDIST/DIRECTX/DRIVERS/CHT/ES1488.VXD	20116	1cccbbd993b4ac752ce9eca342190196
Program/REDIST/DIRECTX/DRIVERS/CHT/ES1688.DRV	55751	75bf92829159c314cd88e2934be81050
Program/REDIST/DIRECTX/DRIVERS/CHT/ES1688.VXD	32386	e129a521454894c98f375941d617ac6c
Program/REDIST/DIRECTX/DRIVERS/CHT/ES1788.DRV	57047	c95950743434ec5d6d45c26927f81577
Program/REDIST/DIRECTX/DRIVERS/CHT/ES1788.VXD	32386	08aa35107980b4c4039c8a84ead65aae
Program/REDIST/DIRECTX/DRIVERS/CHT/ES488.DRV	36976	8fd9a0a8d27340d8b275227ef95d8e5b
Program/REDIST/DIRECTX/DRIVERS/CHT/ES488.VXD	19603	fcb21ff4846b4ecba95cb6e981bc565f
Program/REDIST/DIRECTX/DRIVERS/CHT/ES688.DRV	47008	bf87c3c1e927d0071453cb191f5b073e
Program/REDIST/DIRECTX/DRIVERS/CHT/ES688.VXD	22675	689548af2fd0b82929f87258bcd59e9b
Program/REDIST/DIRECTX/DRIVERS/CHT/ESFM.DRV	20311	165784b39ef17a45b987aaa2d9ce5d33
Program/REDIST/DIRECTX/DRIVERS/CHT/ESSFM.DRV	17920	067a367dc45f7ec1a202f9378f4bbf3c
Program/REDIST/DIRECTX/DRIVERS/CHT/ESSMPORT.DRV	9728	612f85672a784a3d78dafa34a4286964
Program/REDIST/DIRECTX/DRIVERS/CHT/ESSMPU.DRV	9895	451a24b856ae33d344623aacd93961aa
Program/REDIST/DIRECTX/DRIVERS/CHT/F3AUDIO.INF	6511	9305eccee901c8420500d14e1aef595e
Program/REDIST/DIRECTX/DRIVERS/CHT/F3MIDI.DRV	8839	4726ff6fd3950463b1808e8be2cfca7e
Program/REDIST/DIRECTX/DRIVERS/CHT/F3WAVMIX.DRV	47147	f1e8b61c22a35eb08f7e89ca7e0631b2
Program/REDIST/DIRECTX/DRIVERS/CHT/MMMIXER.DLL	4944	be2335263886f63814e79884146b2f8b
Program/REDIST/DIRECTX/DRIVERS/CHT/MSDDRAW.INF	386	fa448d794c9b98393eb799578fbacc8b
Program/REDIST/DIRECTX/DRIVERS/CHT/MSDSOUND.INF	313	0d99f1b55a9e520846affa01cd02b4cf
Program/REDIST/DIRECTX/DRIVERS/CHT/MSJSTICK.DRV	7744	79acb26ba5a6d2346abbb88b885cc3c1
Program/REDIST/DIRECTX/DRIVERS/CHT/MSMPU401.DRV	8704	89448ed7b2bb53cdfd32b51d3436ba26
Program/REDIST/DIRECTX/DRIVERS/CHT/MSOPL.DRV	17856	1c539e1024ca019c4902d81cb073900d
Program/REDIST/DIRECTX/DRIVERS/CHT/MSSBLST.DRV	40448	53e6a96eccbbb4f72ddc7fc181a86ddc
Program/REDIST/DIRECTX/DRIVERS/CHT/MSSBLST.VXD	21150	5fdbff6dfcabb436a1991772e39effcb
Program/REDIST/DIRECTX/DRIVERS/CHT/MSSNDSYS.DRV	40459	0377530d7d109d36b443ddea8a8b6141
Program/REDIST/DIRECTX/DRIVERS/CHT/MSSNDSYS.VXD	31476	ed8acb3dfde8a295180ca862f4078d7f
Program/REDIST/DIRECTX/DRIVERS/CHT/MVI514MX.DRV	38000	5370f28d15410313c5d40fb5b9c40a9b
Program/REDIST/DIRECTX/DRIVERS/CHT/MVIWAVE.DRV	19120	290b3b39575e055191a515d4dc96d8df
Program/REDIST/DIRECTX/DRIVERS/CHT/MVMIXER.DRV	59232	fcf06d99a983f465382f9ada83d5d09a
Program/REDIST/DIRECTX/DRIVERS/CHT/MVPROAUD.DRV	25968	1130d5d7d35a9e690dff0bcb8f0cbf16
Program/REDIST/DIRECTX/DRIVERS/CHT/PA3DMXD.DRV	52832	8ea514ffc90032bb5a2f04b19b6fab03
Program/REDIST/DIRECTX/DRIVERS/CHT/SB16.VXD	114241	4245f6749cf1c497282531ef1a3df7b0
Program/REDIST/DIRECTX/DRIVERS/CHT/SB16AWE.INF	28316	94ad8ca4191989ec6960b2194b17b4a1
Program/REDIST/DIRECTX/DRIVERS/CHT/SB16SND.DRV	75019	bbfce2e349e05682d1f9d456495e2ead
Program/REDIST/DIRECTX/DRIVERS/CHT/SBAWE.VXD	78958	1726582d2ea94f442f1c43bb35da564f
Program/REDIST/DIRECTX/DRIVERS/CHT/SBAWE32.DRV	31339	aa9f26c7f790fcc33b44d902a8c3c458
Program/REDIST/DIRECTX/DRIVERS/CHT/SBFM.DRV	4112	0631f5b679389cc1fd77e5805668b898
Program/REDIST/DIRECTX/DRIVERS/CHT/VMVID.VXD	18586	1205063de38612efca8313fc8c2481de
Program/REDIST/DIRECTX/DRIVERS/CHT/VPASD.VXD	24162	76615d6b0de43544a4c5c92a9d93aa09
Program/REDIST/DIRECTX/DRIVERS/CHT/WAVE.INF	58263	26c6831ee79b302baadbeaeef062483e
Program/REDIST/DIRECTX/DRIVERS/CZE/AZT16.VXD	26774	01b1b1442f6fcd6e4d1bea7c5e4405c2
Program/REDIST/DIRECTX/DRIVERS/CZE/AZT16C.DRV	42336	32f78bb914e2ce5b9e995db6a927a6f3
Program/REDIST/DIRECTX/DRIVERS/CZE/AZT16W.DRV	44016	2c1be56e99a2f085c45abd9cff7fd63b
Program/REDIST/DIRECTX/DRIVERS/CZE/CWBAUDIO.DRV	228603	096c3fb110ad508023d07d7fe471492d
Program/REDIST/DIRECTX/DRIVERS/CZE/CWBAUDIO.INF	28383	f0e69349a09ee976702aadbbdbe47b18
Program/REDIST/DIRECTX/DRIVERS/CZE/CWBMIDI.VXD	14513	6e6859a11eea1a9f4357f0976ab066b9
Program/REDIST/DIRECTX/DRIVERS/CZE/DRIVERS.DDB	18832	4a0d6a902136a139e60d2277ed9f77ad
Program/REDIST/DIRECTX/DRIVERS/CZE/DXATI.INF	9850	59d7b9a5685df9a80bb66bc81a689478
Program/REDIST/DIRECTX/DRIVERS/CZE/DXCHIPS.INF	5346	d7aec73179676bf006d1a585fafc6b25
Program/REDIST/DIRECTX/DRIVERS/CZE/DXCIRRUS.INF	9885	0f4203206cef54841c622d0dc240d9c6
Program/REDIST/DIRECTX/DRIVERS/CZE/DXGLINT.INF	541	4b53de0c83f8c591633adc8cd594feb9
Program/REDIST/DIRECTX/DRIVERS/CZE/DXI128.INF	2952	dc13be0dfe626ee4cc74de6506a1ff1a
Program/REDIST/DIRECTX/DRIVERS/CZE/DXMGA.INF	2511	73bafea5c6c403a3db9a277984fd2b3c
Program/REDIST/DIRECTX/DRIVERS/CZE/DXMM3DFX.INF	1606	26785cc244140c5b7eaa543b8d1b0d08
Program/REDIST/DIRECTX/DRIVERS/CZE/DXNEOM.INF	2278	2a16b4097633277d5d11f987a7d36f12
Program/REDIST/DIRECTX/DRIVERS/CZE/DXPMEDIA.INF	6317	1c2a3b5e4f3b836aaaf5b32c6325d538
Program/REDIST/DIRECTX/DRIVERS/CZE/DXREND.INF	3759	788fcf56167fc03664a0ac140a360be2
Program/REDIST/DIRECTX/DRIVERS/CZE/DXS3.INF	17462	824ac0aaa9bc227a3b8ca3a458f7c4aa
Program/REDIST/DIRECTX/DRIVERS/CZE/DXTRID.INF	2599	c4239ab324cfc0b68af8b6a172b21bf1
Program/REDIST/DIRECTX/DRIVERS/CZE/DXTSENG.INF	6017	8c17283de901842316a828fb1a67d9b2
Program/REDIST/DIRECTX/DRIVERS/CZE/DXWD.INF	3607	b6a97935ed60e80adb485a4362c339b1
Program/REDIST/DIRECTX/DRIVERS/CZE/ES1488.DRV	44208	fc1e237bf544c83e4f81eb1111f0a028
Program/REDIST/DIRECTX/DRIVERS/CZE/ES1488.VXD	20120	42ed39129758d993ea0ef926cc4d0cc5
Program/REDIST/DIRECTX/DRIVERS/CZE/ES1688.DRV	56743	8b3b30f6babded838b0a1242853adc4c
Program/REDIST/DIRECTX/DRIVERS/CZE/ES1688.VXD	32382	28c78aaf478eea21f1a819bcd014d229
Program/REDIST/DIRECTX/DRIVERS/CZE/ES1788.DRV	58007	af4681a801323a2a9b30a1f4929c8d48
Program/REDIST/DIRECTX/DRIVERS/CZE/ES1788.VXD	32382	01c935ee3dfafac884007a3b9e9f2b0b
Program/REDIST/DIRECTX/DRIVERS/CZE/ES488.DRV	37200	b1045eed696aad414312a660809c1ce5
Program/REDIST/DIRECTX/DRIVERS/CZE/ES488.VXD	19607	56ec71f36bc5d5ebb6a3890ec617e944
Program/REDIST/DIRECTX/DRIVERS/CZE/ES688.DRV	47312	0d16ffa7ace5a21284f5d0c2daec7852
Program/REDIST/DIRECTX/DRIVERS/CZE/ES688.VXD	22679	0e0f63f516a2dcb8dbe52906709d01db
Program/REDIST/DIRECTX/DRIVERS/CZE/ESFM.DRV	20359	15db600de35ecc9787047106db045d85
Program/REDIST/DIRECTX/DRIVERS/CZE/ESSFM.DRV	17840	644d173b4885b124031184ea30036ca7
Program/REDIST/DIRECTX/DRIVERS/CZE/ESSMPORT.DRV	9904	822df2dd00d0b1248b1e3fd8def79d44
Program/REDIST/DIRECTX/DRIVERS/CZE/ESSMPU.DRV	9895	475ff62b7ea628dd81d8e3dbedac1f73
Program/REDIST/DIRECTX/DRIVERS/CZE/F3AUDIO.INF	6518	56326b69189be8cb71ff430153b6c849
Program/REDIST/DIRECTX/DRIVERS/CZE/F3MIDI.DRV	8839	d5a3a465ddddf886ff6ee7088b7e9e49
Program/REDIST/DIRECTX/DRIVERS/CZE/F3WAVMIX.DRV	48299	d5c79d4bbce9cfc29b443e58a6164bc5
Program/REDIST/DIRECTX/DRIVERS/CZE/MMMIXER.DLL	5312	0fc1d44ebb9edf13d9c1a254cbdc7877
Program/REDIST/DIRECTX/DRIVERS/CZE/MSDDRAW.INF	386	fa448d794c9b98393eb799578fbacc8b
Program/REDIST/DIRECTX/DRIVERS/CZE/MSDSOUND.INF	313	0d99f1b55a9e520846affa01cd02b4cf
Program/REDIST/DIRECTX/DRIVERS/CZE/MSJSTICK.DRV	7776	ae3fc9b1df4fe678bd087f9e5e80da78
Program/REDIST/DIRECTX/DRIVERS/CZE/MSMPU401.DRV	8720	8de8e4d5f22dfa10b26515044a603873
Program/REDIST/DIRECTX/DRIVERS/CZE/MSOPL.DRV	17888	bd9f940d8a40db6ae446cff871f47179
Program/REDIST/DIRECTX/DRIVERS/CZE/MSSBLST.DRV	41216	ed4882f43d64d53883bf6b0889f8c658
Program/REDIST/DIRECTX/DRIVERS/CZE/MSSBLST.VXD	21154	ec2d67fc8f520a2398ef506a9198a639
Program/REDIST/DIRECTX/DRIVERS/CZE/MSSNDSYS.DRV	41227	8741237f0567fc3da414e36fd3da9f51
Program/REDIST/DIRECTX/DRIVERS/CZE/MSSNDSYS.VXD	31472	9188493080cee8aa78255f598aa854a5
Program/REDIST/DIRECTX/DRIVERS/CZE/MVI514MX.DRV	38608	bea380c2685890911e10be74eb967c44
Program/REDIST/DIRECTX/DRIVERS/CZE/MVIWAVE.DRV	19680	c21368cd55bc816813dde00e5804dfb6
Program/REDIST/DIRECTX/DRIVERS/CZE/MVMIXER.DRV	59872	b4b311fcdfbbb5d6449cdd419a0462fe
Program/REDIST/DIRECTX/DRIVERS/CZE/MVPROAUD.DRV	26224	830ec6384224e5ae0a165ae1859e2c9e
Program/REDIST/DIRECTX/DRIVERS/CZE/PA3DMXD.DRV	53552	0d9a77d9abe095630a6229e287d047e0
Program/REDIST/DIRECTX/DRIVERS/CZE/SB16.VXD	114237	fc8736124e0baa5151070ac2abc4a914
Program/REDIST/DIRECTX/DRIVERS/CZE/SB16AWE.INF	28723	c8e867494f1b526e9c3dfb6f02405741
Program/REDIST/DIRECTX/DRIVERS/CZE/SB16SND.DRV	76059	6a892dd62896c282e2df9d993c7cc250
Program/REDIST/DIRECTX/DRIVERS/CZE/SBAWE.VXD	78954	b2e30754f384475fd1f1bfe55769d05c
Program/REDIST/DIRECTX/DRIVERS/CZE/SBAWE32.DRV	31547	36bcfdb6207fc26ef5074ed8a4174a08
Program/REDIST/DIRECTX/DRIVERS/CZE/SBFM.DRV	4128	aed6e224b3e36701c3267b82ed78c12a
Program/REDIST/DIRECTX/DRIVERS/CZE/VMVID.VXD	18590	5d2b09e75300420a181ebf55e7ee0146
Program/REDIST/DIRECTX/DRIVERS/CZE/VPASD.VXD	24166	234107a5bb2202d298e74fd764a42143
Program/REDIST/DIRECTX/DRIVERS/CZE/WAVE.INF	58263	26c6831ee79b302baadbeaeef062483e
Program/REDIST/DIRECTX/DRIVERS/DAN/AZT16.VXD	26770	42c714f3ff2c52ec645358a6adfc214e
Program/REDIST/DIRECTX/DRIVERS/DAN/AZT16C.DRV	42176	17f94d8fc79b069cc7f1d465b8177948
Program/REDIST/DIRECTX/DRIVERS/DAN/AZT16W.DRV	43744	140d1926b96281a9cb5c79c5776adde0
Program/REDIST/DIRECTX/DRIVERS/DAN/CWBAUDIO.DRV	228575	54b5709ed1f73d03fd5ec37b9f1d1c5c
Program/REDIST/DIRECTX/DRIVERS/DAN/CWBAUDIO.INF	28279	b657dc8e7bd2fdef21693af5c274ce74
Program/REDIST/DIRECTX/DRIVERS/DAN/CWBMIDI.VXD	14513	d96f8879f0dff6ff042bad0d29dc168a
Program/REDIST/DIRECTX/DRIVERS/DAN/DRIVERS.DDB	18832	2ccb266648b1055dfab5215f173e3983
Program/REDIST/DIRECTX/DRIVERS/DAN/DXATI.INF	9850	59d7b9a5685df9a80bb66bc81a689478
Program/REDIST/DIRECTX/DRIVERS/DAN/DXCHIPS.INF	5346	d7aec73179676bf006d1a585fafc6b25
Program/REDIST/DIRECTX/DRIVERS/DAN/DXCIRRUS.INF	9885	0f4203206cef54841c622d0dc240d9c6
Program/REDIST/DIRECTX/DRIVERS/DAN/DXGLINT.INF	602	f1f12af512633ad476a555555d156f36
Program/REDIST/DIRECTX/DRIVERS/DAN/DXI128.INF	2952	dc13be0dfe626ee4cc74de6506a1ff1a
Program/REDIST/DIRECTX/DRIVERS/DAN/DXMGA.INF	2511	73bafea5c6c403a3db9a277984fd2b3c
Program/REDIST/DIRECTX/DRIVERS/DAN/DXMM3DFX.INF	1606	26785cc244140c5b7eaa543b8d1b0d08
Program/REDIST/DIRECTX/DRIVERS/DAN/DXNEOM.INF	2278	2a16b4097633277d5d11f987a7d36f12
Program/REDIST/DIRECTX/DRIVERS/DAN/DXPMEDIA.INF	6317	1c2a3b5e4f3b836aaaf5b32c6325d538
Program/REDIST/DIRECTX/DRIVERS/DAN/DXREND.INF	3759	788fcf56167fc03664a0ac140a360be2
Program/REDIST/DIRECTX/DRIVERS/DAN/DXS3.INF	17462	824ac0aaa9bc227a3b8ca3a458f7c4aa
Program/REDIST/DIRECTX/DRIVERS/DAN/DXTRID.INF	2599	c4239ab324cfc0b68af8b6a172b21bf1
Program/REDIST/DIRECTX/DRIVERS/DAN/DXTSENG.INF	6017	8c17283de901842316a828fb1a67d9b2
Program/REDIST/DIRECTX/DRIVERS/DAN/DXWD.INF	3607	b6a97935ed60e80adb485a4362c339b1
Program/REDIST/DIRECTX/DRIVERS/DAN/ES1488.DRV	43984	5e03ab178656d31f8bf6d6fad51ca84d
Program/REDIST/DIRECTX/DRIVERS/DAN/ES1488.VXD	20116	0c2ee752c47350f306605594ba584631
Program/REDIST/DIRECTX/DRIVERS/DAN/ES1688.DRV	56411	569d21603bef4aba477354fc0b46222b
Program/REDIST/DIRECTX/DRIVERS/DAN/ES1688.VXD	32382	42fa4fb52abecd6366b3db6053bbb748
Program/REDIST/DIRECTX/DRIVERS/DAN/ES1788.DRV	57691	ce727bb413db9382fed29dc66da0c771
Program/REDIST/DIRECTX/DRIVERS/DAN/ES1788.VXD	32382	59bea61a5d01a6acc45924a501a43fe5
Program/REDIST/DIRECTX/DRIVERS/DAN/ES488.DRV	36976	13255ba2be905336f61d6e425691eec6
Program/REDIST/DIRECTX/DRIVERS/DAN/ES488.VXD	19603	cbcb7894d52885f0bcb61290668a6054
Program/REDIST/DIRECTX/DRIVERS/DAN/ES688.DRV	47072	d80c23b3821d63b61a73b987c8bec16d
Program/REDIST/DIRECTX/DRIVERS/DAN/ES688.VXD	22675	724ac43ddee20f09cc04a3c768d92f92
Program/REDIST/DIRECTX/DRIVERS/DAN/ESFM.DRV	20347	7f4a840fed96c92e30ca31c316e1962a
Program/REDIST/DIRECTX/DRIVERS/DAN/ESSFM.DRV	17840	e654a4d34b8e96e019e4a8db0aaff824
Program/REDIST/DIRECTX/DRIVERS/DAN/ESSMPORT.DRV	9904	82de44fd7fd071cf1281f2f3d32e14b2
Program/REDIST/DIRECTX/DRIVERS/DAN/ESSMPU.DRV	9883	19d926a8d9e75df68b1f0a07c4052fe0
Program/REDIST/DIRECTX/DRIVERS/DAN/F3AUDIO.INF	6528	7c6c6bd5db8f8a20c52b94bae2adf655
Program/REDIST/DIRECTX/DRIVERS/DAN/F3MIDI.DRV	8827	9a04097f25c95854665058f0aedc5c72
Program/REDIST/DIRECTX/DRIVERS/DAN/F3WAVMIX.DRV	47819	cd78b3ec46906785a949124b34e8e76f
Program/REDIST/DIRECTX/DRIVERS/DAN/MMMIXER.DLL	5232	e5bf48fd598df368555c62f1f131439f
Program/REDIST/DIRECTX/DRIVERS/DAN/MSDDRAW.INF	386	fa448d794c9b98393eb799578fbacc8b
Program/REDIST/DIRECTX/DRIVERS/DAN/MSDSOUND.INF	313	0d99f1b55a9e520846affa01cd02b4cf
Program/REDIST/DIRECTX/DRIVERS/DAN/MSJSTICK.DRV	7760	e39aef3d8e019735ef6cbe6d07a6cd0f
Program/REDIST/DIRECTX/DRIVERS/DAN/MSMPU401.DRV	8704	6eb06aa935ba44d5611dc7db6b589983
Program/REDIST/DIRECTX/DRIVERS/DAN/MSOPL.DRV	17888	e06a44c3346a4ca18bff20d8402b3497
Program/REDIST/DIRECTX/DRIVERS/DAN/MSSBLST.DRV	40896	86de7e82af3acf09758c8c1ec5c3c934
Program/REDIST/DIRECTX/DRIVERS/DAN/MSSBLST.VXD	21146	41cb509d4f544d58127e5c4904fc3d59
Program/REDIST/DIRECTX/DRIVERS/DAN/MSSNDSYS.DRV	41071	fdc0fc956c10fa4c5df317a19ce5dfaf
Program/REDIST/DIRECTX/DRIVERS/DAN/MSSNDSYS.VXD	31468	ae96ed9f9453f21bc776338f7271eeaa
Program/REDIST/DIRECTX/DRIVERS/DAN/MVI514MX.DRV	38576	5937f76f5482ce72723dfe349cd8c12a
Program/REDIST/DIRECTX/DRIVERS/DAN/MVIWAVE.DRV	19792	0ab6e0f483eb398582f1945339797b73
Program/REDIST/DIRECTX/DRIVERS/DAN/MVMIXER.DRV	59536	46ae5cbb55f6dbeffab2a433cadec20d
Program/REDIST/DIRECTX/DRIVERS/DAN/MVPROAUD.DRV	26224	75f9daee8065ced516101f4cdf33b244
Program/REDIST/DIRECTX/DRIVERS/DAN/PA3DMXD.DRV	53264	f6422af18843793013fa525a934fc4bf
Program/REDIST/DIRECTX/DRIVERS/DAN/SB16.VXD	114237	a4361d8ee74bb1b37b307a45275505b5
Program/REDIST/DIRECTX/DRIVERS/DAN/SB16AWE.INF	28630	51025bcf743d557d6a62dbfc58acc092
Program/REDIST/DIRECTX/DRIVERS/DAN/SB16SND.DRV	75803	3bbf9041ace867ca669a1fc67d6acae4
Program/REDIST/DIRECTX/DRIVERS/DAN/SBAWE.VXD	78954	a80fe54eac94fb3a07c87b64c1dc17e8
Program/REDIST/DIRECTX/DRIVERS/DAN/SBAWE32.DRV	31563	29a1ce1a6b7db4cc2c5d0c7609c1785b
Program/REDIST/DIRECTX/DRIVERS/DAN/SBFM.DRV	4128	2935b218b1663d2ba9dc0705cafd4cce
Program/REDIST/DIRECTX/DRIVERS/DAN/VMVID.VXD	18586	4b7d0563c8574ae51e455bcf426ddd5f
Program/REDIST/DIRECTX/DRIVERS/DAN/VPASD.VXD	24162	0aead3091eea53af564b7acedb647cb4
Program/REDIST/DIRECTX/DRIVERS/DAN/WAVE.INF	58263	26c6831ee79b302baadbeaeef062483e
Program/REDIST/DIRECTX/DRIVERS/DUT/AZT16.VXD	26774	9ceea291609fc358167f96bd9b9ccdf4
Program/REDIST/DIRECTX/DRIVERS/DUT/AZT16C.DRV	42448	440198ff515ec41a95d9ded6036fed3f
Program/REDIST/DIRECTX/DRIVERS/DUT/AZT16W.DRV	44080	1c68484f8309915e0c5d2d4496dbf092
Program/REDIST/DIRECTX/DRIVERS/DUT/CWBAUDIO.DRV	228731	f44700b873aa63707fb33adaabe7dca3
Program/REDIST/DIRECTX/DRIVERS/DUT/CWBAUDIO.INF	28349	efdc36e132d8626f02a45b7fbd814a8d
Program/REDIST/DIRECTX/DRIVERS/DUT/CWBMIDI.VXD	14517	bd7f121f9f09296fa00328e0108c9d32
Program/REDIST/DIRECTX/DRIVERS/DUT/DRIVERS.DDB	18832	430d43052034547e5f2ade2dd61c09bd
Program/REDIST/DIRECTX/DRIVERS/DUT/DXATI.INF	9850	59d7b9a5685df9a80bb66bc81a689478
Program/REDIST/DIRECTX/DRIVERS/DUT/DXCHIPS.INF	5346	d7aec73179676bf006d1a585fafc6b25
Program/REDIST/DIRECTX/DRIVERS/DUT/DXCIRRUS.INF	9885	0f4203206cef54841c622d0dc240d9c6
Program/REDIST/DIRECTX/DRIVERS/DUT/DXGLINT.INF	541	6dc9a62d97ad0b214d29d9de332fc8f8
Program/REDIST/DIRECTX/DRIVERS/DUT/DXI128.INF	2952	dc13be0dfe626ee4cc74de6506a1ff1a
Program/REDIST/DIRECTX/DRIVERS/DUT/DXMGA.INF	2511	73bafea5c6c403a3db9a277984fd2b3c
Program/REDIST/DIRECTX/DRIVERS/DUT/DXMM3DFX.INF	1606	26785cc244140c5b7eaa543b8d1b0d08
Program/REDIST/DIRECTX/DRIVERS/DUT/DXNEOM.INF	2278	2a16b4097633277d5d11f987a7d36f12
Program/REDIST/DIRECTX/DRIVERS/DUT/DXPMEDIA.INF	6317	1c2a3b5e4f3b836aaaf5b32c6325d538
Program/REDIST/DIRECTX/DRIVERS/DUT/DXREND.INF	3759	788fcf56167fc03664a0ac140a360be2
Program/REDIST/DIRECTX/DRIVERS/DUT/DXS3.INF	17462	824ac0aaa9bc227a3b8ca3a458f7c4aa
Program/REDIST/DIRECTX/DRIVERS/DUT/DXTRID.INF	2599	c4239ab324cfc0b68af8b6a172b21bf1
Program/REDIST/DIRECTX/DRIVERS/DUT/DXTSENG.INF	6017	8c17283de901842316a828fb1a67d9b2
Program/REDIST/DIRECTX/DRIVERS/DUT/DXWD.INF	3607	b6a97935ed60e80adb485a4362c339b1
Program/REDIST/DIRECTX/DRIVERS/DUT/ES1488.DRV	44128	69245a52ecff347a9eb1f903c0c0b561
Program/REDIST/DIRECTX/DRIVERS/DUT/ES1488.VXD	20120	3efec526205710e4ec9d2b5cf7902346
Program/REDIST/DIRECTX/DRIVERS/DUT/ES1688.DRV	56631	15b6512fd5716b9957cdda157aaf0678
Program/REDIST/DIRECTX/DRIVERS/DUT/ES1688.VXD	32386	d577cd41ff9c3a5ba1c9d42d22a06348
Program/REDIST/DIRECTX/DRIVERS/DUT/ES1788.DRV	57911	5a39f51f5238c795107b55bd2bf80575
Program/REDIST/DIRECTX/DRIVERS/DUT/ES1788.VXD	32386	952e7824193d2c3c44b5dc0dd75cfd43
Program/REDIST/DIRECTX/DRIVERS/DUT/ES488.DRV	37088	99d9d22b5eb1ceb651333336bc9f08f9
Program/REDIST/DIRECTX/DRIVERS/DUT/ES488.VXD	19611	882676c70be7825c5fa5972c7b479565
Program/REDIST/DIRECTX/DRIVERS/DUT/ES688.DRV	47216	6a763f1d6ee34035604af9b777cdedab
Program/REDIST/DIRECTX/DRIVERS/DUT/ES688.VXD	22683	805aa40ebbd05649c0926d1ba3a91b3e
Program/REDIST/DIRECTX/DRIVERS/DUT/ESFM.DRV	20391	ec626c8032594f0e8dec50ac83839182
Program/REDIST/DIRECTX/DRIVERS/DUT/ESSFM.DRV	17872	b65536015d3fea18038513a7b92013be
Program/REDIST/DIRECTX/DRIVERS/DUT/ESSMPORT.DRV	9968	a674aa0e7c6ff3a1d1ff82576d17c819
Program/REDIST/DIRECTX/DRIVERS/DUT/ESSMPU.DRV	9911	da369febd85fe9deab44ba408aca6921
Program/REDIST/DIRECTX/DRIVERS/DUT/F3AUDIO.INF	6536	b258b53f82f4c5453b90e9e86498dd0f
Program/REDIST/DIRECTX/DRIVERS/DUT/F3MIDI.DRV	8839	90e37e2c43100476805c90cc7de0ed13
Program/REDIST/DIRECTX/DRIVERS/DUT/F3WAVMIX.DRV	48043	7fe09399fe77f311f5b1db7c5335adca
Program/REDIST/DIRECTX/DRIVERS/DUT/MMMIXER.DLL	5328	7386435853ba7f02d0cafd7b15ac5639
Program/REDIST/DIRECTX/DRIVERS/DUT/MSDDRAW.INF	386	fa448d794c9b98393eb799578fbacc8b
Program/REDIST/DIRECTX/DRIVERS/DUT/MSDSOUND.INF	313	0d99f1b55a9e520846affa01cd02b4cf
Program/REDIST/DIRECTX/DRIVERS/DUT/MSJSTICK.DRV	7792	879656ba1d44475b9dba3ef65ec65cfa
Program/REDIST/DIRECTX/DRIVERS/DUT/MSMPU401.DRV	8736	259c55540b2400295c66b6c610c8e08d
Program/REDIST/DIRECTX/DRIVERS/DUT/MSOPL.DRV	17936	e56286d268aad011146432108acde084
Program/REDIST/DIRECTX/DRIVERS/DUT/MSSBLST.DRV	41040	7d30c6f274030015414a76a70100ddcf
Program/REDIST/DIRECTX/DRIVERS/DUT/MSSBLST.VXD	21154	9ab8e9f6c7e8154de02b18d3203b34f3
Program/REDIST/DIRECTX/DRIVERS/DUT/MSSNDSYS.DRV	41323	de22f47f3dac8764855bf7f3ec7516a4
Program/REDIST/DIRECTX/DRIVERS/DUT/MSSNDSYS.VXD	31472	c604cf9bdebf04b72b327d5f1237b5c9
Program/REDIST/DIRECTX/DRIVERS/DUT/MVI514MX.DRV	39024	0d4a64541402e8d952a23c47777c41d6
Program/REDIST/DIRECTX/DRIVERS/DUT/MVIWAVE.DRV	20272	4adc081daeed4c7e116646e772000ddb
Program/REDIST/DIRECTX/DRIVERS/DUT/MVMIXER.DRV	59744	33ce8b2d7f078f459b1ca2026032b873
Program/REDIST/DIRECTX/DRIVERS/DUT/MVPROAUD.DRV	26288	17d3826a0449b20c6507c7cdd12bf9f9
Program/REDIST/DIRECTX/DRIVERS/DUT/PA3DMXD.DRV	53456	51e5f23ce42f86d63f274cd8104630ab
Program/REDIST/DIRECTX/DRIVERS/DUT/SB16.VXD	114249	5429d3f231d80b02b1850831528fa548
Program/REDIST/DIRECTX/DRIVERS/DUT/SB16AWE.INF	28723	98135b7789c050f097870c58f00fc471
Program/REDIST/DIRECTX/DRIVERS/DUT/SB16SND.DRV	75931	05f3fe87181a056e4c57eaff1f27b7c1
Program/REDIST/DIRECTX/DRIVERS/DUT/SBAWE.VXD	78966	fa77922f4ac3aa307ccefb092e1e4ee5
Program/REDIST/DIRECTX/DRIVERS/DUT/SBAWE32.DRV	31659	c6a24461fb76d28d92ba190e5d7bf76b
Program/REDIST/DIRECTX/DRIVERS/DUT/SBFM.DRV	4208	eb22915908325e9fae2f7fef086a390c
Program/REDIST/DIRECTX/DRIVERS/DUT/VMVID.VXD	18594	c9c8b3f1deeb047ce09dab8125550bf0
Program/REDIST/DIRECTX/DRIVERS/DUT/VPASD.VXD	24170	fed76c85b7b547b7e5ca5842da01268a
Program/REDIST/DIRECTX/DRIVERS/DUT/WAVE.INF	58263	26c6831ee79b302baadbeaeef062483e
Program/REDIST/DIRECTX/DRIVERS/ENG/5631_DIG.INI	38690	6e5037264ff446110a789c28baab3abe
Program/REDIST/DIRECTX/DRIVERS/ENG/5631_HWC.INI	38120	1f45acd5f85a005bb35f4baa1d2eb012
Program/REDIST/DIRECTX/DRIVERS/ENG/5631_SWC.INI	103445	14bb36f76ea07536a865ba7ab8b058ba
Program/REDIST/DIRECTX/DRIVERS/ENG/8811_DIG.INI	33422	bbfd001da074b2f60910fcdbb078eaff
Program/REDIST/DIRECTX/DRIVERS/ENG/8811_HWC.INI	34675	a095d200b95e8da4603c187e0051e45f
Program/REDIST/DIRECTX/DRIVERS/ENG/8811_SWC.INI	36613	a817b9e07bd7f6c15be9fa0761b91170
Program/REDIST/DIRECTX/DRIVERS/ENG/8814_DIG.INI	47471	7834beb3eb2f226d626dc1a1b6a1e729
Program/REDIST/DIRECTX/DRIVERS/ENG/8814_HWC.INI	37651	bc75dc63ffb407200e75abf48310bcb4
Program/REDIST/DIRECTX/DRIVERS/ENG/8814_SWC.INI	37651	e766568dfbf72e7675beb755d1f0ac89
Program/REDIST/DIRECTX/DRIVERS/ENG/ATI.VXD	27427	c6db4097ef51f71754c671b7f6452012
Program/REDIST/DIRECTX/DRIVERS/ENG/ATI_D3D.DLL	169472	daec6ea5a32e4f8121c195ee473264d9
Program/REDIST/DIRECTX/DRIVERS/ENG/ATI_DD16.DLL	10960	088e88821fc4d96550239648baa51381
Program/REDIST/DIRECTX/DRIVERS/ENG/ATI_DD32.DLL	335360	6c7fc613a221ff9eba55b98e8e26e5e6
Program/REDIST/DIRECTX/DRIVERS/ENG/ATI_HAL.DLL	85440	2c29487498365ebfabc2a0172733081d
Program/REDIST/DIRECTX/DRIVERS/ENG/ATI_M64.DRV	325696	14aca1b3bc928b2a322555bd4fb3cac5
Program/REDIST/DIRECTX/DRIVERS/ENG/ATI_M64.VXD	29827	a9a0e8930958a239c92b852432024e69
Program/REDIST/DIRECTX/DRIVERS/ENG/ATI_VPE.DLL	18944	60fc1d928deeeef4476f033a27ffdf4a
Program/REDIST/DIRECTX/DRIVERS/ENG/ATIM32.DLL	10752	1f08215c2c01335ea9a12bf049fade67
Program/REDIST/DIRECTX/DRIVERS/ENG/ATIM32.DRV	99184	e4ec175bbcc0071d97e8cc0c6721e38a
Program/REDIST/DIRECTX/DRIVERS/ENG/ATIM64.DLL	18432	3625979d8ff2df1cb06a5b59830ccb5c
Program/REDIST/DIRECTX/DRIVERS/ENG/ATIM64.DRV	84992	765da1273372a613c8913db34f509292
Program/REDIST/DIRECTX/DRIVERS/ENG/ATIM8.DRV	129584	8cd818a11e66d68fd9d3408909633062
Program/REDIST/DIRECTX/DRIVERS/ENG/AZT16.VXD	26770	ff9e01e4d5dcc36297e450274e6707dd
Program/REDIST/DIRECTX/DRIVERS/ENG/AZT16C.DRV	42080	2bcda8ef259bed1ee2ed043d15d363a0
Program/REDIST/DIRECTX/DRIVERS/ENG/AZT16W.DRV	43664	53be637705ac5fde01794f982beb0af8
Program/REDIST/DIRECTX/DRIVERS/ENG/CHIPMM.DLL	13824	2445ca262dde7a0abc29d10c3fa99863
Program/REDIST/DIRECTX/DRIVERS/ENG/CHIPMM.DRV	53984	cd6cceeafe37cd498e3cc9a2006c6ae5
Program/REDIST/DIRECTX/DRIVERS/ENG/CHIPMM.VXD	24672	645d4c318df803030086caa744eaff50
Program/REDIST/DIRECTX/DRIVERS/ENG/CHIPS.DLL	9216	13b09ce13f21531feab6947b648ca3bb
Program/REDIST/DIRECTX/DRIVERS/ENG/CHIPS.DRV	29280	252f04c5054d8bc27a0b9bbc7c4cdbd4
Program/REDIST/DIRECTX/DRIVERS/ENG/CHIPS.VXD	18591	597d2639009211ed9458e0ed78e914af
Program/REDIST/DIRECTX/DRIVERS/ENG/CIRRUS.DLL	23040	0b60787376c5adbf1b5f4a6f59cc8ced
Program/REDIST/DIRECTX/DRIVERS/ENG/CIRRUS.DRV	70704	48d7fe9e6dde48887140b28ef0f11730
Program/REDIST/DIRECTX/DRIVERS/ENG/CIRRUS.VXD	18477	5dd805a480f89b7b8ca757ef157a58e5
Program/REDIST/DIRECTX/DRIVERS/ENG/CIRRUSLG.DLL	24576	b919a261aa206e5389f33d68bfea6011
Program/REDIST/DIRECTX/DRIVERS/ENG/CIRRUSLG.DRV	199568	7ecaf06f63011fcad2f4544e3531917c
Program/REDIST/DIRECTX/DRIVERS/ENG/CIRRUSLG.VXD	16549	ae1fd71437793af17103bedf0d4901bc
Program/REDIST/DIRECTX/DRIVERS/ENG/CIRRUSMM.DLL	46592	1e774506f073f380e4781bdf22a9bacc
Program/REDIST/DIRECTX/DRIVERS/ENG/CIRRUSMM.DRV	77584	87780392ffde362ab43d42ed6f8a69ba
Program/REDIST/DIRECTX/DRIVERS/ENG/CLD3D.DLL	402432	279eaf73c1f3285115ee3d95e15ddbd7
Program/REDIST/DIRECTX/DRIVERS/ENG/CPQ_BB.DLL	3552	0265f7add160e2a4448581be173da826
Program/REDIST/DIRECTX/DRIVERS/ENG/CSPMAN.DLL	18576	27d095f202028cc0ea9ebe6dad46d6fb
Program/REDIST/DIRECTX/DRIVERS/ENG/CT_65550.DLL	3600	c6977612a0e82a862b9fa833d74ec551
Program/REDIST/DIRECTX/DRIVERS/ENG/CWBAUDIO.BIN	8225	7e97b72e5fd9b8f14eeda6a0cd5fdfa2
Program/REDIST/DIRECTX/DRIVERS/ENG/CWBAUDIO.DRV	227904	d60fe8012b69be2c50b4b7077627ab19
Program/REDIST/DIRECTX/DRIVERS/ENG/CWBAUDIO.INF	27971	298df7f79879e0f2d554a1c5bd5ded69
Program/REDIST/DIRECTX/DRIVERS/ENG/CWBAUDIX.VXD	101399	e45adc792ff01d50c4764547d35b4d9a
Program/REDIST/DIRECTX/DRIVERS/ENG/CWBFM.DRV	21152	bf743183d98b77133ae8372dabd8184e
Program/REDIST/DIRECTX/DRIVERS/ENG/CWBJOY.VXD	8124	2810caa19ab94cda25a0847c7bc0b390
Program/REDIST/DIRECTX/DRIVERS/ENG/CWBMIDI.DRV	9152	87636353410465613eba9c37f8c7c004
Program/REDIST/DIRECTX/DRIVERS/ENG/CWBMIDI.VXD	14513	6e6859a11eea1a9f4357f0976ab066b9
Program/REDIST/DIRECTX/DRIVERS/ENG/CWBPCPLE.DLL	38912	12e0e3af74efa15b2db3b617352f1747
Program/REDIST/DIRECTX/DRIVERS/ENG/DRIVERS.DDB	18832	ec398d1bdc4a7986f71cb83d43111cf8
Program/REDIST/DIRECTX/DRIVERS/ENG/DX_VER.DLL	3952	58a661522961db9903dd49dcffeb091e
Program/REDIST/DIRECTX/DRIVERS/ENG/DXATI.INF	9752	a41eec78a77735ba0b0ac84117433ff1
Program/REDIST/DIRECTX/DRIVERS/ENG/DXCHIPS.INF	5283	039bc22ad0ad8c9afb9fb179ff3d7550
Program/REDIST/DIRECTX/DRIVERS/ENG/DXCIRRUS.INF	9815	8ec929a7327406d224c906bf89a81c92
Program/REDIST/DIRECTX/DRIVERS/ENG/DXGLINT.INF	531	0f3a09e63998a6833fe43861d9c448f7
Program/REDIST/DIRECTX/DRIVERS/ENG/DXI128.INF	2931	dd19f195fbb8bcfa73e963537fabebba
Program/REDIST/DIRECTX/DRIVERS/ENG/DXMGA.INF	2469	4ac61195a3013622a348093581125cd5
Program/REDIST/DIRECTX/DRIVERS/ENG/DXMM3DFX.INF	1578	d1fe3df4ba3b70fd392b74b412e1c26c
Program/REDIST/DIRECTX/DRIVERS/ENG/DXNEOM.INF	2257	7cd65d87da5caca7001c962dd16062fb
Program/REDIST/DIRECTX/DRIVERS/ENG/DXPMEDIA.INF	6296	3a22dc1f0cb01c165296d4e4733fb6b9
Program/REDIST/DIRECTX/DRIVERS/ENG/DXREND.INF	3717	a1fc62a508c3021727e17cded1dc2997
Program/REDIST/DIRECTX/DRIVERS/ENG/DXS3.INF	17315	214191564bd8ccd14508eb4b6e57e449
Program/REDIST/DIRECTX/DRIVERS/ENG/DXTRID.INF	2571	7adac95aee1930a12d64e4c9f1dba38a
Program/REDIST/DIRECTX/DRIVERS/ENG/DXTSENG.INF	5961	0b5d8ea787ff17e82355b5008827cc4a
Program/REDIST/DIRECTX/DRIVERS/ENG/DXWD.INF	3579	fb5c8f0b761228047afcd21b6265b59b
Program/REDIST/DIRECTX/DRIVERS/ENG/ES1488.DRV	43936	8682896de946cd10f3d8af8fb6bfe0bc
Program/REDIST/DIRECTX/DRIVERS/ENG/ES1488.VXD	20116	1cccbbd993b4ac752ce9eca342190196
Program/REDIST/DIRECTX/DRIVERS/ENG/ES1688.DRV	56192	769cdadd9a742b05078e1194aa42b452
Program/REDIST/DIRECTX/DRIVERS/ENG/ES1688.VXD	32382	28c78aaf478eea21f1a819bcd014d229
Program/REDIST/DIRECTX/DRIVERS/ENG/ES1788.DRV	57472	e79b419b69bcffc3386c401021c818ed
Program/REDIST/DIRECTX/DRIVERS/ENG/ES1788.VXD	32382	01c935ee3dfafac884007a3b9e9f2b0b
Program/REDIST/DIRECTX/DRIVERS/ENG/ES488.DRV	36976	8fd9a0a8d27340d8b275227ef95d8e5b
Program/REDIST/DIRECTX/DRIVERS/ENG/ES488.VXD	19603	fcb21ff4846b4ecba95cb6e981bc565f
Program/REDIST/DIRECTX/DRIVERS/ENG/ES688.DRV	47008	bf87c3c1e927d0071453cb191f5b073e
Program/REDIST/DIRECTX/DRIVERS/ENG/ES688.VXD	22675	689548af2fd0b82929f87258bcd59e9b
Program/REDIST/DIRECTX/DRIVERS/ENG/ESFM.DRV	20320	67e17746ed09e8f45c70b9905d1aa5e4
Program/REDIST/DIRECTX/DRIVERS/ENG/ESSFM.DRV	17920	067a367dc45f7ec1a202f9378f4bbf3c
Program/REDIST/DIRECTX/DRIVERS/ENG/ESSMPORT.DRV	9904	f476b3bb368a88d32a1e56d68c9a2ce8
Program/REDIST/DIRECTX/DRIVERS/ENG/ESSMPU.DRV	9776	aba1d653b316c9111e2db72a533d6931
Program/REDIST/DIRECTX/DRIVERS/ENG/ET6000.DLL	41472	2536a2a6c4238b2f753c817a07e17721
Program/REDIST/DIRECTX/DRIVERS/ENG/ET6000.DRV	69920	3d7eced75fefb00d0cd7c990a1c12871
Program/REDIST/DIRECTX/DRIVERS/ENG/ET6000.VXD	17443	4cef4fdfd2fb9a7d1c9999dd97821f05
Program/REDIST/DIRECTX/DRIVERS/ENG/F3AUDIO.INF	6500	46b4ee77e7145ea33f793971631cf05d
Program/REDIST/DIRECTX/DRIVERS/ENG/F3DRIVER.VXD	87152	3980d0487ca3a6c716e61affab944a1a
Program/REDIST/DIRECTX/DRIVERS/ENG/F3DSOUND.VXD	96851	55383d6434bd9c02b31aec7f636ab66e
Program/REDIST/DIRECTX/DRIVERS/ENG/F3JOYSTK.VXD	5945	986431c42d09f4778b1f3e09036e93eb
Program/REDIST/DIRECTX/DRIVERS/ENG/F3MIDI.DRV	8720	cbc768ec67b7a06a749fca28bc7ce053
Program/REDIST/DIRECTX/DRIVERS/ENG/F3VRTSB.VXD	23160	30036241b9332ea9c5833b72fabf7a9f
Program/REDIST/DIRECTX/DRIVERS/ENG/F3WAVMIX.DRV	47504	88bfa69427cf3e38f1f5aac00a9099cd
Program/REDIST/DIRECTX/DRIVERS/ENG/FINDMVI.DLL	5728	fd5edd3232a851f1634481b96c930c47
Program/REDIST/DIRECTX/DRIVERS/ENG/FRAMEBUF.DLL	8192	308971a535d016e9ee6ad5a07a1d15f1
Program/REDIST/DIRECTX/DRIVERS/ENG/FRAMEBUF.DRV	22192	fca641ed52030a7e6fdf41e6b1721766
Program/REDIST/DIRECTX/DRIVERS/ENG/I128.DLL	115200	12ce2b37d5f978a00a1aa32ccc388d7d
Program/REDIST/DIRECTX/DRIVERS/ENG/I128.DRV	42624	6dea8caf549cf6640e5df7bcb9942c65
Program/REDIST/DIRECTX/DRIVERS/ENG/I128.VXD	14972	656f1b435f1f064861a3fb6576ae1803
Program/REDIST/DIRECTX/DRIVERS/ENG/ISNA.DLL	6064	8321b30d95a0868fb1d6fcacd6dfa10f
Program/REDIST/DIRECTX/DRIVERS/ENG/ISS3_765.DLL	3520	b36ff2b35e8edd271f53d7826ff67429
Program/REDIST/DIRECTX/DRIVERS/ENG/LICENSE.TXT	1315	17c6063103ec787cb3d9e76b8f1cb6e9
Program/REDIST/DIRECTX/DRIVERS/ENG/MGALLX64.DLL	96304	ef747720b00be930bc9e560342f19d1e
Program/REDIST/DIRECTX/DRIVERS/ENG/MGAPDX64.DRV	125984	dd0510a97d21287d1ef63378f88dfb70
Program/REDIST/DIRECTX/DRIVERS/ENG/MGAPDX64.VXD	31798	2682355bd644cadb6814be2ceceaac95
Program/REDIST/DIRECTX/DRIVERS/ENG/MGAXDD.DRV	21532	db2e7900cfe978dd66979a27c81fa9d4
Program/REDIST/DIRECTX/DRIVERS/ENG/MGAXDD.VXD	9846	3be6c5915f270fd1e9ca6f078843d5e0
Program/REDIST/DIRECTX/DRIVERS/ENG/MGAXDD32.DLL	225792	8bd10603c4602bb1419c698334d1bf91
Program/REDIST/DIRECTX/DRIVERS/ENG/MM3DFX.DRV	12592	db2471dce6e203691ee562a4863d98c4
Program/REDIST/DIRECTX/DRIVERS/ENG/MM3DFX.VXD	6077	61aebe04d06059a681ea337264c98834
Program/REDIST/DIRECTX/DRIVERS/ENG/MM3DFX16.DLL	4816	5891e2ac90bdb959e97121297a294be5
Program/REDIST/DIRECTX/DRIVERS/ENG/MM3DFX32.DLL	220672	8379b2336aa06e154e22f219c22d36ee
Program/REDIST/DIRECTX/DRIVERS/ENG/MMMIXER.DLL	5152	8ff6eeb136aa4b8dd17587b2e5d879ee
Program/REDIST/DIRECTX/DRIVERS/ENG/MSANALOG.VXD	12101	702dee2dcd8d774c921d9ea2bb2a7a84
Program/REDIST/DIRECTX/DRIVERS/ENG/MSDDRAW.INF	386	fa448d794c9b98393eb799578fbacc8b
Program/REDIST/DIRECTX/DRIVERS/ENG/MSDSOUND.INF	313	0d99f1b55a9e520846affa01cd02b4cf
Program/REDIST/DIRECTX/DRIVERS/ENG/MSJSTICK.DRV	7744	ddb0c9feece81f53171ddf0f28e670eb
Program/REDIST/DIRECTX/DRIVERS/ENG/MSMPU401.DRV	8704	f09819a12b6505bd1ba5823f8f5d6f64
Program/REDIST/DIRECTX/DRIVERS/ENG/MSOPL.DRV	17952	53701fef697bbacfaa97ec7c3348cca0
Program/REDIST/DIRECTX/DRIVERS/ENG/MSSBLST.DRV	40848	8276a27f041fa30e86bc5ce8d9c11d85
Program/REDIST/DIRECTX/DRIVERS/ENG/MSSBLST.VXD	21154	ec2d67fc8f520a2398ef506a9198a639
Program/REDIST/DIRECTX/DRIVERS/ENG/MSSNDSYS.DRV	40816	79915f5bedd7655390cd7623136a0b76
Program/REDIST/DIRECTX/DRIVERS/ENG/MSSNDSYS.VXD	31472	9188493080cee8aa78255f598aa854a5
Program/REDIST/DIRECTX/DRIVERS/ENG/MVI514MX.DRV	38432	6e98ba89db525a68e4ea61bd9ac61e78
Program/REDIST/DIRECTX/DRIVERS/ENG/MVIWAVE.DRV	19760	7a5201cfd573d2b6c8aca1ff1679c66b
Program/REDIST/DIRECTX/DRIVERS/ENG/MVMIXER.DRV	59568	ee431f7047ac226ae6fcf16839e8884b
Program/REDIST/DIRECTX/DRIVERS/ENG/MVPAS.VXD	8898	dadc62f6b4fa42066586ae199dfd88ed
Program/REDIST/DIRECTX/DRIVERS/ENG/MVPROAUD.DRV	26128	3662b2d3e83d45b4cb296d6a60fe66a1
Program/REDIST/DIRECTX/DRIVERS/ENG/NEOM.DLL	15360	e6a5a5bd5ad83a94d2b5c54b8fc03bef
Program/REDIST/DIRECTX/DRIVERS/ENG/NEOM.DRV	70128	a8df722734d9cc12bdd6421c72f6e405
Program/REDIST/DIRECTX/DRIVERS/ENG/NEOM.VXD	16119	a81dcddca33413d1b89fd7e93f77c51f
Program/REDIST/DIRECTX/DRIVERS/ENG/OAK.VXD	14477	6840592f92a422536c38a600314b1c36
Program/REDIST/DIRECTX/DRIVERS/ENG/PA3DMXD.DRV	53200	c637dcfb8d0c99b7d8db9c32060b6c22
Program/REDIST/DIRECTX/DRIVERS/ENG/PMEDIA.DRV	57696	f82e9a238d75d97192c98a87ccd9b0c6
Program/REDIST/DIRECTX/DRIVERS/ENG/PMEDIA.VXD	45329	bb4d083676c8f4079ce6554f43465f75
Program/REDIST/DIRECTX/DRIVERS/ENG/PMEDIA32.DLL	371200	10c11a88970992247d277a71c5104921
Program/REDIST/DIRECTX/DRIVERS/ENG/REND.DRV	51344	d7beeb62c2f5709ac4a350aa47d21da3
Program/REDIST/DIRECTX/DRIVERS/ENG/REND.VXD	10851	e28f93ea189e3bbae1dd80f069cb685b
Program/REDIST/DIRECTX/DRIVERS/ENG/REND2D.UC	22213	f639b72dead84fa19110c354a6476c04
Program/REDIST/DIRECTX/DRIVERS/ENG/REND32.DLL	295424	25cf6327e0517d4d2412c2939c8c5eef
Program/REDIST/DIRECTX/DRIVERS/ENG/REND3D.UC	70905	170cc68125080afb88efdedeaf5f369f
Program/REDIST/DIRECTX/DRIVERS/ENG/RENDUC.DLL	21488	1aee2b8625c4012edf94ced948f480c1
Program/REDIST/DIRECTX/DRIVERS/ENG/S3.DLL	33792	d69e347d870805ab2cf0d54eeb8b3abf
Program/REDIST/DIRECTX/DRIVERS/ENG/S3.DRV	136352	48f6665f3ca9102ffc747783f4536abe
Program/REDIST/DIRECTX/DRIVERS/ENG/S3.VXD	33854	5ad48f769e4a7e3db517eed9489d52db
Program/REDIST/DIRECTX/DRIVERS/ENG/S3_CP3CQ.DLL	4560	12fd319633270d486aad8232097f4bb9
Program/REDIST/DIRECTX/DRIVERS/ENG/S3M65.DLL	27136	386a448729764ea5778027ddf9e32d61
Program/REDIST/DIRECTX/DRIVERS/ENG/S3M65.DRV	141952	d1efe5751762a2aa5adc3d16b5ccd93c
Program/REDIST/DIRECTX/DRIVERS/ENG/S3M65.VXD	25811	08d240a3ced91d5048fccdbcdced2ff9
Program/REDIST/DIRECTX/DRIVERS/ENG/S3MM.DLL	74240	0122a9b995ef8f3c9641eccd1cc4d944
Program/REDIST/DIRECTX/DRIVERS/ENG/S3MM.DRV	142736	9a919fc5bc75ed2eeaf586f65b503731
Program/REDIST/DIRECTX/DRIVERS/ENG/S3V.DLL	326144	46a278258c461ba863a4c4fea05dcfe9
Program/REDIST/DIRECTX/DRIVERS/ENG/S3V.DRV	117296	b242f737bd8fe49d8ef85da482688416
Program/REDIST/DIRECTX/DRIVERS/ENG/SB16.VXD	114237	fc8736124e0baa5151070ac2abc4a914
Program/REDIST/DIRECTX/DRIVERS/ENG/SB16AWE.INF	28317	101ae7b32f09b5ee93956f1e86de6018
Program/REDIST/DIRECTX/DRIVERS/ENG/SB16SND.DRV	75392	675cbcc3d340caa9818e74571d1949c1
Program/REDIST/DIRECTX/DRIVERS/ENG/SBAWE.VXD	78954	b2e30754f384475fd1f1bfe55769d05c
Program/REDIST/DIRECTX/DRIVERS/ENG/SBAWE32.DRV	31456	fefd41796c0bc9456b19a25dc2b816c3
Program/REDIST/DIRECTX/DRIVERS/ENG/SBFM.DRV	4128	bf1e998132f5b065c2408b74b9a64939
Program/REDIST/DIRECTX/DRIVERS/ENG/SUPERVGA.DRV	52320	0c84409cab6b1504ec40724d5493c2d8
Program/REDIST/DIRECTX/DRIVERS/ENG/SYNTHGM.SBK	34832	fc17fabdd86a176205b0cc55c5ab772f
Program/REDIST/DIRECTX/DRIVERS/ENG/TMV1.MPD	12048	e865a851dfac3b20d1fb69bd2c944c67
Program/REDIST/DIRECTX/DRIVERS/ENG/TRID_BIO.DLL	30400	531ab9ff950b4e356cec9403b3c26627
Program/REDIST/DIRECTX/DRIVERS/ENG/TRID_PCI.DLL	22016	e40c58a5da60c2849f2527bba1d56b4b
Program/REDIST/DIRECTX/DRIVERS/ENG/TRID_PCI.DRV	50096	54dd2db9cd2b14b6f7044c6be7b06653
Program/REDIST/DIRECTX/DRIVERS/ENG/TRID_PCI.VXD	14313	fe6130b99466ccf8784b6d860b4b0f4a
Program/REDIST/DIRECTX/DRIVERS/ENG/TSD32.DLL	17408	220915495f6cdac5c73ec52c51e96052
Program/REDIST/DIRECTX/DRIVERS/ENG/TSENG.DLL	10240	ae9a4b7930b96b055d13e17bd92f7d28
Program/REDIST/DIRECTX/DRIVERS/ENG/TSENG.DRV	37824	00af9c11041ca6c1f3e8fd743fa98425
Program/REDIST/DIRECTX/DRIVERS/ENG/TSENG.VXD	14536	2f5a550d3b07d3c327ad662aa0e13ea6
Program/REDIST/DIRECTX/DRIVERS/ENG/VGA.DRV	52064	5aeece6cc86be57902752ec2367dc556
Program/REDIST/DIRECTX/DRIVERS/ENG/VIDEO7.VXD	14943	27e239de019e9a01f148aa0c6983bdf2
Program/REDIST/DIRECTX/DRIVERS/ENG/VJOYD.VXD	30320	64b4f31c3fe027cb5b02a07b17e4f575
Program/REDIST/DIRECTX/DRIVERS/ENG/VMVID.VXD	18586	1205063de38612efca8313fc8c2481de
Program/REDIST/DIRECTX/DRIVERS/ENG/VPASD.VXD	24162	76615d6b0de43544a4c5c92a9d93aa09
Program/REDIST/DIRECTX/DRIVERS/ENG/VWSTREAM.VXD	5175	7b0c6aca25f70b9025442925873e9b7b
Program/REDIST/DIRECTX/DRIVERS/ENG/WAVE.INF	58179	8e80479eb69ed1e9a95c1e7a4b76243d
Program/REDIST/DIRECTX/DRIVERS/ENG/WD.DLL	10752	7c648f9f090121847300ec111d006ed0
Program/REDIST/DIRECTX/DRIVERS/ENG/WD.DRV	25840	f6317d09ff5b577a1a8448d3006f9642
Program/REDIST/DIRECTX/DRIVERS/ENG/WD.VXD	18333	9c5f95a09b8a02ae5b10a7a20622a918
Program/REDIST/DIRECTX/DRIVERS/ENG/WFM0200.ACV	13456	91e1b12260011e47b38ed2c48503eb71
Program/REDIST/DIRECTX/DRIVERS/ENG/WFM0200A.CSP	2238	6ed53f6518c38ad654a9896d00044d00
Program/REDIST/DIRECTX/DRIVERS/ENG/WFM0201.ACV	5184	dffd3360dd30d9351fc24c64149c629e
Program/REDIST/DIRECTX/DRIVERS/ENG/WFM0201A.CSP	6776	03a7e5ff345b509bad67e7856f3b307d
Program/REDIST/DIRECTX/DRIVERS/ENG/WFM0202.ACV	9056	bd73d8f8b4a294f18230ab5573824c5b
Program/REDIST/DIRECTX/DRIVERS/ENG/WFM0202A.CSP	9004	f8c423e1aa9206f53b8e35c323053656
Program/REDIST/DIRECTX/DRIVERS/ENG/WFM0203.ACV	9056	c396cd07aabc544008ebf46af87e7041
Program/REDIST/DIRECTX/DRIVERS/ENG/WFM0203A.CSP	9004	0d23959c4805c327aa5a03d691f96cd4
Program/REDIST/DIRECTX/DRIVERS/ENG/WSTREAM.DLL	9712	be23ef975577b09823e87c728509e8b9
Program/REDIST/DIRECTX/DRIVERS/FIN/AZT16.VXD	26766	855d3dfed2f6b96d4c59ce635b39ada9
Program/REDIST/DIRECTX/DRIVERS/FIN/AZT16C.DRV	42336	8c495d07e6b133b16e574ac560f726fd
Program/REDIST/DIRECTX/DRIVERS/FIN/AZT16W.DRV	43952	0cc502b9219a7cb74845ad73b5085a1b
Program/REDIST/DIRECTX/DRIVERS/FIN/CWBAUDIO.DRV	228923	4e1d8045871945026837a64594beaaf5
Program/REDIST/DIRECTX/DRIVERS/FIN/CWBAUDIO.INF	28437	5a5189423c5fa1340af7131c8580b1e1
Program/REDIST/DIRECTX/DRIVERS/FIN/CWBMIDI.VXD	14509	47dafcbb9f097315bac8c243377905c1
Program/REDIST/DIRECTX/DRIVERS/FIN/DRIVERS.DDB	18832	75d91403d02c01be8fb3bcc25085a5cc
Program/REDIST/DIRECTX/DRIVERS/FIN/DXATI.INF	9850	59d7b9a5685df9a80bb66bc81a689478
Program/REDIST/DIRECTX/DRIVERS/FIN/DXCHIPS.INF	5346	d7aec73179676bf006d1a585fafc6b25
Program/REDIST/DIRECTX/DRIVERS/FIN/DXCIRRUS.INF	9885	0f4203206cef54841c622d0dc240d9c6
Program/REDIST/DIRECTX/DRIVERS/FIN/DXGLINT.INF	540	cda3a06a33151654ba29ad8b1da7b919
Program/REDIST/DIRECTX/DRIVERS/FIN/DXI128.INF	2952	dc13be0dfe626ee4cc74de6506a1ff1a
Program/REDIST/DIRECTX/DRIVERS/FIN/DXMGA.INF	2511	73bafea5c6c403a3db9a277984fd2b3c
Program/REDIST/DIRECTX/DRIVERS/FIN/DXMM3DFX.INF	1606	26785cc244140c5b7eaa543b8d1b0d08
Program/REDIST/DIRECTX/DRIVERS/FIN/DXNEOM.INF	2278	2a16b4097633277d5d11f987a7d36f12
Program/REDIST/DIRECTX/DRIVERS/FIN/DXPMEDIA.INF	6317	1c2a3b5e4f3b836aaaf5b32c6325d538
Program/REDIST/DIRECTX/DRIVERS/FIN/DXREND.INF	3759	788fcf56167fc03664a0ac140a360be2
Program/REDIST/DIRECTX/DRIVERS/FIN/DXS3.INF	17462	824ac0aaa9bc227a3b8ca3a458f7c4aa
Program/REDIST/DIRECTX/DRIVERS/FIN/DXTRID.INF	2599	c4239ab324cfc0b68af8b6a172b21bf1
Program/REDIST/DIRECTX/DRIVERS/FIN/DXTSENG.INF	6017	8c17283de901842316a828fb1a67d9b2
Program/REDIST/DIRECTX/DRIVERS/FIN/DXWD.INF	3607	b6a97935ed60e80adb485a4362c339b1
Program/REDIST/DIRECTX/DRIVERS/FIN/ES1488.DRV	44048	bec079ef62565966ebb854f429d9043b
Program/REDIST/DIRECTX/DRIVERS/FIN/ES1488.VXD	20112	2712f089608987b8c73efe029dd0f35c
Program/REDIST/DIRECTX/DRIVERS/FIN/ES1688.DRV	56475	324a5e114f637fcd5ca5cddd59bd8ddc
Program/REDIST/DIRECTX/DRIVERS/FIN/ES1688.VXD	32382	18a5df4c2780afa77ed70051c321d6f0
Program/REDIST/DIRECTX/DRIVERS/FIN/ES1788.DRV	57755	bc6fdf7990d757889f6f130777a58703
Program/REDIST/DIRECTX/DRIVERS/FIN/ES1788.VXD	32382	eca3d2ee967841fd53555f31b3bf7457
Program/REDIST/DIRECTX/DRIVERS/FIN/ES488.DRV	37072	dc6945992c626a7fd57d1e4b930fd127
Program/REDIST/DIRECTX/DRIVERS/FIN/ES488.VXD	19599	0d1856f58825b56134e93b37119ea8e9
Program/REDIST/DIRECTX/DRIVERS/FIN/ES688.DRV	47184	60afc2198cf1b4a203e4aa1114165618
Program/REDIST/DIRECTX/DRIVERS/FIN/ES688.VXD	22671	2a89146274fb21dcb7cef9a820c827f6
Program/REDIST/DIRECTX/DRIVERS/FIN/ESFM.DRV	20343	439d91edd9bfe9fae8acfea7de881445
Program/REDIST/DIRECTX/DRIVERS/FIN/ESSFM.DRV	17856	b65ee207907c5eef5a1bbfc58dde7d40
Program/REDIST/DIRECTX/DRIVERS/FIN/ESSMPORT.DRV	9904	7fd447dc901da094a97b8dbfa7c1fff5
Program/REDIST/DIRECTX/DRIVERS/FIN/ESSMPU.DRV	9883	b1f4e22b87fc33b2a6e8e26f3be8e9ff
Program/REDIST/DIRECTX/DRIVERS/FIN/F3AUDIO.INF	6528	7c6c6bd5db8f8a20c52b94bae2adf655
Program/REDIST/DIRECTX/DRIVERS/FIN/F3MIDI.DRV	8827	eb9717f57012040a1f53ed86cb669ad7
Program/REDIST/DIRECTX/DRIVERS/FIN/F3WAVMIX.DRV	48011	3f2ef243cec6dba4b19b3f25d3c9a2d4
Program/REDIST/DIRECTX/DRIVERS/FIN/MMMIXER.DLL	5248	6c6e4214c2cade25eedeea0394e2aae1
Program/REDIST/DIRECTX/DRIVERS/FIN/MSDDRAW.INF	386	fa448d794c9b98393eb799578fbacc8b
Program/REDIST/DIRECTX/DRIVERS/FIN/MSDSOUND.INF	313	0d99f1b55a9e520846affa01cd02b4cf
Program/REDIST/DIRECTX/DRIVERS/FIN/MSJSTICK.DRV	7776	a279ed80115337e93b335a4154e9f437
Program/REDIST/DIRECTX/DRIVERS/FIN/MSMPU401.DRV	8720	08e1e505d8aeb83506908034f7278ef7
Program/REDIST/DIRECTX/DRIVERS/FIN/MSOPL.DRV	17888	18ef677382a244cbc0edd9f104dc9703
Program/REDIST/DIRECTX/DRIVERS/FIN/MSSBLST.DRV	41008	ff1bfb8034d9eb29c5cf954ede147d1d
Program/REDIST/DIRECTX/DRIVERS/FIN/MSSBLST.VXD	21150	784defb74d31c1a91f39acecfa157b3b
Program/REDIST/DIRECTX/DRIVERS/FIN/MSSNDSYS.DRV	41131	0ec8b037411f0e54d7c00cabd6c41af1
Program/REDIST/DIRECTX/DRIVERS/FIN/MSSNDSYS.VXD	31468	064f67cacb9ce1ecfc03bd92625d4604
Program/REDIST/DIRECTX/DRIVERS/FIN/MVI514MX.DRV	38416	5de67b73b397f43579053264b3f37044
Program/REDIST/DIRECTX/DRIVERS/FIN/MVIWAVE.DRV	19664	711d57ad87d5dd3e5f18e5fe2ed37692
Program/REDIST/DIRECTX/DRIVERS/FIN/MVMIXER.DRV	59632	76e8735fe8a88a970bfc6d86573c0b8e
Program/REDIST/DIRECTX/DRIVERS/FIN/MVPROAUD.DRV	26224	a9ef6df2f3f80c581773efedaf7f1f02
Program/REDIST/DIRECTX/DRIVERS/FIN/PA3DMXD.DRV	53344	da9aad00d8ed186dc18940bc145b5833
Program/REDIST/DIRECTX/DRIVERS/FIN/SB16.VXD	114237	be21fb6d1bfbe8d68e9bc65c937532bd
Program/REDIST/DIRECTX/DRIVERS/FIN/SB16AWE.INF	28650	b4b1e8a6ce684dea6469d9245d9669d4
Program/REDIST/DIRECTX/DRIVERS/FIN/SB16SND.DRV	75835	e204bd66e13b7521624b0cfbf39ab43c
Program/REDIST/DIRECTX/DRIVERS/FIN/SBAWE.VXD	78962	2afae13a2f8efa8fa11a86e536ad9341
Program/REDIST/DIRECTX/DRIVERS/FIN/SBAWE32.DRV	31611	7f2c94053d9049691f13bf44afd934a1
Program/REDIST/DIRECTX/DRIVERS/FIN/SBFM.DRV	4160	077396dd239517c203de2c4facd523f5
Program/REDIST/DIRECTX/DRIVERS/FIN/VMVID.VXD	18582	6d6d5deff920d0090fb502c6fae30e1f
Program/REDIST/DIRECTX/DRIVERS/FIN/VPASD.VXD	24158	b738bfbc76f525e8e9810c66af437d76
Program/REDIST/DIRECTX/DRIVERS/FIN/WAVE.INF	58263	26c6831ee79b302baadbeaeef062483e
Program/REDIST/DIRECTX/DRIVERS/FRN/AZT16.VXD	26782	f576e50283cb948fffa6837a80d94077
Program/REDIST/DIRECTX/DRIVERS/FRN/AZT16C.DRV	42768	38778a29f19f6a777789623c454ab548
Program/REDIST/DIRECTX/DRIVERS/FRN/AZT16W.DRV	44368	bece650eb560814441400a8daefae9e7
Program/REDIST/DIRECTX/DRIVERS/FRN/CWBAUDIO.DRV	228507	fd9c76a43c4821a408aaeca55d2f3380
Program/REDIST/DIRECTX/DRIVERS/FRN/CWBAUDIO.INF	28453	6ced01067a6d85b24b2582275b1557b5
Program/REDIST/DIRECTX/DRIVERS/FRN/CWBMIDI.VXD	14521	f5ed48efedadddd43088745732ba4496
Program/REDIST/DIRECTX/DRIVERS/FRN/DRIVERS.DDB	18832	c4b499ed2313272a8ff921d88bda8604
Program/REDIST/DIRECTX/DRIVERS/FRN/DXATI.INF	9850	59d7b9a5685df9a80bb66bc81a689478
Program/REDIST/DIRECTX/DRIVERS/FRN/DXCHIPS.INF	5346	d7aec73179676bf006d1a585fafc6b25
Program/REDIST/DIRECTX/DRIVERS/FRN/DXCIRRUS.INF	9885	0f4203206cef54841c622d0dc240d9c6
Program/REDIST/DIRECTX/DRIVERS/FRN/DXGLINT.INF	543	0cf0037ab3fb659557b9d437cf8f3d95
Program/REDIST/DIRECTX/DRIVERS/FRN/DXI128.INF	2952	dc13be0dfe626ee4cc74de6506a1ff1a
Program/REDIST/DIRECTX/DRIVERS/FRN/DXMGA.INF	2511	73bafea5c6c403a3db9a277984fd2b3c
Program/REDIST/DIRECTX/DRIVERS/FRN/DXMM3DFX.INF	1606	26785cc244140c5b7eaa543b8d1b0d08
Program/REDIST/DIRECTX/DRIVERS/FRN/DXNEOM.INF	2278	2a16b4097633277d5d11f987a7d36f12
Program/REDIST/DIRECTX/DRIVERS/FRN/DXPMEDIA.INF	6317	1c2a3b5e4f3b836aaaf5b32c6325d538
Program/REDIST/DIRECTX/DRIVERS/FRN/DXREND.INF	3759	788fcf56167fc03664a0ac140a360be2
Program/REDIST/DIRECTX/DRIVERS/FRN/DXS3.INF	17462	824ac0aaa9bc227a3b8ca3a458f7c4aa
Program/REDIST/DIRECTX/DRIVERS/FRN/DXTRID.INF	2599	c4239ab324cfc0b68af8b6a172b21bf1
Program/REDIST/DIRECTX/DRIVERS/FRN/DXTSENG.INF	6017	8c17283de901842316a828fb1a67d9b2
Program/REDIST/DIRECTX/DRIVERS/FRN/DXWD.INF	3607	b6a97935ed60e80adb485a4362c339b1
Program/REDIST/DIRECTX/DRIVERS/FRN/ES1488.DRV	44384	e0c783eac1c759e1fa04cd2f47379bde
Program/REDIST/DIRECTX/DRIVERS/FRN/ES1488.VXD	20128	a2365d0ebd7492935f25fcd3354ef4ef
Program/REDIST/DIRECTX/DRIVERS/FRN/ES1688.DRV	56871	806564c91ddeb6304d7f4436ab6f3ca1
Program/REDIST/DIRECTX/DRIVERS/FRN/ES1688.VXD	32386	2da1363ef0d038a87102698015bff30e
Program/REDIST/DIRECTX/DRIVERS/FRN/ES1788.DRV	58103	6cc31ecae13b101cb00ea39d60aa2219
Program/REDIST/DIRECTX/DRIVERS/FRN/ES1788.VXD	32386	e5071a80a3be1cda1f84a439ad894ec0
Program/REDIST/DIRECTX/DRIVERS/FRN/ES488.DRV	37328	d08c5ded4a6952c9c90ddc5856e32fe6
Program/REDIST/DIRECTX/DRIVERS/FRN/ES488.VXD	19615	745299e22620a9acdfde5c29b1bc7df9
Program/REDIST/DIRECTX/DRIVERS/FRN/ES688.DRV	47504	2b2d6787383b21ac83436b43b89bc508
Program/REDIST/DIRECTX/DRIVERS/FRN/ES688.VXD	22687	733bd2f1e0c42131909c349a4250f6cb
Program/REDIST/DIRECTX/DRIVERS/FRN/ESFM.DRV	20375	af09fc916c3fffffc05a597265ea65cd
Program/REDIST/DIRECTX/DRIVERS/FRN/ESSFM.DRV	17856	8c1d80a8cc501eaf6cd73aee7e868805
Program/REDIST/DIRECTX/DRIVERS/FRN/ESSMPORT.DRV	9952	07d32ea9d3db8e0ce7b13b18c8dd5188
Program/REDIST/DIRECTX/DRIVERS/FRN/ESSMPU.DRV	9895	e260f4cc3701b8549b0021f5e515e2ec
Program/REDIST/DIRECTX/DRIVERS/FRN/F3AUDIO.INF	6525	f38703ee1adc5ef5e7b2a2b33f1b48fb
Program/REDIST/DIRECTX/DRIVERS/FRN/F3MIDI.DRV	8839	4046c0799a0f75cb9849ddfddd95fed8
Program/REDIST/DIRECTX/DRIVERS/FRN/F3WAVMIX.DRV	48315	e38c293e487422f13596b2e520f98b92
Program/REDIST/DIRECTX/DRIVERS/FRN/MMMIXER.DLL	5376	4f6006dbe2c2f69dcc7b51fa9a9d71e0
Program/REDIST/DIRECTX/DRIVERS/FRN/MSDDRAW.INF	386	fa448d794c9b98393eb799578fbacc8b
Program/REDIST/DIRECTX/DRIVERS/FRN/MSDSOUND.INF	313	0d99f1b55a9e520846affa01cd02b4cf
Program/REDIST/DIRECTX/DRIVERS/FRN/MSJSTICK.DRV	7776	65eb220aa187062a697ac65f229b43f2
Program/REDIST/DIRECTX/DRIVERS/FRN/MSMPU401.DRV	8720	afaf0171b279a5b68b311f1e996c0f1d
Program/REDIST/DIRECTX/DRIVERS/FRN/MSOPL.DRV	17904	3fd331a7640eef911b98c9086c8f039f
Program/REDIST/DIRECTX/DRIVERS/FRN/MSSBLST.DRV	41248	df34fe6e2619318518305c40f39cd384
Program/REDIST/DIRECTX/DRIVERS/FRN/MSSBLST.VXD	21162	7712861bcd8fa9644cab1aff3d3829b6
Program/REDIST/DIRECTX/DRIVERS/FRN/MSSNDSYS.DRV	41499	281809514bda4c23bdafa0cf22d8053c
Program/REDIST/DIRECTX/DRIVERS/FRN/MSSNDSYS.VXD	31468	9b932e6164d3ea437d75a887d1c2c675
Program/REDIST/DIRECTX/DRIVERS/FRN/MVI514MX.DRV	39008	9d5b9173fe87d1379a9743f03a071d00
Program/REDIST/DIRECTX/DRIVERS/FRN/MVIWAVE.DRV	20176	9cf1217b662b8f95126c3b8944b60ce7
Program/REDIST/DIRECTX/DRIVERS/FRN/MVMIXER.DRV	60096	a62e6691fbdb3d0580bcd58085afe1fc
Program/REDIST/DIRECTX/DRIVERS/FRN/MVPROAUD.DRV	26320	2542ec24ab5b96195c8071528237ecff
Program/REDIST/DIRECTX/DRIVERS/FRN/PA3DMXD.DRV	53728	926dee00e43ca7b57f9df5a2fffe818b
Program/REDIST/DIRECTX/DRIVERS/FRN/SB16.VXD	114249	e27395b5a73b22fae96add21321513e2
Program/REDIST/DIRECTX/DRIVERS/FRN/SB16AWE.INF	28719	93b8e94ce14dc0f3952d9006ca34bc13
Program/REDIST/DIRECTX/DRIVERS/FRN/SB16SND.DRV	76187	9fce1a7137aa8ac4c0ff481106f76cc0
Program/REDIST/DIRECTX/DRIVERS/FRN/SBAWE.VXD	78970	9e90029066000ab20202bef43038cabe
Program/REDIST/DIRECTX/DRIVERS/FRN/SBAWE32.DRV	31691	14495f211968c1fbf29879c6fbc62f66
Program/REDIST/DIRECTX/DRIVERS/FRN/SBFM.DRV	4128	af3d3198af4d18c73188be3a54956ad8
Program/REDIST/DIRECTX/DRIVERS/FRN/VMVID.VXD	18598	27d9a42139c8c7afff4cfc597001bdb4
Program/REDIST/DIRECTX/DRIVERS/FRN/VPASD.VXD	24174	982b49adcc72de32092777e3024b4160
Program/REDIST/DIRECTX/DRIVERS/FRN/WAVE.INF	58263	26c6831ee79b302baadbeaeef062483e
Program/REDIST/DIRECTX/DRIVERS/GER/AZT16.VXD	26774	78c7421de5b9dc0766b321f9f14c55d8
Program/REDIST/DIRECTX/DRIVERS/GER/AZT16C.DRV	42432	dd5a4fb48caca2b11914df6acc59b5b2
Program/REDIST/DIRECTX/DRIVERS/GER/AZT16W.DRV	44016	3b8cd21752035fb2c5b81aca5f9b679a
Program/REDIST/DIRECTX/DRIVERS/GER/CWBAUDIO.DRV	228667	d6cfaee148e8d6c56687d659496cc053
Program/REDIST/DIRECTX/DRIVERS/GER/CWBAUDIO.INF	28143	cfe89654c8470d98cdea42f89fd61f25
Program/REDIST/DIRECTX/DRIVERS/GER/CWBMIDI.VXD	14513	c52a0f3514d3f526993f32272937ffab
Program/REDIST/DIRECTX/DRIVERS/GER/DRIVERS.DDB	18832	46c81b9564caf0f3b82955ba18521a7a
Program/REDIST/DIRECTX/DRIVERS/GER/DXATI.INF	9850	59d7b9a5685df9a80bb66bc81a689478
Program/REDIST/DIRECTX/DRIVERS/GER/DXCHIPS.INF	5346	d7aec73179676bf006d1a585fafc6b25
Program/REDIST/DIRECTX/DRIVERS/GER/DXCIRRUS.INF	9885	0f4203206cef54841c622d0dc240d9c6
Program/REDIST/DIRECTX/DRIVERS/GER/DXGLINT.INF	533	a080fb9e1a7b1c889756635fd46dfab3
Program/REDIST/DIRECTX/DRIVERS/GER/DXI128.INF	2952	dc13be0dfe626ee4cc74de6506a1ff1a
Program/REDIST/DIRECTX/DRIVERS/GER/DXMGA.INF	2511	73bafea5c6c403a3db9a277984fd2b3c
Program/REDIST/DIRECTX/DRIVERS/GER/DXMM3DFX.INF	1606	26785cc244140c5b7eaa543b8d1b0d08
Program/REDIST/DIRECTX/DRIVERS/GER/DXNEOM.INF	2278	2a16b4097633277d5d11f987a7d36f12
Program/REDIST/DIRECTX/DRIVERS/GER/DXPMEDIA.INF	6317	1c2a3b5e4f3b836aaaf5b32c6325d538
Program/REDIST/DIRECTX/DRIVERS/GER/DXREND.INF	3759	788fcf56167fc03664a0ac140a360be2
Program/REDIST/DIRECTX/DRIVERS/GER/DXS3.INF	17462	824ac0aaa9bc227a3b8ca3a458f7c4aa
Program/REDIST/DIRECTX/DRIVERS/GER/DXTRID.INF	2599	c4239ab324cfc0b68af8b6a172b21bf1
Program/REDIST/DIRECTX/DRIVERS/GER/DXTSENG.INF	6017	8c17283de901842316a828fb1a67d9b2
Program/REDIST/DIRECTX/DRIVERS/GER/DXWD.INF	3607	b6a97935ed60e80adb485a4362c339b1
Program/REDIST/DIRECTX/DRIVERS/GER/ES1488.DRV	44112	1849a2942cccbc445b138679cbaa6c84
Program/REDIST/DIRECTX/DRIVERS/GER/ES1488.VXD	20120	06bdc4c87c51362362be2bd03eac48ed
Program/REDIST/DIRECTX/DRIVERS/GER/ES1688.DRV	56503	bd305e1c7639339c70daf090839efc46
Program/REDIST/DIRECTX/DRIVERS/GER/ES1688.VXD	32386	9f13f2687166220fb889df4b85911cea
Program/REDIST/DIRECTX/DRIVERS/GER/ES1788.DRV	57767	5987742c72e07e47e80eef008e266aa9
Program/REDIST/DIRECTX/DRIVERS/GER/ES1788.VXD	32382	4c2eeda4f42d6392d12eeae8cbe63def
Program/REDIST/DIRECTX/DRIVERS/GER/ES488.DRV	37136	235804b7e14da833eff1e87e0fb021df
Program/REDIST/DIRECTX/DRIVERS/GER/ES488.VXD	19607	0c3d88680ebd2a207e798f800a54ec23
Program/REDIST/DIRECTX/DRIVERS/GER/ES688.DRV	47200	e10402df280e7be9c7cab57d9438ebb3
Program/REDIST/DIRECTX/DRIVERS/GER/ES688.VXD	22679	abeed7e4f72d83092e5fa1339382a32f
Program/REDIST/DIRECTX/DRIVERS/GER/ESFM.DRV	20375	43f3a0e70c282b3276224488f3b09609
Program/REDIST/DIRECTX/DRIVERS/GER/ESSFM.DRV	17856	538853a96cabcc771eff57c42dddd20e
Program/REDIST/DIRECTX/DRIVERS/GER/ESSMPORT.DRV	9968	5d416d966a3c81803e8305c820efe7dc
Program/REDIST/DIRECTX/DRIVERS/GER/ESSMPU.DRV	9895	a446d18e6d379af4cede76704d743671
Program/REDIST/DIRECTX/DRIVERS/GER/F3AUDIO.INF	6535	26110bf7cba0c6b4ec384479a0c5dac7
Program/REDIST/DIRECTX/DRIVERS/GER/F3MIDI.DRV	8839	6688707d1b76bb35bd305583a5338619
Program/REDIST/DIRECTX/DRIVERS/GER/F3WAVMIX.DRV	47867	d1837abbe27d653dbff9a33e1e49b255
Program/REDIST/DIRECTX/DRIVERS/GER/MMMIXER.DLL	5216	ffc9f8eae16b20bcf6ff1462bd5f4fbd
Program/REDIST/DIRECTX/DRIVERS/GER/MSDDRAW.INF	386	fa448d794c9b98393eb799578fbacc8b
Program/REDIST/DIRECTX/DRIVERS/GER/MSDSOUND.INF	313	0d99f1b55a9e520846affa01cd02b4cf
Program/REDIST/DIRECTX/DRIVERS/GER/MSJSTICK.DRV	7760	ffeef8f729ae269c31377bb765543d87
Program/REDIST/DIRECTX/DRIVERS/GER/MSMPU401.DRV	8720	d1ead5bb811ca916f18bb442fec3cbfb
Program/REDIST/DIRECTX/DRIVERS/GER/MSOPL.DRV	17904	a5168b23d4f61f09a4b6e1db6ced4300
Program/REDIST/DIRECTX/DRIVERS/GER/MSSBLST.DRV	41008	117758d68d257c0a3ea6b9de8b7d49ae
Program/REDIST/DIRECTX/DRIVERS/GER/MSSBLST.VXD	21150	ff552e6e1706fc2e9dfb668a523cdaf5
Program/REDIST/DIRECTX/DRIVERS/GER/MSSNDSYS.DRV	41099	25ec7b35f4976ca7b78d8237b01d5927
Program/REDIST/DIRECTX/DRIVERS/GER/MSSNDSYS.VXD	31472	13b860e6e14c131bfa8c8ccb402ab5b7
Program/REDIST/DIRECTX/DRIVERS/GER/MVI514MX.DRV	39024	7964ddc2a1fa0777d1c4e0ac7f6e1ec6
Program/REDIST/DIRECTX/DRIVERS/GER/MVIWAVE.DRV	20144	acc171c1b771ebbd41bf71b0133b0141
Program/REDIST/DIRECTX/DRIVERS/GER/MVMIXER.DRV	59856	4f457e9dfe2185a32fb53ac5e3489a48
Program/REDIST/DIRECTX/DRIVERS/GER/MVPROAUD.DRV	26336	d95593e8ffc4709dbcb7a81dc7042506
Program/REDIST/DIRECTX/DRIVERS/GER/PA3DMXD.DRV	53568	2a7fc10cdd4fc0cff0e91225e489445e
Program/REDIST/DIRECTX/DRIVERS/GER/SB16.VXD	114241	5724a8eac1883a4f10463b7b3890e7dc
Program/REDIST/DIRECTX/DRIVERS/GER/SB16AWE.INF	28392	b914f034a5615adb3cba96652a268988
Program/REDIST/DIRECTX/DRIVERS/GER/SB16SND.DRV	75739	20bb40ce6749e78ca7a3ae19de254fa5
Program/REDIST/DIRECTX/DRIVERS/GER/SBAWE.VXD	78958	7fe9ca55c653fb59f87d9acfb6c923fa
Program/REDIST/DIRECTX/DRIVERS/GER/SBAWE32.DRV	31643	0d4df93b1a7efeb27c9157a71a26fa56
Program/REDIST/DIRECTX/DRIVERS/GER/SBFM.DRV	4128	9e372cec272b301ba4937c108841f364
Program/REDIST/DIRECTX/DRIVERS/GER/VMVID.VXD	18590	4fb20e90b978b5b7b270e12c83ae7326
Program/REDIST/DIRECTX/DRIVERS/GER/VPASD.VXD	24166	5dbeb670967126c1cb77ff8842f8196e
Program/REDIST/DIRECTX/DRIVERS/GER/WAVE.INF	58263	26c6831ee79b302baadbeaeef062483e
Program/REDIST/DIRECTX/DRIVERS/HUN/AZT16.VXD	26774	ec125592146cde935c6cbfc45db788ac
Program/REDIST/DIRECTX/DRIVERS/HUN/AZT16C.DRV	42592	bfbab7c01460ef55d5e8f88aa9b7846f
Program/REDIST/DIRECTX/DRIVERS/HUN/AZT16W.DRV	44000	eefd981e1ce0b29e253af7fc5a0910cb
Program/REDIST/DIRECTX/DRIVERS/HUN/CWBAUDIO.DRV	228731	10564ff63503303da6c08ff271fc6385
Program/REDIST/DIRECTX/DRIVERS/HUN/CWBAUDIO.INF	28398	1afe4cc875d93f3511901cc4b107be61
Program/REDIST/DIRECTX/DRIVERS/HUN/CWBMIDI.VXD	14517	a30b688e0ea7726c229802c98162856a
Program/REDIST/DIRECTX/DRIVERS/HUN/DRIVERS.DDB	18832	41bfad7afff96c1d69f1fa608cda3423
Program/REDIST/DIRECTX/DRIVERS/HUN/DXATI.INF	9850	59d7b9a5685df9a80bb66bc81a689478
Program/REDIST/DIRECTX/DRIVERS/HUN/DXCHIPS.INF	5346	d7aec73179676bf006d1a585fafc6b25
Program/REDIST/DIRECTX/DRIVERS/HUN/DXCIRRUS.INF	9885	0f4203206cef54841c622d0dc240d9c6
Program/REDIST/DIRECTX/DRIVERS/HUN/DXGLINT.INF	603	8f5ecdbc55825de2dbb6cc608360af86
Program/REDIST/DIRECTX/DRIVERS/HUN/DXI128.INF	2952	dc13be0dfe626ee4cc74de6506a1ff1a
Program/REDIST/DIRECTX/DRIVERS/HUN/DXMGA.INF	2511	73bafea5c6c403a3db9a277984fd2b3c
Program/REDIST/DIRECTX/DRIVERS/HUN/DXMM3DFX.INF	1606	26785cc244140c5b7eaa543b8d1b0d08
Program/REDIST/DIRECTX/DRIVERS/HUN/DXNEOM.INF	2278	2a16b4097633277d5d11f987a7d36f12
Program/REDIST/DIRECTX/DRIVERS/HUN/DXPMEDIA.INF	6317	1c2a3b5e4f3b836aaaf5b32c6325d538
Program/REDIST/DIRECTX/DRIVERS/HUN/DXREND.INF	3759	788fcf56167fc03664a0ac140a360be2
Program/REDIST/DIRECTX/DRIVERS/HUN/DXS3.INF	17462	824ac0aaa9bc227a3b8ca3a458f7c4aa
Program/REDIST/DIRECTX/DRIVERS/HUN/DXTRID.INF	2599	c4239ab324cfc0b68af8b6a172b21bf1
Program/REDIST/DIRECTX/DRIVERS/HUN/DXTSENG.INF	6017	8c17283de901842316a828fb1a67d9b2
Program/REDIST/DIRECTX/DRIVERS/HUN/DXWD.INF	3607	b6a97935ed60e80adb485a4362c339b1
Program/REDIST/DIRECTX/DRIVERS/HUN/ES1488.DRV	43936	f85a66e2ef727c49b9f2aae3883ce8b0
Program/REDIST/DIRECTX/DRIVERS/HUN/ES1488.VXD	20120	a7975bdc7aff70cd0bacac90109a6446
Program/REDIST/DIRECTX/DRIVERS/HUN/ES1688.DRV	56727	d19e1acdfbeb8310281953549675be42
Program/REDIST/DIRECTX/DRIVERS/HUN/ES1688.VXD	32382	075d4cb4fa4f2e083d9082f3d2972240
Program/REDIST/DIRECTX/DRIVERS/HUN/ES1788.DRV	58007	77c6273957de5bfc396800adc64ab323
Program/REDIST/DIRECTX/DRIVERS/HUN/ES1788.VXD	32382	2fcffba0966136fbfb7fc5431467fc8a
Program/REDIST/DIRECTX/DRIVERS/HUN/ES488.DRV	36976	d3151aecb1abd127464e4d40a9e54e45
Program/REDIST/DIRECTX/DRIVERS/HUN/ES488.VXD	19607	6bcb8a012514a4dc13d76abe2d333a2f
Program/REDIST/DIRECTX/DRIVERS/HUN/ES688.DRV	47008	f9ab06d27e2663b63439cbd9ec94a698
Program/REDIST/DIRECTX/DRIVERS/HUN/ES688.VXD	22679	6e49273b6beef2e025524f4aabe398a1
Program/REDIST/DIRECTX/DRIVERS/HUN/ESFM.DRV	20359	d006122b5ab9bd73702dbee69cb699db
Program/REDIST/DIRECTX/DRIVERS/HUN/ESSFM.DRV	17872	0e278dc702282e992215274610bfd5b8
Program/REDIST/DIRECTX/DRIVERS/HUN/ESSMPORT.DRV	9904	89393848a0266e498988389ab43ffa3d
Program/REDIST/DIRECTX/DRIVERS/HUN/ESSMPU.DRV	9879	ec9ebde282a8e739db9033bf160cb344
Program/REDIST/DIRECTX/DRIVERS/HUN/F3AUDIO.INF	6528	7c6c6bd5db8f8a20c52b94bae2adf655
Program/REDIST/DIRECTX/DRIVERS/HUN/F3MIDI.DRV	8807	8986e23b09f992b72eec4780a829c83b
Program/REDIST/DIRECTX/DRIVERS/HUN/F3WAVMIX.DRV	48343	122576e405b86657c44f52ef5391cc70
Program/REDIST/DIRECTX/DRIVERS/HUN/MMMIXER.DLL	5328	842efbaf10b0a435f7e20644e22f4916
Program/REDIST/DIRECTX/DRIVERS/HUN/MSDDRAW.INF	386	fa448d794c9b98393eb799578fbacc8b
Program/REDIST/DIRECTX/DRIVERS/HUN/MSDSOUND.INF	313	0d99f1b55a9e520846affa01cd02b4cf
Program/REDIST/DIRECTX/DRIVERS/HUN/MSJSTICK.DRV	7776	75962b49b3603add999f425e31036a8a
Program/REDIST/DIRECTX/DRIVERS/HUN/MSMPU401.DRV	8736	925567e6db8093161d77766a7760db40
Program/REDIST/DIRECTX/DRIVERS/HUN/MSOPL.DRV	17904	859f5815df1a3b57d0f9bfca4cea864f
Program/REDIST/DIRECTX/DRIVERS/HUN/MSSBLST.DRV	40880	a1653697d29c35f50f870bc560aeeed3
Program/REDIST/DIRECTX/DRIVERS/HUN/MSSBLST.VXD	21158	667ac636946d4135eb55bc78cf5ade92
Program/REDIST/DIRECTX/DRIVERS/HUN/MSSNDSYS.DRV	41371	d5c7df134434388108b749fabc9ad3ee
Program/REDIST/DIRECTX/DRIVERS/HUN/MSSNDSYS.VXD	31468	8783af952fb2d51e54b45f4933074e76
Program/REDIST/DIRECTX/DRIVERS/HUN/MVI514MX.DRV	38656	a5b814af49b2830aaa2ae4d6e474b697
Program/REDIST/DIRECTX/DRIVERS/HUN/MVIWAVE.DRV	20176	d5061732bc2d57f83b302e87013f814d
Program/REDIST/DIRECTX/DRIVERS/HUN/MVMIXER.DRV	59680	46ee2b2d0c36d30227ed6cb1a7faa0cc
Program/REDIST/DIRECTX/DRIVERS/HUN/MVPROAUD.DRV	26256	e57457684e84d0b819d1bb95db222d97
Program/REDIST/DIRECTX/DRIVERS/HUN/PA3DMXD.DRV	53440	6ae2cc1ceb39d6e50c39f8766f53984e
Program/REDIST/DIRECTX/DRIVERS/HUN/SB16.VXD	114249	d86ab03ac9b5e0edaa6cc91a72bb9522
Program/REDIST/DIRECTX/DRIVERS/HUN/SB16AWE.INF	28931	5761889c700690f347e9b942ba2f0b17
Program/REDIST/DIRECTX/DRIVERS/HUN/SB16SND.DRV	76135	371c9c7ece11cc9c1327764940c6efb3
Program/REDIST/DIRECTX/DRIVERS/HUN/SBAWE.VXD	78970	f15758885e1bd063798618987a5cc87a
Program/REDIST/DIRECTX/DRIVERS/HUN/SBAWE32.DRV	31719	51623236dcbfaa85ebdf39e8c3c19221
Program/REDIST/DIRECTX/DRIVERS/HUN/SBFM.DRV	4144	398af925334c509d31502947f834708d
Program/REDIST/DIRECTX/DRIVERS/HUN/VMVID.VXD	18590	afdad1342db35fd20600621548e5e871
Program/REDIST/DIRECTX/DRIVERS/HUN/VPASD.VXD	24166	43af610534417763587178f1546eca6e
Program/REDIST/DIRECTX/DRIVERS/HUN/WAVE.INF	58263	26c6831ee79b302baadbeaeef062483e
Program/REDIST/DIRECTX/DRIVERS/ITN/AZT16.VXD	26778	b24a8dc635d2b6f8be75963635badb46
Program/REDIST/DIRECTX/DRIVERS/ITN/AZT16C.DRV	42608	f6c7b7a5df07d8f965d70e6fd4f5cfce
Program/REDIST/DIRECTX/DRIVERS/ITN/AZT16W.DRV	44240	fc6a5ac6a9969d03334cdbb4329edfee
Program/REDIST/DIRECTX/DRIVERS/ITN/CWBAUDIO.DRV	228795	1ef9676754bfe3a08d8827ec02b2dd18
Program/REDIST/DIRECTX/DRIVERS/ITN/CWBAUDIO.INF	28451	2d86182271f21675bdd43c394e3afab1
Program/REDIST/DIRECTX/DRIVERS/ITN/CWBMIDI.VXD	14521	73c402c802435f79e6a32ebbae7d7f51
Program/REDIST/DIRECTX/DRIVERS/ITN/DRIVERS.DDB	18832	c87228563069bca9f6594adf5fb42108
Program/REDIST/DIRECTX/DRIVERS/ITN/DXATI.INF	9850	59d7b9a5685df9a80bb66bc81a689478
Program/REDIST/DIRECTX/DRIVERS/ITN/DXCHIPS.INF	5346	d7aec73179676bf006d1a585fafc6b25
Program/REDIST/DIRECTX/DRIVERS/ITN/DXCIRRUS.INF	9885	0f4203206cef54841c622d0dc240d9c6
Program/REDIST/DIRECTX/DRIVERS/ITN/DXGLINT.INF	541	ad64c690c5e3bdde038e2a7f3b21a108
Program/REDIST/DIRECTX/DRIVERS/ITN/DXI128.INF	2952	dc13be0dfe626ee4cc74de6506a1ff1a
Program/REDIST/DIRECTX/DRIVERS/ITN/DXMGA.INF	2511	73bafea5c6c403a3db9a277984fd2b3c
Program/REDIST/DIRECTX/DRIVERS/ITN/DXMM3DFX.INF	1606	26785cc244140c5b7eaa543b8d1b0d08
Program/REDIST/DIRECTX/DRIVERS/ITN/DXNEOM.INF	2278	2a16b4097633277d5d11f987a7d36f12
Program/REDIST/DIRECTX/DRIVERS/ITN/DXPMEDIA.INF	6317	1c2a3b5e4f3b836aaaf5b32c6325d538
Program/REDIST/DIRECTX/DRIVERS/ITN/DXREND.INF	3759	788fcf56167fc03664a0ac140a360be2
Program/REDIST/DIRECTX/DRIVERS/ITN/DXS3.INF	17462	824ac0aaa9bc227a3b8ca3a458f7c4aa
Program/REDIST/DIRECTX/DRIVERS/ITN/DXTRID.INF	2599	c4239ab324cfc0b68af8b6a172b21bf1
Program/REDIST/DIRECTX/DRIVERS/ITN/DXTSENG.INF	6017	8c17283de901842316a828fb1a67d9b2
Program/REDIST/DIRECTX/DRIVERS/ITN/DXWD.INF	3607	b6a97935ed60e80adb485a4362c339b1
Program/REDIST/DIRECTX/DRIVERS/ITN/ES1488.DRV	44240	e4a5131106357d754af385f0b4c7d80d
Program/REDIST/DIRECTX/DRIVERS/ITN/ES1488.VXD	20124	4895d2eeb0e24849c33e975976372433
Program/REDIST/DIRECTX/DRIVERS/ITN/ES1688.DRV	56791	7497699761cd671e54a71aa2adf70094
Program/REDIST/DIRECTX/DRIVERS/ITN/ES1688.VXD	32386	c8aa9e4efb64fbf93cc3c3f8ed3c9778
Program/REDIST/DIRECTX/DRIVERS/ITN/ES1788.DRV	58055	bdf0e6e88396b290ba45ba95e8152490
Program/REDIST/DIRECTX/DRIVERS/ITN/ES1788.VXD	32386	f6266952873e8118f41c535717ab514b
Program/REDIST/DIRECTX/DRIVERS/ITN/ES488.DRV	37232	cad24fb3f253ef5e88279c95deb426a6
Program/REDIST/DIRECTX/DRIVERS/ITN/ES488.VXD	19611	365c3a35d23b159d4ab3af6541d94a73
Program/REDIST/DIRECTX/DRIVERS/ITN/ES688.DRV	47328	0d7c1e94273df1fccc0599399b2cd971
Program/REDIST/DIRECTX/DRIVERS/ITN/ES688.VXD	22683	59f5bcec477efb1223c2effe406d56cd
Program/REDIST/DIRECTX/DRIVERS/ITN/ESFM.DRV	20391	c14275a2defd49efb9aec08d1ea07697
Program/REDIST/DIRECTX/DRIVERS/ITN/ESSFM.DRV	17888	8b523278ba42f28ae30e4be7196eb204
Program/REDIST/DIRECTX/DRIVERS/ITN/ESSMPORT.DRV	9968	c43edccb3d403015d3b606aecc323d6d
Program/REDIST/DIRECTX/DRIVERS/ITN/ESSMPU.DRV	9895	fe7d6841a2ad96cda7ab099c2eeb00ab
Program/REDIST/DIRECTX/DRIVERS/ITN/F3AUDIO.INF	6533	b6eaf706788ab1eceb3f77eb403d9332
Program/REDIST/DIRECTX/DRIVERS/ITN/F3MIDI.DRV	8839	c81ee52b52179670c679916dd4bf2045
Program/REDIST/DIRECTX/DRIVERS/ITN/F3WAVMIX.DRV	48379	2e823486b46bdc843dfde00d6e552d64
Program/REDIST/DIRECTX/DRIVERS/ITN/MMMIXER.DLL	5312	8f54bc2aab3c05131d9e8e0282449f8b
Program/REDIST/DIRECTX/DRIVERS/ITN/MSDDRAW.INF	386	fa448d794c9b98393eb799578fbacc8b
Program/REDIST/DIRECTX/DRIVERS/ITN/MSDSOUND.INF	313	0d99f1b55a9e520846affa01cd02b4cf
Program/REDIST/DIRECTX/DRIVERS/ITN/MSJSTICK.DRV	7760	4106b9b9202711236d6a0c62e43f717a
Program/REDIST/DIRECTX/DRIVERS/ITN/MSMPU401.DRV	8720	c26796b5091d30c8cb421c85fbfb0386
Program/REDIST/DIRECTX/DRIVERS/ITN/MSOPL.DRV	17920	fc7c282ef5fb7dc416015af024f8aa62
Program/REDIST/DIRECTX/DRIVERS/ITN/MSSBLST.DRV	41216	d1eabc2f65d288303affd4ff36a30669
Program/REDIST/DIRECTX/DRIVERS/ITN/MSSBLST.VXD	21158	78d0244e70dc47e7adfbe78749159477
Program/REDIST/DIRECTX/DRIVERS/ITN/MSSNDSYS.DRV	41387	524cb8bb3c3017e2be57382532063f03
Program/REDIST/DIRECTX/DRIVERS/ITN/MSSNDSYS.VXD	31476	59c6b5b2c3b5bb55fe6c1100e9fc612e
Program/REDIST/DIRECTX/DRIVERS/ITN/MVI514MX.DRV	38912	fed3f4b3fc09fde1f3034bdb9528714f
Program/REDIST/DIRECTX/DRIVERS/ITN/MVIWAVE.DRV	19968	977b305a9cd5c64fa44d6cafd4b48718
Program/REDIST/DIRECTX/DRIVERS/ITN/MVMIXER.DRV	59888	0e067827d0ba0d714aefe29420df0903
Program/REDIST/DIRECTX/DRIVERS/ITN/MVPROAUD.DRV	26256	62541f0dddec7913430197a6ace305e3
Program/REDIST/DIRECTX/DRIVERS/ITN/PA3DMXD.DRV	53648	3c25d03d7f0206ef20cc3b48a5214af8
Program/REDIST/DIRECTX/DRIVERS/ITN/SB16.VXD	114245	0248592938302085da4e6ca01823a9fa
Program/REDIST/DIRECTX/DRIVERS/ITN/SB16AWE.INF	28762	027116325ecbb4e2904bdec556dbdff7
Program/REDIST/DIRECTX/DRIVERS/ITN/SB16SND.DRV	76235	31560b9db8d1994b8b4622fb1f905573
Program/REDIST/DIRECTX/DRIVERS/ITN/SBAWE.VXD	78962	e3cdf4280dfe040c2b475010793efc86
Program/REDIST/DIRECTX/DRIVERS/ITN/SBAWE32.DRV	31627	984e180821792163793b80e0486503b3
Program/REDIST/DIRECTX/DRIVERS/ITN/SBFM.DRV	4208	682104f169e5fd38091d0dfd7910dd0a
Program/REDIST/DIRECTX/DRIVERS/ITN/VMVID.VXD	18594	d0ecfa6197d128812a4c23e1f1935079
Program/REDIST/DIRECTX/DRIVERS/ITN/VPASD.VXD	24170	3026dc7f289e22668bc9aaa99754905d
Program/REDIST/DIRECTX/DRIVERS/ITN/WAVE.INF	58263	26c6831ee79b302baadbeaeef062483e
Program/REDIST/DIRECTX/DRIVERS/JPN/AZT16.VXD	26770	a7ed826dc20eb5d658fd4dafa1aac8a9
Program/REDIST/DIRECTX/DRIVERS/JPN/AZT16C.DRV	41792	374dba0c233949ae6f5eba1109612e56
Program/REDIST/DIRECTX/DRIVERS/JPN/AZT16W.DRV	43328	b6ebae5c71c8db0aa8e699c677d6f2d8
Program/REDIST/DIRECTX/DRIVERS/JPN/CWBAUDIO.DRV	227739	dbdcab5500242da2f2a9df8baa6a9b05
Program/REDIST/DIRECTX/DRIVERS/JPN/CWBAUDIO.INF	27993	0188341288a0bc480bb9131845bd2b82
Program/REDIST/DIRECTX/DRIVERS/JPN/CWBMIDI.VXD	14521	ed30657b834242ad00da94590c34bb77
Program/REDIST/DIRECTX/DRIVERS/JPN/DRIVERS.DDB	18832	73c89d3b0d1b874deb47c7899183ab6b
Program/REDIST/DIRECTX/DRIVERS/JPN/DXATI.INF	9850	59d7b9a5685df9a80bb66bc81a689478
Program/REDIST/DIRECTX/DRIVERS/JPN/DXCHIPS.INF	5346	d7aec73179676bf006d1a585fafc6b25
Program/REDIST/DIRECTX/DRIVERS/JPN/DXCIRRUS.INF	9885	0f4203206cef54841c622d0dc240d9c6
Program/REDIST/DIRECTX/DRIVERS/JPN/DXGLINT.INF	526	57d2ede31830568ae0b35456f6a6c359
Program/REDIST/DIRECTX/DRIVERS/JPN/DXI128.INF	2952	dc13be0dfe626ee4cc74de6506a1ff1a
Program/REDIST/DIRECTX/DRIVERS/JPN/DXMGA.INF	2511	73bafea5c6c403a3db9a277984fd2b3c
Program/REDIST/DIRECTX/DRIVERS/JPN/DXMM3DFX.INF	1606	26785cc244140c5b7eaa543b8d1b0d08
Program/REDIST/DIRECTX/DRIVERS/JPN/DXNEOM.INF	2278	2a16b4097633277d5d11f987a7d36f12
Program/REDIST/DIRECTX/DRIVERS/JPN/DXPMEDIA.INF	6317	1c2a3b5e4f3b836aaaf5b32c6325d538
Program/REDIST/DIRECTX/DRIVERS/JPN/DXREND.INF	3759	788fcf56167fc03664a0ac140a360be2
Program/REDIST/DIRECTX/DRIVERS/JPN/DXS3.INF	17462	824ac0aaa9bc227a3b8ca3a458f7c4aa
Program/REDIST/DIRECTX/DRIVERS/JPN/DXTRID.INF	2599	c4239ab324cfc0b68af8b6a172b21bf1
Program/REDIST/DIRECTX/DRIVERS/JPN/DXTSENG.INF	6017	8c17283de901842316a828fb1a67d9b2
Program/REDIST/DIRECTX/DRIVERS/JPN/DXWD.INF	3607	b6a97935ed60e80adb485a4362c339b1
Program/REDIST/DIRECTX/DRIVERS/JPN/ES1488.DRV	43648	048c36e1e081030c67b9896abc595a4e
Program/REDIST/DIRECTX/DRIVERS/JPN/ES1488.VXD	20120	a5867958513e779e703bd31e95ae832a
Program/REDIST/DIRECTX/DRIVERS/JPN/ES1688.DRV	55895	e981f07be0884b966c4da824b41729b5
Program/REDIST/DIRECTX/DRIVERS/JPN/ES1688.VXD	32390	c9e5fa3a89d14a4cd685468f4caafeec
Program/REDIST/DIRECTX/DRIVERS/JPN/ES1788.DRV	57175	c0873b1576e3166fd4f4f7c536d3f98b
Program/REDIST/DIRECTX/DRIVERS/JPN/ES1788.VXD	32390	2091c0bd09ddc08f4ca8280e520ad6cd
Program/REDIST/DIRECTX/DRIVERS/JPN/ES488.DRV	36736	fcad38ab62ccf4fecbb21837c24c4dba
Program/REDIST/DIRECTX/DRIVERS/JPN/ES488.VXD	19603	fc8742cbe373b22d842fa3712735d0a0
Program/REDIST/DIRECTX/DRIVERS/JPN/ES688.DRV	46736	4a50bb3faf86a9572fa13a69ae45020b
Program/REDIST/DIRECTX/DRIVERS/JPN/ES688.VXD	22675	b05dac5f3297f2f73dc434c7db0edd38
Program/REDIST/DIRECTX/DRIVERS/JPN/ESFM.DRV	20359	18e44ef04b344f76f091fc3126cabacd
Program/REDIST/DIRECTX/DRIVERS/JPN/ESSFM.DRV	17840	897a5031c695ff03b7d027fb1ba0eebf
Program/REDIST/DIRECTX/DRIVERS/JPN/ESSMPORT.DRV	9824	896ea9875307544c3f4c4d25b650cdb8
Program/REDIST/DIRECTX/DRIVERS/JPN/ESSMPU.DRV	9911	3dc30c94cfbda9d1a3b1d9a2c1bc8ae0
Program/REDIST/DIRECTX/DRIVERS/JPN/F3AUDIO.INF	6524	f99272f38a4c9c0b99a0e7068964550a
Program/REDIST/DIRECTX/DRIVERS/JPN/F3MIDI.DRV	8839	02d58436e544ff3f260b5d5ea01ec213
Program/REDIST/DIRECTX/DRIVERS/JPN/F3WAVMIX.DRV	47179	ce8513d3487864f62a935b2c1e65f099
Program/REDIST/DIRECTX/DRIVERS/JPN/MMMIXER.DLL	5120	27c4a7b6faa3aa23a10a557f282f9fb8
Program/REDIST/DIRECTX/DRIVERS/JPN/MSDDRAW.INF	386	fa448d794c9b98393eb799578fbacc8b
Program/REDIST/DIRECTX/DRIVERS/JPN/MSDSOUND.INF	313	0d99f1b55a9e520846affa01cd02b4cf
Program/REDIST/DIRECTX/DRIVERS/JPN/MSJSTICK.DRV	7728	d66505b56f4f1a384f1ec6ca3fb658a7
Program/REDIST/DIRECTX/DRIVERS/JPN/MSMPU401.DRV	8704	b3933d7a1385d85904d9185f8af1afaf
Program/REDIST/DIRECTX/DRIVERS/JPN/MSOPL.DRV	17888	c61a59dc8d0b9a2904e63f88f70bc883
Program/REDIST/DIRECTX/DRIVERS/JPN/MSSBLST.DRV	40624	83267a5aee7dfd0e13a891dfb02fc17c
Program/REDIST/DIRECTX/DRIVERS/JPN/MSSBLST.VXD	21158	1b61183180081cf7204c2563bdf1a23f
Program/REDIST/DIRECTX/DRIVERS/JPN/MSSNDSYS.DRV	40603	78a536620c5e56c14864a97b4bf77be8
Program/REDIST/DIRECTX/DRIVERS/JPN/MSSNDSYS.VXD	31476	d102aa4010bb53f7ee2b2271516c3ce9
Program/REDIST/DIRECTX/DRIVERS/JPN/MVI514MX.DRV	38320	fee6ee6f75c5ee333d748a2f68208485
Program/REDIST/DIRECTX/DRIVERS/JPN/MVIWAVE.DRV	19488	4d0e12fb840c32404e930f1bbb4510bf
Program/REDIST/DIRECTX/DRIVERS/JPN/MVMIXER.DRV	59264	9c108d8e88c70e75ef67b99257adec47
Program/REDIST/DIRECTX/DRIVERS/JPN/MVPROAUD.DRV	26112	523be47be3663927ff27560bb559ddd3
Program/REDIST/DIRECTX/DRIVERS/JPN/PA3DMXD.DRV	53104	a0267f61eef222d8ec21064bb976cb26
Program/REDIST/DIRECTX/DRIVERS/JPN/SB16.VXD	114245	19709e2d10cdb65031cf4cdfdc6119db
Program/REDIST/DIRECTX/DRIVERS/JPN/SB16AWE.INF	28337	9345cf8a04847da3fbb946fa65ed1994
Program/REDIST/DIRECTX/DRIVERS/JPN/SB16SND.DRV	75131	c0fa1204322bb4a2173a7e959b9ce716
Program/REDIST/DIRECTX/DRIVERS/JPN/SBAWE.VXD	78962	4430d5f798532dbe0d3c68a68c4ed4c6
Program/REDIST/DIRECTX/DRIVERS/JPN/SBAWE32.DRV	31499	a2b66bc17a4077940d44b48f4f1a6c8a
Program/REDIST/DIRECTX/DRIVERS/JPN/SBFM.DRV	4160	d6331b8de85989a9da12209eacfbc3dd
Program/REDIST/DIRECTX/DRIVERS/JPN/VMVID.VXD	18590	041df0c24c0b14f2cfae7ca398ab078f
Program/REDIST/DIRECTX/DRIVERS/JPN/VPASD.VXD	24166	9890f3c5d3264ac7c787c4cf9623b693
Program/REDIST/DIRECTX/DRIVERS/JPN/WAVE.INF	58263	26c6831ee79b302baadbeaeef062483e
Program/REDIST/DIRECTX/DRIVERS/KOR/AZT16.VXD	26778	71172c91bff701adfb46f797ec308a1b
Program/REDIST/DIRECTX/DRIVERS/KOR/AZT16C.DRV	41888	8e52b49d82da597ea9955dfb0d797ae7
Program/REDIST/DIRECTX/DRIVERS/KOR/AZT16W.DRV	43424	72c1f9b5c902dd1c89c6bce2d0513295
Program/REDIST/DIRECTX/DRIVERS/KOR/CWBAUDIO.DRV	227931	791ebbecab2f5e34221b98a8f7ee59b5
Program/REDIST/DIRECTX/DRIVERS/KOR/CWBAUDIO.INF	28026	77ae745d1c86b7f5715bf4257a838c6d
Program/REDIST/DIRECTX/DRIVERS/KOR/CWBMIDI.VXD	14521	39e95501a96b01ccc942b13228af00b0
Program/REDIST/DIRECTX/DRIVERS/KOR/DRIVERS.DDB	18832	d387dd125c0fd592ace3346638ed0408
Program/REDIST/DIRECTX/DRIVERS/KOR/DXATI.INF	9850	59d7b9a5685df9a80bb66bc81a689478
Program/REDIST/DIRECTX/DRIVERS/KOR/DXCHIPS.INF	5346	d7aec73179676bf006d1a585fafc6b25
Program/REDIST/DIRECTX/DRIVERS/KOR/DXCIRRUS.INF	9885	0f4203206cef54841c622d0dc240d9c6
Program/REDIST/DIRECTX/DRIVERS/KOR/DXGLINT.INF	525	8c00f51c6dfb3c0b6e1b0b565cbc7b7a
Program/REDIST/DIRECTX/DRIVERS/KOR/DXI128.INF	2952	dc13be0dfe626ee4cc74de6506a1ff1a
Program/REDIST/DIRECTX/DRIVERS/KOR/DXMGA.INF	2511	73bafea5c6c403a3db9a277984fd2b3c
Program/REDIST/DIRECTX/DRIVERS/KOR/DXMM3DFX.INF	1606	26785cc244140c5b7eaa543b8d1b0d08
Program/REDIST/DIRECTX/DRIVERS/KOR/DXNEOM.INF	2278	2a16b4097633277d5d11f987a7d36f12
Program/REDIST/DIRECTX/DRIVERS/KOR/DXPMEDIA.INF	6317	1c2a3b5e4f3b836aaaf5b32c6325d538
Program/REDIST/DIRECTX/DRIVERS/KOR/DXREND.INF	3759	788fcf56167fc03664a0ac140a360be2
Program/REDIST/DIRECTX/DRIVERS/KOR/DXS3.INF	17462	824ac0aaa9bc227a3b8ca3a458f7c4aa
Program/REDIST/DIRECTX/DRIVERS/KOR/DXTRID.INF	2599	c4239ab324cfc0b68af8b6a172b21bf1
Program/REDIST/DIRECTX/DRIVERS/KOR/DXTSENG.INF	6017	8c17283de901842316a828fb1a67d9b2
Program/REDIST/DIRECTX/DRIVERS/KOR/DXWD.INF	3607	b6a97935ed60e80adb485a4362c339b1
Program/REDIST/DIRECTX/DRIVERS/KOR/ES1488.DRV	43760	0a9ed4b35ea2f71b47b2b934107518b9
Program/REDIST/DIRECTX/DRIVERS/KOR/ES1488.VXD	20124	f3acfd06ad75af8482dc4b379c528f60
Program/REDIST/DIRECTX/DRIVERS/KOR/ES1688.DRV	56167	6f405d33b6d2f34c046e98830dba0fbd
Program/REDIST/DIRECTX/DRIVERS/KOR/ES1688.VXD	32390	a18ac400029e62d0778b5cd082495813
Program/REDIST/DIRECTX/DRIVERS/KOR/ES1788.DRV	57479	388747495a3221199466c56e270a1f74
Program/REDIST/DIRECTX/DRIVERS/KOR/ES1788.VXD	32390	9633cf25cd68bcb2cc050cd9cc436aec
Program/REDIST/DIRECTX/DRIVERS/KOR/ES488.DRV	36848	b22ed90b90ff62e8c9fa689260a13889
Program/REDIST/DIRECTX/DRIVERS/KOR/ES488.VXD	19611	ccfb737afe3721e6e706e983c09a0851
Program/REDIST/DIRECTX/DRIVERS/KOR/ES688.DRV	46864	b6b8de026d7583bd82acc56289d73844
Program/REDIST/DIRECTX/DRIVERS/KOR/ES688.VXD	22683	5157d3d7638b25bd951c9ccb4386b3d1
Program/REDIST/DIRECTX/DRIVERS/KOR/ESFM.DRV	20343	853b5e51f7551c39c3386d05addf0c5d
Program/REDIST/DIRECTX/DRIVERS/KOR/ESSFM.DRV	17824	304d42badf4fe3f4454ce57320448c7c
Program/REDIST/DIRECTX/DRIVERS/KOR/ESSMPORT.DRV	9840	8b33df1725cae6d352da0d244f3898a0
Program/REDIST/DIRECTX/DRIVERS/KOR/ESSMPU.DRV	9911	03bb2e1b196374587d20b0736db300fd
Program/REDIST/DIRECTX/DRIVERS/KOR/F3AUDIO.INF	6529	7f94b3b9d36d4c549c1b8458d8423ec0
Program/REDIST/DIRECTX/DRIVERS/KOR/F3MIDI.DRV	8839	7df0fd704780baf0a79a83e8e2a183bc
Program/REDIST/DIRECTX/DRIVERS/KOR/F3WAVMIX.DRV	47659	70f0a9460729f59eb84d3ce1b0790ee0
Program/REDIST/DIRECTX/DRIVERS/KOR/MMMIXER.DLL	5120	26c90ad26af444521704ee4e51b4e95f
Program/REDIST/DIRECTX/DRIVERS/KOR/MSDDRAW.INF	386	fa448d794c9b98393eb799578fbacc8b
Program/REDIST/DIRECTX/DRIVERS/KOR/MSDSOUND.INF	313	0d99f1b55a9e520846affa01cd02b4cf
Program/REDIST/DIRECTX/DRIVERS/KOR/MSJSTICK.DRV	7744	e45bec147690ba5d601a61aa4c4cf7fb
Program/REDIST/DIRECTX/DRIVERS/KOR/MSMPU401.DRV	8720	d97a2d99526e676ad6119502df44cec4
Program/REDIST/DIRECTX/DRIVERS/KOR/MSOPL.DRV	17872	ae82d700affcec26d00216201fdbe8cd
Program/REDIST/DIRECTX/DRIVERS/KOR/MSSBLST.DRV	40736	c57cbfac49fcfa176a9405daa00fe8fe
Program/REDIST/DIRECTX/DRIVERS/KOR/MSSBLST.VXD	21158	f7db3c2d1d17b5e33895da3e79c2b50d
Program/REDIST/DIRECTX/DRIVERS/KOR/MSSNDSYS.DRV	40811	7c8bac853257c4296c31fa107902f056
Program/REDIST/DIRECTX/DRIVERS/KOR/MSSNDSYS.VXD	31476	793ab6d6315b2c9827e5a0afaffe0902
Program/REDIST/DIRECTX/DRIVERS/KOR/MVI514MX.DRV	38352	0f6e3953d35a3267457e4b13c0bec3ab
Program/REDIST/DIRECTX/DRIVERS/KOR/MVIWAVE.DRV	19488	0eb1861992c47e3462297c67bcf40334
Program/REDIST/DIRECTX/DRIVERS/KOR/MVMIXER.DRV	59440	c0e74e5e9fe012cd08a1b49325904424
Program/REDIST/DIRECTX/DRIVERS/KOR/MVPROAUD.DRV	26112	7b3ef3b415be6bcfeb7671a0a0d96afa
Program/REDIST/DIRECTX/DRIVERS/KOR/PA3DMXD.DRV	53200	e94d47b91b9d0c64bd6681a6f3b68f7a
Program/REDIST/DIRECTX/DRIVERS/KOR/SB16.VXD	114245	dd8cd56ba9c9227a52b5f89aaa121575
Program/REDIST/DIRECTX/DRIVERS/KOR/SB16AWE.INF	28342	8eb288dd48a6d7a9585659ed441d6854
Program/REDIST/DIRECTX/DRIVERS/KOR/SB16SND.DRV	75467	264ad55269ca46df0be2ba16dc9496d1
Program/REDIST/DIRECTX/DRIVERS/KOR/SBAWE.VXD	78962	58ecded187d0208c783393337d9d0212
Program/REDIST/DIRECTX/DRIVERS/KOR/SBAWE32.DRV	31595	578f08bd247afe58f3abbcdae88397eb
Program/REDIST/DIRECTX/DRIVERS/KOR/SBFM.DRV	4112	1f53964cc094f235db838ac3ce7bed58
Program/REDIST/DIRECTX/DRIVERS/KOR/VMVID.VXD	18594	f1233b72cbf0d298b31f18e5287a9764
Program/REDIST/DIRECTX/DRIVERS/KOR/VPASD.VXD	24170	c8bb87c4e5380bdf83ab97dcce56f4ee
Program/REDIST/DIRECTX/DRIVERS/KOR/WAVE.INF	58263	26c6831ee79b302baadbeaeef062483e
Program/REDIST/DIRECTX/DRIVERS/NEC/ACCMDD16.DLL	3856	e7906e85fcd58a6865e39448f8ecd9a9
Program/REDIST/DIRECTX/DRIVERS/NEC/ACCMDD32.DLL	8192	51df9c37b5d6dee57336230e85564cd4
Program/REDIST/DIRECTX/DRIVERS/NEC/ACCMXX.DRV	85760	0822533b1dddc984d86ae4a9ec1b07d1
Program/REDIST/DIRECTX/DRIVERS/NEC/ACCMXXAB.DRV	85760	0822533b1dddc984d86ae4a9ec1b07d1
Program/REDIST/DIRECTX/DRIVERS/NEC/ACL.DLL	23040	770b216b0f154d452c8e87930d25f0a0
Program/REDIST/DIRECTX/DRIVERS/NEC/ACL.DRV	70304	6893fc427165d9848eb2c5a081f9e58c
Program/REDIST/DIRECTX/DRIVERS/NEC/ACL.VXD	16902	61decbc4701b3cbafc3e3b03d109cbac
Program/REDIST/DIRECTX/DRIVERS/NEC/ACL5446.DAT	7088	4cd67b98511b4666d39c3af82b2fd036
Program/REDIST/DIRECTX/DRIVERS/NEC/ACL5446.DLL	40960	96a6596e81399422a9dfb5b04c0c3b75
Program/REDIST/DIRECTX/DRIVERS/NEC/ACL5446.DRV	97632	b6d7f2171edd9d0019fad3eac991ff0e
Program/REDIST/DIRECTX/DRIVERS/NEC/ACL5446.VXD	16578	cb27ede725cdd84ee074f494facf293e
Program/REDIST/DIRECTX/DRIVERS/NEC/ACL7543.DLL	23040	3d5b91bbd7ad50d9488611262c9306cc
Program/REDIST/DIRECTX/DRIVERS/NEC/ACL7543.DRV	69712	9656bff79d084527af809fd5013c8e4e
Program/REDIST/DIRECTX/DRIVERS/NEC/ACL7543.VXD	15510	99dbf753199f421cc45d2aacab42d0b8
Program/REDIST/DIRECTX/DRIVERS/NEC/ACL7548.DAT	57824	bed55ce4f6ec878559a48d59c2b61c83
Program/REDIST/DIRECTX/DRIVERS/NEC/ACL7548.DLL	24576	71f42fb8431da3406e8adacbcdfbb23e
Program/REDIST/DIRECTX/DRIVERS/NEC/ACL7548.DRV	76320	8555bc2ca44f10c4f35e2dfa3e71aa16
Program/REDIST/DIRECTX/DRIVERS/NEC/ACL7548.VXD	21031	239dad635946be0cb281fce977f41216
Program/REDIST/DIRECTX/DRIVERS/NEC/ACL7555.DAT	14892	aa6b2c3ab6e90b5854d6c00e5a227719
Program/REDIST/DIRECTX/DRIVERS/NEC/ACL7555.DLL	28160	e5919ca7aba47ac985c424b371272cfe
Program/REDIST/DIRECTX/DRIVERS/NEC/ACL7555.DRV	80880	4fda9033610937cb0f01b528c0f18c5a
Program/REDIST/DIRECTX/DRIVERS/NEC/ACL7555.VXD	11889	932c8c1d0a199d4c73a272322e723a36
Program/REDIST/DIRECTX/DRIVERS/NEC/ACLB.DLL	23040	8a58ffbeb2743866ce5094aea6741cd5
Program/REDIST/DIRECTX/DRIVERS/NEC/ACLB.DRV	70096	10e3a13031639542d988e02870b6c130
Program/REDIST/DIRECTX/DRIVERS/NEC/ACLB.VXD	16912	440785645c1d29bf27f747bf2e3cac5a
Program/REDIST/DIRECTX/DRIVERS/NEC/ACLMM.DLL	38912	7d9a6d7a5fef7ec00c4b71079e5cd363
Program/REDIST/DIRECTX/DRIVERS/NEC/ACLMM.DRV	75120	28f727e0079289e5abe9d4d01705a11c
Program/REDIST/DIRECTX/DRIVERS/NEC/ACLMM.VXD	16936	0aef14787baa57ec0a49085d0f43a115
Program/REDIST/DIRECTX/DRIVERS/NEC/AMTX3D32.DLL	228864	699a467d82f6dad0c65d4c3b1856acf0
Program/REDIST/DIRECTX/DRIVERS/NEC/AMTX95.DRV	74704	f7638bdd717b53c95e5600202786dc93
Program/REDIST/DIRECTX/DRIVERS/NEC/AMTXDD.DRV	18000	f9160de9b4aa08b803e3f0ad78419348
Program/REDIST/DIRECTX/DRIVERS/NEC/AMTXHW95.DLL	57808	467c8d55f6bd320f939995c763eaf562
Program/REDIST/DIRECTX/DRIVERS/NEC/AMTXMD95.DLL	10784	ed578094ac698e173fbdf84f0571a07c
Program/REDIST/DIRECTX/DRIVERS/NEC/AMTXV95.VXD	26703	0ac279ca29f72973e15943adcffd5b84
Program/REDIST/DIRECTX/DRIVERS/NEC/AMTXVDD.VXD	7926	51752b7222135270c7337f9ebf26841b
Program/REDIST/DIRECTX/DRIVERS/NEC/ASTM3D32.DLL	55808	6a5e1e55bfba313b4878994f9cfdd76f
Program/REDIST/DIRECTX/DRIVERS/NEC/ASTMINIT.DLL	54512	56cdca87e778546449e1e21845171d75
Program/REDIST/DIRECTX/DRIVERS/NEC/ASTMXX.DRV	91360	8da918c80f8e5948f4676b3de73bac89
Program/REDIST/DIRECTX/DRIVERS/NEC/ATLS.DLL	93344	0f5396d500ea58948ef92956a8f12870
Program/REDIST/DIRECTX/DRIVERS/NEC/ATLSDD.DRV	10416	c17928ed41b2130155857bb74700cdf9
Program/REDIST/DIRECTX/DRIVERS/NEC/ATLSDD16.DLL	3856	6a93dc49876900c82924d5f86a7ea3e7
Program/REDIST/DIRECTX/DRIVERS/NEC/ATLSDD32.DLL	13312	b8935eb131a85016e902c6f7b9202ae6
Program/REDIST/DIRECTX/DRIVERS/NEC/ATLSXX.DRV	90992	8fbc4d8984fefbd8aefe55b4a3ce82b4
Program/REDIST/DIRECTX/DRIVERS/NEC/AXGIDD32.DLL	38400	a3c730db84ea778757d1eb09607b6448
Program/REDIST/DIRECTX/DRIVERS/NEC/AXGIXX.DRV	72784	86a43f1f7d8ff69a792b342b448e56db
Program/REDIST/DIRECTX/DRIVERS/NEC/CY9382.DLL	8112	c785f44035f0e428cb7ac73c0d5eb6da
Program/REDIST/DIRECTX/DRIVERS/NEC/CY9385.DLL	15600	f38a07e1d5f7632b77d5130d7255e0d0
Program/REDIST/DIRECTX/DRIVERS/NEC/CY9385X.DLL	15824	59ed81f59d4e8741aac3b98579696751
Program/REDIST/DIRECTX/DRIVERS/NEC/DRIVERS.DDB	1811	5ce2cd188f76a8c675b9f0b29edb9e8f
Program/REDIST/DIRECTX/DRIVERS/NEC/DXNAGI.INF	3112	bbbb4ca930261ae4732561ff7b296a21
Program/REDIST/DIRECTX/DRIVERS/NEC/DXNCIR.INF	18412	92ca9077d624223804a1b1bd9138feb0
Program/REDIST/DIRECTX/DRIVERS/NEC/DXNMGA.INF	7299	a5e25546787c1c12ed6d99a84d6c3255
Program/REDIST/DIRECTX/DRIVERS/NEC/DXNS3.INF	8388	c69b510cd70974e6cebcef0b97268bf9
Program/REDIST/DIRECTX/DRIVERS/NEC/DXNXGI.INF	4286	3dc459cee89a60e3586adcce63276c8c
Program/REDIST/DIRECTX/DRIVERS/NEC/IS5446.DLL	3568	f3281c7644cdc4676b7f10a9b2f74bc8
Program/REDIST/DIRECTX/DRIVERS/NEC/IS7548.DLL	3568	492535427f5b5752a6b94008111cf706
Program/REDIST/DIRECTX/DRIVERS/NEC/IS7555.DLL	3568	92a5404bba57f08423a35d024ab3e72e
Program/REDIST/DIRECTX/DRIVERS/NEC/IS9320.DLL	3600	ce5342af764c68ba56cb2bfbe7878e59
Program/REDIST/DIRECTX/DRIVERS/NEC/ISTRI.DLL	3648	3ebab9ae5dce3af735712a446456ca30
Program/REDIST/DIRECTX/DRIVERS/NEC/LICENSE.TXT	1315	17c6063103ec787cb3d9e76b8f1cb6e9
Program/REDIST/DIRECTX/DRIVERS/NEC/MIDI118.DRV	9280	042771961d8d6fd5a94dbc5bcf33ae80
Program/REDIST/DIRECTX/DRIVERS/NEC/MSANALOG.118	12089	f2672c7a5fd8d3243273c45c55dafc69
Program/REDIST/DIRECTX/DRIVERS/NEC/MSANALOG.NEW	12089	42ef896fc6f1c3d9621c898675d257c9
Program/REDIST/DIRECTX/DRIVERS/NEC/MSDDRAW.INF	386	fa448d794c9b98393eb799578fbacc8b
Program/REDIST/DIRECTX/DRIVERS/NEC/MSDSOUND.INF	315	5132f2b057bb2104e8cf71210c76cac6
Program/REDIST/DIRECTX/DRIVERS/NEC/MXCB118.DRV	20416	fe5c0840580231f38df38127e8929f45
Program/REDIST/DIRECTX/DRIVERS/NEC/NEC73PCM.DRV	61056	60a6bc770fb1d2b39069021d5c395ee9
Program/REDIST/DIRECTX/DRIVERS/NEC/NECCS118.DRV	47840	c98d6161f632e276bdca83f5877fc1e8
Program/REDIST/DIRECTX/DRIVERS/NEC/NECCSPCM.DRV	48576	55fc0d2ad033308e77cc6219fa93f572
Program/REDIST/DIRECTX/DRIVERS/NEC/NECJSTK.DRV	7776	f8cf9ef919f0b02dea415f11876f8fcc
Program/REDIST/DIRECTX/DRIVERS/NEC/NECMIDI.DRV	9280	2edf9ca4fdaf8797db99e8c4dd3428b9
Program/REDIST/DIRECTX/DRIVERS/NEC/NECMIX2.DRV	20864	ef0f3712c1d033371f72b64b29a3d335
Program/REDIST/DIRECTX/DRIVERS/NEC/NECOPL.DRV	20368	f3fb47a7986c9cf944ad5873869bff4a
Program/REDIST/DIRECTX/DRIVERS/NEC/NECOPN.DRV	30096	b9d80bbc9009d4fd4590f15557c43b66
Program/REDIST/DIRECTX/DRIVERS/NEC/NECPCM.DRV	47840	c96b28d0509d59a351a8bfe6bd88acbc
Program/REDIST/DIRECTX/DRIVERS/NEC/OLCB118.DRV	18624	9968ed6e509ea48d84cf5cf93b9c754b
Program/REDIST/DIRECTX/DRIVERS/NEC/ONCB118.DRV	30960	b207f20c4b3c37987410127719b5b3d6
Program/REDIST/DIRECTX/DRIVERS/NEC/OPL118.DRV	18624	854c6048e2768c25cc88b0839a816d59
Program/REDIST/DIRECTX/DRIVERS/NEC/OPL3SA.DRV	91264	3cfe23e5c6c9eddb09b17daad190846f
Program/REDIST/DIRECTX/DRIVERS/NEC/PEGCV8.DRV	7824	7f6eb87bf063c55a5889067786297ad1
Program/REDIST/DIRECTX/DRIVERS/NEC/PV9685.DLL	9936	47865e814fe31986d0a8f9de2d66c43b
Program/REDIST/DIRECTX/DRIVERS/NEC/PV9685W.DLL	12560	31513d2a484f0add5df722c679108316
Program/REDIST/DIRECTX/DRIVERS/NEC/TR968X.DLL	3184	3910c21abac772ad9f8fcf14076ebbec
Program/REDIST/DIRECTX/DRIVERS/NEC/TRIDENTN.DRV	48640	3e0bd5f897f65fe8c40b0cc8ccc372f8
Program/REDIST/DIRECTX/DRIVERS/NEC/VACCXX.VXD	30137	bea9b5015560ffa1897e3e935f290e95
Program/REDIST/DIRECTX/DRIVERS/NEC/VACCXXAB.VXD	30149	e6451f22750d1e2fe20854205cb0f784
Program/REDIST/DIRECTX/DRIVERS/NEC/VAIC5446.DLL	25088	321723b37d1160487992cfa521931268
Program/REDIST/DIRECTX/DRIVERS/NEC/VAICENG.DRV	14336	c4ba1c270cc9d0e828f66028105efb4d
Program/REDIST/DIRECTX/DRIVERS/NEC/VASTMXX.VXD	31072	2f7f28a3c0b5d6356fe749a61408f547
Program/REDIST/DIRECTX/DRIVERS/NEC/VATLSXX.VXD	21936	e7d1f23f43360df6245840a0ec5d4ec5
Program/REDIST/DIRECTX/DRIVERS/NEC/VAXGI.VXD	55641	c15ef9441ad5db3d07400916d141c52b
Program/REDIST/DIRECTX/DRIVERS/NEC/VFLATD.VXD	7784	778479e65e67c6b89c9a65ed7ef48b7d
Program/REDIST/DIRECTX/DRIVERS/NEC/VJOYD.118	35428	80b92d380d78c95a263062d8ed0ccc56
Program/REDIST/DIRECTX/DRIVERS/NEC/VJOYD.NEW	35428	4f01f9c0e04e3a3a9d8d522e53f8a8f1
Program/REDIST/DIRECTX/DRIVERS/NEC/VMIDI118.VXD	18556	f57371b7cf1273f993370233b81a14c1
Program/REDIST/DIRECTX/DRIVERS/NEC/VN73PCMD.VXD	22177	5926b1edb90320160ce4967606227816
Program/REDIST/DIRECTX/DRIVERS/NEC/VNCS118D.VXD	25313	12df4ba6dcd9aef85f967fb137f10690
Program/REDIST/DIRECTX/DRIVERS/NEC/VNCSPCMD.VXD	25313	3a0294d3b004ae397184eb4aa143903e
Program/REDIST/DIRECTX/DRIVERS/NEC/VNECMIDI.VXD	17563	45e5e0b6b3ecd79140bab21beceb59fe
Program/REDIST/DIRECTX/DRIVERS/NEC/VNECMIX2.VXD	27156	294e68ab958120eddc68f40afb636621
Program/REDIST/DIRECTX/DRIVERS/NEC/VNECMIXD.VXD	27130	b73c125bf421ec9d33733ba8f448ff42
Program/REDIST/DIRECTX/DRIVERS/NEC/VNECOPL.VXD	22154	91127fbc0ef7c5f3acd96d642e282c41
Program/REDIST/DIRECTX/DRIVERS/NEC/VNECPCM.VXD	25296	d5472d16bb0d263aae146b472062b032
Program/REDIST/DIRECTX/DRIVERS/NEC/VNOPND.VXD	16045	a1262ba5e3a8bbc9645bb3ddf9af25d0
Program/REDIST/DIRECTX/DRIVERS/NEC/VOLCB118.VXD	16506	081e6da239e413b985fb6de7cd149001
Program/REDIST/DIRECTX/DRIVERS/NEC/VONCB118.VXD	18566	35d4c5fa0eaf4b36fd775ba996c2e32f
Program/REDIST/DIRECTX/DRIVERS/NEC/VOPL118.VXD	16509	f55dc50b3480d0d5c322d8b2433da057
Program/REDIST/DIRECTX/DRIVERS/NEC/VOPL3SA.VXD	47744	cc324d0c6eb0dde6f2d891c130191f80
Program/REDIST/DIRECTX/DRIVERS/NEC/VPCB118.VXD	25808	92cd2256e3d82ca1851f12ea6d46dd0b
Program/REDIST/DIRECTX/DRIVERS/NEC/VTRIN.VXD	12083	a5e0838191b96d13c425e0240a099ec4
Program/REDIST/DIRECTX/DRIVERS/NEC/WAVE.INF	52514	5515e15042348ea742cdad7641065589
Program/REDIST/DIRECTX/DRIVERS/NEC/XGIINIT.DLL	8176	c1262ff2891e12dc9bb86c3765d30bb6
Program/REDIST/DIRECTX/DRIVERS/POL/AZT16.VXD	26774	e1b8aebae20c1432d0771f1c0b3e49f7
Program/REDIST/DIRECTX/DRIVERS/POL/AZT16C.DRV	42640	ea029463da4d4c7c48062c84b4eb582c
Program/REDIST/DIRECTX/DRIVERS/POL/AZT16W.DRV	44320	a426430bd3f3cfd8e21d38aba9b7b6f9
Program/REDIST/DIRECTX/DRIVERS/POL/CWBAUDIO.DRV	228795	0766debc3a4c34da0c1e4cb9a657db3a
Program/REDIST/DIRECTX/DRIVERS/POL/CWBAUDIO.INF	28464	e16b5999e550ac9cfa480ef09c69f35c
Program/REDIST/DIRECTX/DRIVERS/POL/CWBMIDI.VXD	14513	6e6859a11eea1a9f4357f0976ab066b9
Program/REDIST/DIRECTX/DRIVERS/POL/DRIVERS.DDB	18832	bdc0376f2e8185ae4893d59ec96ba15c
Program/REDIST/DIRECTX/DRIVERS/POL/DXATI.INF	9850	59d7b9a5685df9a80bb66bc81a689478
Program/REDIST/DIRECTX/DRIVERS/POL/DXCHIPS.INF	5346	d7aec73179676bf006d1a585fafc6b25
Program/REDIST/DIRECTX/DRIVERS/POL/DXCIRRUS.INF	9885	0f4203206cef54841c622d0dc240d9c6
Program/REDIST/DIRECTX/DRIVERS/POL/DXGLINT.INF	541	4993c05c4f0a7636a1a6be2b7c7d85d9
Program/REDIST/DIRECTX/DRIVERS/POL/DXI128.INF	2952	dc13be0dfe626ee4cc74de6506a1ff1a
Program/REDIST/DIRECTX/DRIVERS/POL/DXMGA.INF	2511	73bafea5c6c403a3db9a277984fd2b3c
Program/REDIST/DIRECTX/DRIVERS/POL/DXMM3DFX.INF	1606	26785cc244140c5b7eaa543b8d1b0d08
Program/REDIST/DIRECTX/DRIVERS/POL/DXNEOM.INF	2278	2a16b4097633277d5d11f987a7d36f12
Program/REDIST/DIRECTX/DRIVERS/POL/DXPMEDIA.INF	6317	1c2a3b5e4f3b836aaaf5b32c6325d538
Program/REDIST/DIRECTX/DRIVERS/POL/DXREND.INF	3759	788fcf56167fc03664a0ac140a360be2
Program/REDIST/DIRECTX/DRIVERS/POL/DXS3.INF	17462	824ac0aaa9bc227a3b8ca3a458f7c4aa
Program/REDIST/DIRECTX/DRIVERS/POL/DXTRID.INF	2599	c4239ab324cfc0b68af8b6a172b21bf1
Program/REDIST/DIRECTX/DRIVERS/POL/DXTSENG.INF	6017	8c17283de901842316a828fb1a67d9b2
Program/REDIST/DIRECTX/DRIVERS/POL/DXWD.INF	3607	b6a97935ed60e80adb485a4362c339b1
Program/REDIST/DIRECTX/DRIVERS/POL/ES1488.DRV	44320	7e5d019000ffbf9623f4f94b00208e9c
Program/REDIST/DIRECTX/DRIVERS/POL/ES1488.VXD	20124	bff0fac89481158b2997e7c6e96e2376
Program/REDIST/DIRECTX/DRIVERS/POL/ES1688.DRV	56823	cfb65766f9e05da91ef7fcf66a99c834
Program/REDIST/DIRECTX/DRIVERS/POL/ES1688.VXD	32382	28c78aaf478eea21f1a819bcd014d229
Program/REDIST/DIRECTX/DRIVERS/POL/ES1788.DRV	58087	93ad08351a2d5bfb12559693c94ddca8
Program/REDIST/DIRECTX/DRIVERS/POL/ES1788.VXD	32382	01c935ee3dfafac884007a3b9e9f2b0b
Program/REDIST/DIRECTX/DRIVERS/POL/ES488.DRV	37296	b53a234db1e279e02b60c9fac3d4ccec
Program/REDIST/DIRECTX/DRIVERS/POL/ES488.VXD	19607	25f44ceb1d8dedcc0c13bfa3611fcad3
Program/REDIST/DIRECTX/DRIVERS/POL/ES688.DRV	47440	5497b998466b1b84006513002f3dfd72
Program/REDIST/DIRECTX/DRIVERS/POL/ES688.VXD	22679	8155dc5461ff2c002157bfd0ad4b1e73
Program/REDIST/DIRECTX/DRIVERS/POL/ESFM.DRV	20375	bbd5ee3be3551d830554d43b0b545c94
Program/REDIST/DIRECTX/DRIVERS/POL/ESSFM.DRV	17872	f718240a6c93ccbfd789ad82567c7fd0
Program/REDIST/DIRECTX/DRIVERS/POL/ESSMPORT.DRV	9952	e5c7c1b8988bd0ec3f2085fef0e4c120
Program/REDIST/DIRECTX/DRIVERS/POL/ESSMPU.DRV	9895	5b5c02f68ca45ec4ec28a5d064c72928
Program/REDIST/DIRECTX/DRIVERS/POL/F3AUDIO.INF	6562	b6e90b998aa85fdf9d2f67d06bbdb8f6
Program/REDIST/DIRECTX/DRIVERS/POL/F3MIDI.DRV	8855	5bc419a511c7e89e9c825aec2ccbe7f8
Program/REDIST/DIRECTX/DRIVERS/POL/F3WAVMIX.DRV	48251	33a6edf301a637f949924c85acf3fe01
Program/REDIST/DIRECTX/DRIVERS/POL/MMMIXER.DLL	5328	0bea6030c560a220127cdbdddbae501d
Program/REDIST/DIRECTX/DRIVERS/POL/MSDDRAW.INF	386	fa448d794c9b98393eb799578fbacc8b
Program/REDIST/DIRECTX/DRIVERS/POL/MSDSOUND.INF	313	0d99f1b55a9e520846affa01cd02b4cf
Program/REDIST/DIRECTX/DRIVERS/POL/MSJSTICK.DRV	7776	1c59fdc74fd8f6cb25b264e4d3ec1e44
Program/REDIST/DIRECTX/DRIVERS/POL/MSMPU401.DRV	8720	73f0f5bbbe47b97c037b136f198e7e6b
Program/REDIST/DIRECTX/DRIVERS/POL/MSOPL.DRV	17904	564165c0a290396f6df6bb5fd7eb2dc3
Program/REDIST/DIRECTX/DRIVERS/POL/MSSBLST.DRV	41248	f0dd27336fad8d052c9f5d809798308c
Program/REDIST/DIRECTX/DRIVERS/POL/MSSBLST.VXD	21154	ec2d67fc8f520a2398ef506a9198a639
Program/REDIST/DIRECTX/DRIVERS/POL/MSSNDSYS.DRV	41403	3cb22ae63e5775824eca23906fdfd38c
Program/REDIST/DIRECTX/DRIVERS/POL/MSSNDSYS.VXD	31472	9188493080cee8aa78255f598aa854a5
Program/REDIST/DIRECTX/DRIVERS/POL/MVI514MX.DRV	39168	b2c07cb145f4a9e151d6eda1dd372a89
Program/REDIST/DIRECTX/DRIVERS/POL/MVIWAVE.DRV	19936	03b67c2a8cf52f45dece66c56f413c0c
Program/REDIST/DIRECTX/DRIVERS/POL/MVMIXER.DRV	59984	5bdfc984cbaf84cf13e6f6c7613c0b56
Program/REDIST/DIRECTX/DRIVERS/POL/MVPROAUD.DRV	26240	b970f1370e0414329397282675ae4990
Program/REDIST/DIRECTX/DRIVERS/POL/PA3DMXD.DRV	53968	92c937910687b9e32dfc4d037104a845
Program/REDIST/DIRECTX/DRIVERS/POL/SB16.VXD	114237	fc8736124e0baa5151070ac2abc4a914
Program/REDIST/DIRECTX/DRIVERS/POL/SB16AWE.INF	28574	a3d567eae962df3183be4ca23d292afb
Program/REDIST/DIRECTX/DRIVERS/POL/SB16SND.DRV	76235	714b6454b4ef3e86b02bb65fa4214ebe
Program/REDIST/DIRECTX/DRIVERS/POL/SBAWE.VXD	78954	b2e30754f384475fd1f1bfe55769d05c
Program/REDIST/DIRECTX/DRIVERS/POL/SBAWE32.DRV	31739	6eba4a5b064bbd218a00cf151ab87876
Program/REDIST/DIRECTX/DRIVERS/POL/SBFM.DRV	4160	9b6c245e21842ccdd85536ded8e78489
Program/REDIST/DIRECTX/DRIVERS/POL/VMVID.VXD	18590	d3ac4e1a6fa97a06010dcdf3a6b352cc
Program/REDIST/DIRECTX/DRIVERS/POL/VPASD.VXD	24166	77f90229bdf22e9c9b1fdd600599eba5
Program/REDIST/DIRECTX/DRIVERS/POL/WAVE.INF	58263	26c6831ee79b302baadbeaeef062483e
Program/REDIST/DIRECTX/DRIVERS/RUS/AZT16.VXD	26778	a1311fafd6372c7b208fc6b17e277320
Program/REDIST/DIRECTX/DRIVERS/RUS/AZT16C.DRV	42528	e6e97554084dad6248abc29fecc2d784
Program/REDIST/DIRECTX/DRIVERS/RUS/AZT16W.DRV	44176	818ac14d5be7084bb8429e6dbd3c9c84
Program/REDIST/DIRECTX/DRIVERS/RUS/CWBAUDIO.DRV	228731	1710b0cc8f145de0de48d66c55c57e32
Program/REDIST/DIRECTX/DRIVERS/RUS/CWBAUDIO.INF	28476	65c640567ba9cebfd9779b05f940f5d9
Program/REDIST/DIRECTX/DRIVERS/RUS/CWBMIDI.VXD	14513	6e6859a11eea1a9f4357f0976ab066b9
Program/REDIST/DIRECTX/DRIVERS/RUS/DRIVERS.DDB	18832	8435f84426b76d6101dfef98ce4cfcd6
Program/REDIST/DIRECTX/DRIVERS/RUS/DXATI.INF	9850	59d7b9a5685df9a80bb66bc81a689478
Program/REDIST/DIRECTX/DRIVERS/RUS/DXCHIPS.INF	5346	d7aec73179676bf006d1a585fafc6b25
Program/REDIST/DIRECTX/DRIVERS/RUS/DXCIRRUS.INF	9885	0f4203206cef54841c622d0dc240d9c6
Program/REDIST/DIRECTX/DRIVERS/RUS/DXGLINT.INF	555	a577cd115b791505843af67ebbe6946e
Program/REDIST/DIRECTX/DRIVERS/RUS/DXI128.INF	2952	dc13be0dfe626ee4cc74de6506a1ff1a
Program/REDIST/DIRECTX/DRIVERS/RUS/DXMGA.INF	2511	73bafea5c6c403a3db9a277984fd2b3c
Program/REDIST/DIRECTX/DRIVERS/RUS/DXMM3DFX.INF	1606	26785cc244140c5b7eaa543b8d1b0d08
Program/REDIST/DIRECTX/DRIVERS/RUS/DXNEOM.INF	2278	2a16b4097633277d5d11f987a7d36f12
Program/REDIST/DIRECTX/DRIVERS/RUS/DXPMEDIA.INF	6317	1c2a3b5e4f3b836aaaf5b32c6325d538
Program/REDIST/DIRECTX/DRIVERS/RUS/DXREND.INF	3759	788fcf56167fc03664a0ac140a360be2
Program/REDIST/DIRECTX/DRIVERS/RUS/DXS3.INF	17462	824ac0aaa9bc227a3b8ca3a458f7c4aa
Program/REDIST/DIRECTX/DRIVERS/RUS/DXTRID.INF	2599	c4239ab324cfc0b68af8b6a172b21bf1
Program/REDIST/DIRECTX/DRIVERS/RUS/DXTSENG.INF	6017	8c17283de901842316a828fb1a67d9b2
Program/REDIST/DIRECTX/DRIVERS/RUS/DXWD.INF	3607	b6a97935ed60e80adb485a4362c339b1
Program/REDIST/DIRECTX/DRIVERS/RUS/ES1488.DRV	44240	a68115bf33a8c0b06864a53580f74105
Program/REDIST/DIRECTX/DRIVERS/RUS/ES1488.VXD	20124	689be263d5957dca18a82147d0f1fdce
Program/REDIST/DIRECTX/DRIVERS/RUS/ES1688.DRV	56823	264ca9aac434f33c053d5d84cee238b5
Program/REDIST/DIRECTX/DRIVERS/RUS/ES1688.VXD	32382	28c78aaf478eea21f1a819bcd014d229
Program/REDIST/DIRECTX/DRIVERS/RUS/ES1788.DRV	58103	3cf9937053dd1050586f465d7080352b
Program/REDIST/DIRECTX/DRIVERS/RUS/ES1788.VXD	32382	01c935ee3dfafac884007a3b9e9f2b0b
Program/REDIST/DIRECTX/DRIVERS/RUS/ES488.DRV	37216	5fe6168bfb79b891d9f446fce18c706f
Program/REDIST/DIRECTX/DRIVERS/RUS/ES488.VXD	19611	00c145ea0783aace470ed1cdf97cd665
Program/REDIST/DIRECTX/DRIVERS/RUS/ES688.DRV	47344	78af31f9621e0f18d4a4e4e995669a4f
Program/REDIST/DIRECTX/DRIVERS/RUS/ES688.VXD	22683	08ebc1f664c0206485afe7bc1a9434ab
Program/REDIST/DIRECTX/DRIVERS/RUS/ESFM.DRV	20359	e94e6f2da877f170765d41e777090979
Program/REDIST/DIRECTX/DRIVERS/RUS/ESSFM.DRV	17872	01558b7ce9034746b3385c44e76938e4
Program/REDIST/DIRECTX/DRIVERS/RUS/ESSMPORT.DRV	9888	e3a51ca9eb949916ed6cb1a81c3d4a8b
Program/REDIST/DIRECTX/DRIVERS/RUS/ESSMPU.DRV	9895	deb153375ab242547329395603778a1d
Program/REDIST/DIRECTX/DRIVERS/RUS/F3AUDIO.INF	6553	309babb97f0ed2be9a858a253ea2b0c0
Program/REDIST/DIRECTX/DRIVERS/RUS/F3MIDI.DRV	8839	7a8bce70421c5f8c65125abce136d70e
Program/REDIST/DIRECTX/DRIVERS/RUS/F3WAVMIX.DRV	48235	a000332d06c3fb9b7b196c855e0d03d5
Program/REDIST/DIRECTX/DRIVERS/RUS/MMMIXER.DLL	5376	85ae7a6a63ced6cae34e4cfaf8150662
Program/REDIST/DIRECTX/DRIVERS/RUS/MSDDRAW.INF	386	fa448d794c9b98393eb799578fbacc8b
Program/REDIST/DIRECTX/DRIVERS/RUS/MSDSOUND.INF	313	0d99f1b55a9e520846affa01cd02b4cf
Program/REDIST/DIRECTX/DRIVERS/RUS/MSJSTICK.DRV	7760	5c6f3c1a9ac3a29012882a611700c988
Program/REDIST/DIRECTX/DRIVERS/RUS/MSMPU401.DRV	8720	81591ddb056f819a497b5bd83df8f37d
Program/REDIST/DIRECTX/DRIVERS/RUS/MSOPL.DRV	17888	8aa3bca639e94732750d0311bb6c2df3
Program/REDIST/DIRECTX/DRIVERS/RUS/MSSBLST.DRV	41184	54433d70ada24b6716f044c1eddd02fa
Program/REDIST/DIRECTX/DRIVERS/RUS/MSSBLST.VXD	21154	ec2d67fc8f520a2398ef506a9198a639
Program/REDIST/DIRECTX/DRIVERS/RUS/MSSNDSYS.DRV	41307	fe79269328a65cb5f185551995d5f907
Program/REDIST/DIRECTX/DRIVERS/RUS/MSSNDSYS.VXD	31472	9188493080cee8aa78255f598aa854a5
Program/REDIST/DIRECTX/DRIVERS/RUS/MVI514MX.DRV	39040	a35f305750526cecbd269c3ad092bcbc
Program/REDIST/DIRECTX/DRIVERS/RUS/MVIWAVE.DRV	20064	519e7330fb8a114cc59c707b526ba235
Program/REDIST/DIRECTX/DRIVERS/RUS/MVMIXER.DRV	59840	c900a85a56c3561c606146e041be21b5
Program/REDIST/DIRECTX/DRIVERS/RUS/MVPROAUD.DRV	26368	f8e516c9929a42a9117ea88430c210b6
Program/REDIST/DIRECTX/DRIVERS/RUS/PA3DMXD.DRV	53680	3e25738bd48f9a560e2536b8cf266f7a
Program/REDIST/DIRECTX/DRIVERS/RUS/SB16.VXD	114237	fc8736124e0baa5151070ac2abc4a914
Program/REDIST/DIRECTX/DRIVERS/RUS/SB16AWE.INF	28882	3d09da42777249325819b7b2d0fd908a
Program/REDIST/DIRECTX/DRIVERS/RUS/SB16SND.DRV	76011	9c3bcf9d4613d2ad2b6b08cc3028b3b7
Program/REDIST/DIRECTX/DRIVERS/RUS/SBAWE.VXD	78954	b2e30754f384475fd1f1bfe55769d05c
Program/REDIST/DIRECTX/DRIVERS/RUS/SBAWE32.DRV	31611	0b154b86245e0b64ea46344c3050f616
Program/REDIST/DIRECTX/DRIVERS/RUS/SBFM.DRV	4128	3abc3e2fb2e27b7306796af0b6fad959
Program/REDIST/DIRECTX/DRIVERS/RUS/VMVID.VXD	18594	73815ffd29f7963b56b54dec03d32f60
Program/REDIST/DIRECTX/DRIVERS/RUS/VPASD.VXD	24170	a45f19520722845bc6050778cf6626bd
Program/REDIST/DIRECTX/DRIVERS/RUS/WAVE.INF	58263	26c6831ee79b302baadbeaeef062483e
Program/REDIST/DIRECTX/DRIVERS/SPA/AZT16.VXD	26782	97d098a7ccf85a61f3337613eec7be9a
Program/REDIST/DIRECTX/DRIVERS/SPA/AZT16C.DRV	42944	5d560c81c5d3b048d4488e299b2f5337
Program/REDIST/DIRECTX/DRIVERS/SPA/AZT16W.DRV	44624	622da368f4d18bbf540ac19af1546ddf
Program/REDIST/DIRECTX/DRIVERS/SPA/CWBAUDIO.DRV	229051	c2b31a920b2967a89e1d14f0702d64ca
Program/REDIST/DIRECTX/DRIVERS/SPA/CWBAUDIO.INF	28614	d7bf829304aba11ad835dbe06738e020
Program/REDIST/DIRECTX/DRIVERS/SPA/CWBMIDI.VXD	14525	97bd27d6ada0931ef782789d7c550250
Program/REDIST/DIRECTX/DRIVERS/SPA/DRIVERS.DDB	18832	bc2ba2c6ad13f23c6460649bd0c28b9e
Program/REDIST/DIRECTX/DRIVERS/SPA/DXATI.INF	9850	59d7b9a5685df9a80bb66bc81a689478
Program/REDIST/DIRECTX/DRIVERS/SPA/DXCHIPS.INF	5346	d7aec73179676bf006d1a585fafc6b25
Program/REDIST/DIRECTX/DRIVERS/SPA/DXCIRRUS.INF	9885	0f4203206cef54841c622d0dc240d9c6
Program/REDIST/DIRECTX/DRIVERS/SPA/DXGLINT.INF	542	1b8ff581bcb2770820995f63bca2f1f5
Program/REDIST/DIRECTX/DRIVERS/SPA/DXI128.INF	2952	dc13be0dfe626ee4cc74de6506a1ff1a
Program/REDIST/DIRECTX/DRIVERS/SPA/DXMGA.INF	2511	73bafea5c6c403a3db9a277984fd2b3c
Program/REDIST/DIRECTX/DRIVERS/SPA/DXMM3DFX.INF	1606	26785cc244140c5b7eaa543b8d1b0d08
Program/REDIST/DIRECTX/DRIVERS/SPA/DXNEOM.INF	2278	2a16b4097633277d5d11f987a7d36f12
Program/REDIST/DIRECTX/DRIVERS/SPA/DXPMEDIA.INF	6317	1c2a3b5e4f3b836aaaf5b32c6325d538
Program/REDIST/DIRECTX/DRIVERS/SPA/DXREND.INF	3759	788fcf56167fc03664a0ac140a360be2
Program/REDIST/DIRECTX/DRIVERS/SPA/DXS3.INF	17462	824ac0aaa9bc227a3b8ca3a458f7c4aa
Program/REDIST/DIRECTX/DRIVERS/SPA/DXTRID.INF	2599	c4239ab324cfc0b68af8b6a172b21bf1
Program/REDIST/DIRECTX/DRIVERS/SPA/DXTSENG.INF	6017	8c17283de901842316a828fb1a67d9b2
Program/REDIST/DIRECTX/DRIVERS/SPA/DXWD.INF	3607	b6a97935ed60e80adb485a4362c339b1
Program/REDIST/DIRECTX/DRIVERS/SPA/ES1488.DRV	44544	1563846e41fe0655d48a0df21d7b9c6a
Program/REDIST/DIRECTX/DRIVERS/SPA/ES1488.VXD	20128	717d4d44760e0e9f2d0273d8a8c7555d
Program/REDIST/DIRECTX/DRIVERS/SPA/ES1688.DRV	57047	45479405ad7f3a9d9bdd00193a28ec3d
Program/REDIST/DIRECTX/DRIVERS/SPA/ES1688.VXD	32390	1fda59cdc3a8cc3aecf75fbe7fe96645
Program/REDIST/DIRECTX/DRIVERS/SPA/ES1788.DRV	58327	3d8be4f0a435588a19626ce6e75124c1
Program/REDIST/DIRECTX/DRIVERS/SPA/ES1788.VXD	32386	78d0acde943f38c2a5cb459573b348d8
Program/REDIST/DIRECTX/DRIVERS/SPA/ES488.DRV	37424	933f08da71fc105009569a1f88aec92c
Program/REDIST/DIRECTX/DRIVERS/SPA/ES488.VXD	19615	034f00983e57a33ca714a8217e109797
Program/REDIST/DIRECTX/DRIVERS/SPA/ES688.DRV	47632	77156d6791c211f48baeb53a65681bc7
Program/REDIST/DIRECTX/DRIVERS/SPA/ES688.VXD	22687	325d64b275b28d1c18da514df99a8915
Program/REDIST/DIRECTX/DRIVERS/SPA/ESFM.DRV	20391	7f049623b0458be00c43c94995805526
Program/REDIST/DIRECTX/DRIVERS/SPA/ESSFM.DRV	17888	5453e26cc9e6e61d289cec04c447fc64
Program/REDIST/DIRECTX/DRIVERS/SPA/ESSMPORT.DRV	10032	e891404ea95e73313dfe422e1d7d8d56
Program/REDIST/DIRECTX/DRIVERS/SPA/ESSMPU.DRV	9911	975e974a894e2c462f285f52e2cdccbd
Program/REDIST/DIRECTX/DRIVERS/SPA/F3AUDIO.INF	6555	934493d4fe393b97cde20270f9fd8934
Program/REDIST/DIRECTX/DRIVERS/SPA/F3MIDI.DRV	8839	992149eedcc5f16d2eb36cd36e09047c
Program/REDIST/DIRECTX/DRIVERS/SPA/F3WAVMIX.DRV	48635	d660d4936fb1d7b23493497b170f5ea9
Program/REDIST/DIRECTX/DRIVERS/SPA/MMMIXER.DLL	5456	9a1a5baf3d10f2243fd6dfea6e731d3f
Program/REDIST/DIRECTX/DRIVERS/SPA/MSDDRAW.INF	386	fa448d794c9b98393eb799578fbacc8b
Program/REDIST/DIRECTX/DRIVERS/SPA/MSDSOUND.INF	313	0d99f1b55a9e520846affa01cd02b4cf
Program/REDIST/DIRECTX/DRIVERS/SPA/MSJSTICK.DRV	7776	0d1de9d41ef8e0f03e61c128d338d422
Program/REDIST/DIRECTX/DRIVERS/SPA/MSMPU401.DRV	8720	c442d90ecc9c953eccb9513861b6d8e9
Program/REDIST/DIRECTX/DRIVERS/SPA/MSOPL.DRV	17936	6316fa5501e26545c3e56f4017b61614
Program/REDIST/DIRECTX/DRIVERS/SPA/MSSBLST.DRV	41312	b018f679b470466a9b26ba1c99c224c1
Program/REDIST/DIRECTX/DRIVERS/SPA/MSSBLST.VXD	21158	86cffe8e39952229c809a69395108a44
Program/REDIST/DIRECTX/DRIVERS/SPA/MSSNDSYS.DRV	41563	79c096d3819386571d6d03626ce77b43
Program/REDIST/DIRECTX/DRIVERS/SPA/MSSNDSYS.VXD	31476	ade51c643868542396392c19da204f5a
Program/REDIST/DIRECTX/DRIVERS/SPA/MVI514MX.DRV	39216	f1f830b9374a9d36e6c51ffe5648b245
Program/REDIST/DIRECTX/DRIVERS/SPA/MVIWAVE.DRV	20304	7daea951ce8696047963f92fae5e7daa
Program/REDIST/DIRECTX/DRIVERS/SPA/MVMIXER.DRV	60112	92f0c126a7782e1a682423da8785bb71
Program/REDIST/DIRECTX/DRIVERS/SPA/MVPROAUD.DRV	26352	affa3987e460a8581a375ed0708690f3
Program/REDIST/DIRECTX/DRIVERS/SPA/PA3DMXD.DRV	53984	6f20272a26ce1eaefcf6ef176b85394d
Program/REDIST/DIRECTX/DRIVERS/SPA/SB16.VXD	114257	22876925ee32a1c1fe547350bd2b276e
Program/REDIST/DIRECTX/DRIVERS/SPA/SB16AWE.INF	28842	69cceb0491b19b083d9d2907417ecee6
Program/REDIST/DIRECTX/DRIVERS/SPA/SB16SND.DRV	76763	4f83676ba94a2fdfdf41d5af4d5ba8c3
Program/REDIST/DIRECTX/DRIVERS/SPA/SBAWE.VXD	78974	77eae2347b10d2e200c1e974bd6976bf
Program/REDIST/DIRECTX/DRIVERS/SPA/SBAWE32.DRV	31707	64627dc496a86b90174a03904a4d75d5
Program/REDIST/DIRECTX/DRIVERS/SPA/SBFM.DRV	4224	1d2b58a3aac979a1f92347f7550bb4b6
Program/REDIST/DIRECTX/DRIVERS/SPA/VMVID.VXD	18598	6826c2975bc3f822aaf07b0a73b71c1d
Program/REDIST/DIRECTX/DRIVERS/SPA/VPASD.VXD	24174	94bc8d8e1d7a6fe717cc8f90ea7f5162
Program/REDIST/DIRECTX/DRIVERS/SPA/WAVE.INF	58263	26c6831ee79b302baadbeaeef062483e
Program/REDIST/DIRECTX/DRIVERS/SWE/AZT16.VXD	26774	8637bc9d4c93b3721fd641af6a809ec6
Program/REDIST/DIRECTX/DRIVERS/SWE/AZT16C.DRV	42240	c63df7525e1e03e0bca106dbbec28911
Program/REDIST/DIRECTX/DRIVERS/SWE/AZT16W.DRV	43808	d5691cca0c0ae23685e4890ec4299363
Program/REDIST/DIRECTX/DRIVERS/SWE/CWBAUDIO.DRV	228475	1aac263fef359c740111064a4f923184
Program/REDIST/DIRECTX/DRIVERS/SWE/CWBAUDIO.INF	28334	ec85276a4ddae6eb6ee1e8900d45341a
Program/REDIST/DIRECTX/DRIVERS/SWE/CWBMIDI.VXD	14513	08787a5e50acf4a6c51fc7aaf2321b5c
Program/REDIST/DIRECTX/DRIVERS/SWE/DRIVERS.DDB	18832	459bfec74d702d4022cabac0a50aa09d
Program/REDIST/DIRECTX/DRIVERS/SWE/DXATI.INF	9850	59d7b9a5685df9a80bb66bc81a689478
Program/REDIST/DIRECTX/DRIVERS/SWE/DXCHIPS.INF	5346	d7aec73179676bf006d1a585fafc6b25
Program/REDIST/DIRECTX/DRIVERS/SWE/DXCIRRUS.INF	9885	0f4203206cef54841c622d0dc240d9c6
Program/REDIST/DIRECTX/DRIVERS/SWE/DXGLINT.INF	540	c7fea952bb1fecd04276989de51d2c9e
Program/REDIST/DIRECTX/DRIVERS/SWE/DXI128.INF	2952	dc13be0dfe626ee4cc74de6506a1ff1a
Program/REDIST/DIRECTX/DRIVERS/SWE/DXMGA.INF	2511	73bafea5c6c403a3db9a277984fd2b3c
Program/REDIST/DIRECTX/DRIVERS/SWE/DXMM3DFX.INF	1606	26785cc244140c5b7eaa543b8d1b0d08
Program/REDIST/DIRECTX/DRIVERS/SWE/DXNEOM.INF	2278	2a16b4097633277d5d11f987a7d36f12
Program/REDIST/DIRECTX/DRIVERS/SWE/DXPMEDIA.INF	6317	1c2a3b5e4f3b836aaaf5b32c6325d538
Program/REDIST/DIRECTX/DRIVERS/SWE/DXREND.INF	3759	788fcf56167fc03664a0ac140a360be2
Program/REDIST/DIRECTX/DRIVERS/SWE/DXS3.INF	17462	824ac0aaa9bc227a3b8ca3a458f7c4aa
Program/REDIST/DIRECTX/DRIVERS/SWE/DXTRID.INF	2599	c4239ab324cfc0b68af8b6a172b21bf1
Program/REDIST/DIRECTX/DRIVERS/SWE/DXTSENG.INF	6017	8c17283de901842316a828fb1a67d9b2
Program/REDIST/DIRECTX/DRIVERS/SWE/DXWD.INF	3607	b6a97935ed60e80adb485a4362c339b1
Program/REDIST/DIRECTX/DRIVERS/SWE/ES1488.DRV	43968	9e2cb477d7021c51e09eb11f777a3231
Program/REDIST/DIRECTX/DRIVERS/SWE/ES1488.VXD	20120	ef0571db308cd05147480de2ee200b78
Program/REDIST/DIRECTX/DRIVERS/SWE/ES1688.DRV	56391	d56c949c2ab02230d647a0c84666dbaf
Program/REDIST/DIRECTX/DRIVERS/SWE/ES1688.VXD	32386	5af964fb9cf71ac9ffa24a4b968e4cf6
Program/REDIST/DIRECTX/DRIVERS/SWE/ES1788.DRV	57671	4525bfb699bd2c71aa3374881f8d005e
Program/REDIST/DIRECTX/DRIVERS/SWE/ES1788.VXD	32382	c2f4427de7140f1d9112a946018aa622
Program/REDIST/DIRECTX/DRIVERS/SWE/ES488.DRV	37024	f521922d52ec496a30a6d19fb995c592
Program/REDIST/DIRECTX/DRIVERS/SWE/ES488.VXD	19607	0279cae69fcba7ee801c7bcace708f69
Program/REDIST/DIRECTX/DRIVERS/SWE/ES688.DRV	47072	83d9147b0bfaf7cc29222abe674ab52f
Program/REDIST/DIRECTX/DRIVERS/SWE/ES688.VXD	22679	fa3ebcf56ac326b5592babe60c80613f
Program/REDIST/DIRECTX/DRIVERS/SWE/ESFM.DRV	20327	2c7b22128da2377c9133323858983814
Program/REDIST/DIRECTX/DRIVERS/SWE/ESSFM.DRV	17872	9ae937ce4dbd57e1effb34f6ac69e005
Program/REDIST/DIRECTX/DRIVERS/SWE/ESSMPORT.DRV	9920	4c630a1b6f33ef6482574b17eeac4a76
Program/REDIST/DIRECTX/DRIVERS/SWE/ESSMPU.DRV	9911	c478ab57f93487febad522922a3e1810
Program/REDIST/DIRECTX/DRIVERS/SWE/F3AUDIO.INF	6531	92cbb117a0bc6e22f28e72cea7557b1f
Program/REDIST/DIRECTX/DRIVERS/SWE/F3MIDI.DRV	8839	22cfa6ff05666f179b62c5e82e0e24b5
Program/REDIST/DIRECTX/DRIVERS/SWE/F3WAVMIX.DRV	47739	72715e55063816e1eba9fb0187c8fc7f
Program/REDIST/DIRECTX/DRIVERS/SWE/MMMIXER.DLL	5200	3af47b4af209bd6aff40a0cfd6589a91
Program/REDIST/DIRECTX/DRIVERS/SWE/MSDDRAW.INF	386	fa448d794c9b98393eb799578fbacc8b
Program/REDIST/DIRECTX/DRIVERS/SWE/MSDSOUND.INF	313	0d99f1b55a9e520846affa01cd02b4cf
Program/REDIST/DIRECTX/DRIVERS/SWE/MSJSTICK.DRV	7760	182c95f1d9f5a9143b9fafebf44f3a1b
Program/REDIST/DIRECTX/DRIVERS/SWE/MSMPU401.DRV	8720	37cde67267aeb85691ea2aa863a75155
Program/REDIST/DIRECTX/DRIVERS/SWE/MSOPL.DRV	17904	2593a64c925727cf01ae02d2dc57b3da
Program/REDIST/DIRECTX/DRIVERS/SWE/MSSBLST.DRV	40832	eb8f7cffdfea83ac0a2e2c9f7f9a0bad
Program/REDIST/DIRECTX/DRIVERS/SWE/MSSBLST.VXD	21154	6c8047e1a90b30d6e8ff97dabd0dceeb
Program/REDIST/DIRECTX/DRIVERS/SWE/MSSNDSYS.DRV	41083	7404b0621f879404a77c50db2e216479
Program/REDIST/DIRECTX/DRIVERS/SWE/MSSNDSYS.VXD	31468	e41b0665f6dcd7e1db534d9966c77181
Program/REDIST/DIRECTX/DRIVERS/SWE/MVI514MX.DRV	38848	978cf0d88281a6d89e1da529ce199892
Program/REDIST/DIRECTX/DRIVERS/SWE/MVIWAVE.DRV	19936	14f89ec4dedbaffa1f1e3a445144ad94
Program/REDIST/DIRECTX/DRIVERS/SWE/MVMIXER.DRV	59792	9051a30ba98037a89c3af6627977b088
Program/REDIST/DIRECTX/DRIVERS/SWE/MVPROAUD.DRV	26304	6e128892cb5cdfa3ee0aff86d77f60e1
Program/REDIST/DIRECTX/DRIVERS/SWE/PA3DMXD.DRV	53504	a6ee468101eddb8da805f3d86c2747bf
Program/REDIST/DIRECTX/DRIVERS/SWE/SB16.VXD	114245	73a697e7f500a594b8fc6e0f78551dba
Program/REDIST/DIRECTX/DRIVERS/SWE/SB16AWE.INF	28704	4e8d1d80fc67d9b15b3ebab862ea3581
Program/REDIST/DIRECTX/DRIVERS/SWE/SB16SND.DRV	75723	54c4ad1617e4d024e987630d7f9a5843
Program/REDIST/DIRECTX/DRIVERS/SWE/SBAWE.VXD	78962	a5f6d1a698f669e2dc8f1054fabb0573
Program/REDIST/DIRECTX/DRIVERS/SWE/SBAWE32.DRV	31675	935b7f3758b0964cb782d9339747be81
Program/REDIST/DIRECTX/DRIVERS/SWE/SBFM.DRV	4192	5ffaac949338b6159bc55713b658cf8e
Program/REDIST/DIRECTX/DRIVERS/SWE/VMVID.VXD	18590	5976c25979ee54637a621aa000685f73
Program/REDIST/DIRECTX/DRIVERS/SWE/VPASD.VXD	24166	25558f3da2cf339e2f4fdf9ee0544323
Program/REDIST/DIRECTX/DRIVERS/SWE/WAVE.INF	58263	26c6831ee79b302baadbeaeef062483e
Program/REDIST/DIRECTX/DSETUP.DLL	127488	145933961df27a5c33b1c1170dde03a4
Program/REDIST/DIRECTX/DSETUP.INF	1124	04384f2cabb90e8565aa20f9cc80cbb2
Program/REDIST/DIRECTX/DSETUP16.DLL	63248	7572cefb2e2494f0adb47ccac8921c14
Program/REDIST/DIRECTX/DSETUP32.DLL	51712	808d6587d9bb857d047c551e86f383c7
Program/REDIST/DIRECTX/DSOUND.DLL	133904	1a7ffbbedddf4779714b791b1ebc5726
Program/REDIST/DIRECTX/DSOUND.INF	815	bbccbc1292bdbb5a65a3fde1fc7316d9
Program/REDIST/DIRECTX/DSOUND.VXD	64443	ef0f86b6259378a835bc62f725a375e8
Program/REDIST/DIRECTX/DX6MIGR.INF	10301	bebb7b6231bff8b297e0522115add845
Program/REDIST/DIRECTX/DXAPI.SYS	2384	be5d7b46308fef026e14aee6be50187b
Program/REDIST/DIRECTX/DXDIAG.CNT	461	d8913edf19011e446a56914298db1547
Program/REDIST/DIRECTX/DXDIAG.EXE	286480	ccc31f0caaa59b259444cfdf42fb1e48
Program/REDIST/DIRECTX/DXDIAG.HLP	15301	463a1a04c1d4bf522ef3aa45e2446e0a
Program/REDIST/DIRECTX/DXINFO.EXE	309760	039517ebcc208208ee86e08cab682234
Program/REDIST/DIRECTX/DXINFO.INI	35	be10ef205f00d9c031f3e28e47e69650
Program/REDIST/DIRECTX/DXMIGR.DLL	4672	7b04712326b11848f921ee1639924ef5
Program/REDIST/DIRECTX/DXSETUP.EXE	86528	16cac5180ebdc4f0757311fe01b8756f
Program/REDIST/DIRECTX/DXVER.INF	208	7f85e3b2502b2e299ed85863220a29c6
Program/REDIST/DIRECTX/GCDEF.DLL	564224	b616ed8b9b1ba99ef2da98502ad55b77
Program/REDIST/DIRECTX/GCHAND.DLL	80384	24559cf7357312c8639a35140ce705d5
Program/REDIST/DIRECTX/JOY.CPL	229888	046aae753bedb0658ee76f4005a671f6
Program/REDIST/DIRECTX/LICENSE.TXT	1315	17c6063103ec787cb3d9e76b8f1cb6e9
Program/REDIST/DIRECTX/MSANALOG.VXD	12101	702dee2dcd8d774c921d9ea2bb2a7a84
Program/REDIST/DIRECTX/MSVCRT.DLL	271632	91297b4590653e76442c6324aea88cd3
Program/REDIST/DIRECTX/MTRR.INF	216	0438e7a6f5bc933217bcbf5f1ad71abe
Program/REDIST/DIRECTX/MTRR.VXD	12009	fa5ad2fda291834c8fbe53f1f10567d0
Program/REDIST/DIRECTX/VJOYD.VXD	30320	64b4f31c3fe027cb5b02a07b17e4f575
Program/REDIST/DIRECTX/VMCPD.NEC	18602	deb8728389f757df0aacc8391a33344b
Program/REDIST/DIRECTX/VMCPD.X86	18602	2c566110bac6dc8e387a7a03a812df87
Program/REDIST/DSETUP.DLL	127488	145933961df27a5c33b1c1170dde03a4
Program/REDIST/DSETUP16.DLL	63248	7572cefb2e2494f0adb47ccac8921c14
Program/REDIST/DSETUP32.DLL	51712	808d6587d9bb857d047c551e86f383c7
Program/REDIST/dxmedia.doc	5758	4d037e5e1bf978fa13d00e8982b39f6f
Program/REDIST/license.doc	18304	74b257d4a8423b67a12b6a1c12ca0dfc
Program/REDIST/mplayer.doc	16315	f65cc7178dfa7813a33d07c743cd31cc
Program/REDIST/redist.txt	975	9d67eceec71668e1f230e3e9d929cef3
Program/REDIST/x86/DXMEDIA.exe	4703784	418db4f1d7355a0e23c9dad136abcfb0
Program/REDIST/x86/dxtxtra.exe	925920	1cdd75511d61e343adddcfcdcd111ee1
Program/REDIST/x86/ldxmedia.exe	78910	c328b334ce0bcc861d5b2ec654a7a812
Program/REDIST/x86/MPLAYER/ENGLISH/IE4orLaterRequired/mpie4ful.exe	2503448	64f9ffb0a564ab76befa770417d3912e
Program/REDIST/x86/MPLAYER/ENGLISH/IE4orLaterRequired/mpie4min.exe	1203480	9c1ca8259d151eb7b1ef1e6b19f2263a
Program/REDIST/x86/MPLAYER/ENGLISH/IE4orLaterRequired/mpie4std.exe	1602328	f6f1ae84512cdc899b509cdeacaa866f
Program/REDIST/x86/MPLAYER/ENGLISH/Non-IE4/mpfull.exe	4179224	54ad5194cbb3c715f571f362d2a25969
Program/REDIST/x86/MPLAYER/ENGLISH/Non-IE4/mpmin.exe	3417368	6b5668cbf42b74c7d1efa199aae8c47e
Program/REDIST/x86/MPLAYER/ENGLISH/Non-IE4/mpstd.exe	3812120	ead7c7c3359eb3cce20ea0d22c752c0c
Program/SETUP.INI	64	c7dafe41552750088d8ce8579f078614
Program/setup.ins	61143	29d1ed50c13e18f2831ce6cd39b011df
Program/setup.lid	49	d608d8eafa8b819c16cc75ab983f3c1c
Program/tools/gregistry.exe	379904	0b0748f679f74aa7b45d2331a804775a
Program/tools/inifile/gilbert.ini	1315	fc898301a6741750631821173dd612ff
Program/vejledning.pdf	618400	22142856cc0c7834f6e1ebdb97f2078c
Setup.EXE	78906	4805fd84133b79230c7f8e754a37417d
Splash.exe	114688	3a2a3b6e9cc264f054b09d6266f3cf31
